Uninstalled 1 package in 17ms
warning: Failed to hardlink files; falling back to full copy. This may lead to degraded performance.
         If the cache and target directories are on different filesystems, hardlinking may not be supported.
         If this is intentional, set `export UV_LINK_MODE=copy` or use `--link-mode=copy` to suppress this warning.
Installed 1 package in 65ms
[2025-11-11 11:53:33,520] INFO: Generation job args: Namespace(task='ti2v-5B', size='1280*704', frame_num=3, ckpt_dir='./Wan2.2-TI2V-5B', offload_model=True, ulysses_size=1, t5_fsdp=False, t5_cpu=False, dit_fsdp=False, save_file=None, prompt="Summer beach vacation style, a white cat wearing sunglasses sits on a surfboard. The fluffy-furred feline gazes directly at the camera with a relaxed expression. Blurred beach scenery forms the background featuring crystal-clear waters, distant green hills, and a blue sky dotted with white clouds. The cat assumes a naturally relaxed posture, as if savoring the sea breeze and warm sunlight. A close-up shot highlights the feline's intricate details and the refreshing atmosphere of the seaside.", use_prompt_extend=False, prompt_extend_method='local_qwen', prompt_extend_model=None, prompt_extend_target_lang='zh', base_seed=5276889401664338568, image='examples/i2v_input.JPG', sample_solver='unipc', sample_steps=50, sample_shift=5.0, sample_guide_scale=5.0, convert_model_dtype=True, src_root_path=None, refert_num=77, replace_flag=False, use_relighting_lora=False, num_clip=None, audio=None, enable_tts=False, tts_prompt_audio=None, tts_prompt_text=None, tts_text=None, pose_video=None, start_from_ref=False, infer_frames=80)
[2025-11-11 11:53:33,520] INFO: Generation model config: {'__name__': 'Config: Wan TI2V 5B', 't5_model': 'umt5_xxl', 't5_dtype': torch.bfloat16, 'text_len': 512, 'param_dtype': torch.bfloat16, 'num_train_timesteps': 1000, 'sample_fps': 24, 'sample_neg_prompt': '色调艳丽，过曝，静态，细节模糊不清，字幕，风格，作品，画作，画面，静止，整体发灰，最差质量，低质量，JPEG压缩残留，丑陋的，残缺的，多余的手指，画得不好的手部，画得不好的脸部，畸形的，毁容的，形态畸形的肢体，手指融合，静止不动的画面，杂乱的背景，三条腿，背景人很多，倒着走', 'frame_num': 121, 't5_checkpoint': 'models_t5_umt5-xxl-enc-bf16.pth', 't5_tokenizer': 'google/umt5-xxl', 'vae_checkpoint': 'Wan2.2_VAE.pth', 'vae_stride': (4, 16, 16), 'patch_size': (1, 2, 2), 'dim': 3072, 'ffn_dim': 14336, 'freq_dim': 256, 'num_heads': 24, 'num_layers': 30, 'window_size': (-1, -1), 'qk_norm': True, 'cross_attn_norm': True, 'eps': 1e-06, 'sample_shift': 5.0, 'sample_steps': 50, 'sample_guide_scale': 5.0}
[2025-11-11 11:53:33,520] INFO: Input prompt: Summer beach vacation style, a white cat wearing sunglasses sits on a surfboard. The fluffy-furred feline gazes directly at the camera with a relaxed expression. Blurred beach scenery forms the background featuring crystal-clear waters, distant green hills, and a blue sky dotted with white clouds. The cat assumes a naturally relaxed posture, as if savoring the sea breeze and warm sunlight. A close-up shot highlights the feline's intricate details and the refreshing atmosphere of the seaside.
[2025-11-11 11:53:33,534] INFO: Input image: examples/i2v_input.JPG
[2025-11-11 11:53:33,534] INFO: Creating WanTI2V pipeline.
[2025-11-11 11:54:22,368] INFO: loading ./Wan2.2-TI2V-5B/models_t5_umt5-xxl-enc-bf16.pth
[2025-11-11 11:54:29,984] INFO: loading ./Wan2.2-TI2V-5B/Wan2.2_VAE.pth
[2025-11-11 11:54:32,193] INFO: Creating WanModel from ./Wan2.2-TI2V-5B
Loading checkpoint shards:   0%|          | 0/3 [00:00<?, ?it/s]Loading checkpoint shards: 100%|██████████| 3/3 [00:00<00:00, 57.95it/s]
[2025-11-11 11:54:32,306] INFO: Generating video ...
MIOpen(HIP): Info [get_device_name] Raw device name: gfx1100
MIOpen(HIP): Info [Handle] stream: 0, device_id: 0
MIOpen(HIP): Info [get_device_name] Raw device name: gfx1100
MIOpen(HIP): Info [SetStream] stream: 0, device_id: 0
MIOpen(HIP): miopenStatus_t miopenCreateTensorDescriptor(miopenTensorDescriptor_t *){
MIOpen(HIP): 	tensorDesc = 0x5
MIOpen(HIP): }
MIOpen(HIP): miopenStatus_t miopenSetTensorDescriptor(miopenTensorDescriptor_t, miopenDataType_t, int, const int *, const int *){
MIOpen(HIP): 	tensorDesc = {}, {}, packed, 
MIOpen(HIP): 	dataType = 5
MIOpen(HIP): 	nbDims = 5
MIOpen(HIP): 	dim.values = { 1 12 3 546 402 }
MIOpen(HIP): 	stride.values = { 7901712 1 2633904 4824 12 }
MIOpen(HIP): }
MIOpen(HIP): miopenStatus_t miopenCreateTensorDescriptor(miopenTensorDescriptor_t *){
MIOpen(HIP): 	tensorDesc = 0x12d8002830b0
MIOpen(HIP): }
MIOpen(HIP): miopenStatus_t miopenSetTensorDescriptor(miopenTensorDescriptor_t, miopenDataType_t, int, const int *, const int *){
MIOpen(HIP): 	tensorDesc = {}, {}, packed, 
MIOpen(HIP): 	dataType = 5
MIOpen(HIP): 	nbDims = 5
MIOpen(HIP): 	dim.values = { 160 12 3 3 3 }
MIOpen(HIP): 	stride.values = { 324 1 108 36 12 }
MIOpen(HIP): }
MIOpen(HIP): miopenStatus_t miopenCreateTensorDescriptor(miopenTensorDescriptor_t *){
MIOpen(HIP): 	tensorDesc = 0x7d7626d37df6
MIOpen(HIP): }
MIOpen(HIP): miopenStatus_t miopenSetTensorDescriptor(miopenTensorDescriptor_t, miopenDataType_t, int, const int *, const int *){
MIOpen(HIP): 	tensorDesc = {}, {}, packed, 
MIOpen(HIP): 	dataType = 5
MIOpen(HIP): 	nbDims = 5
MIOpen(HIP): 	dim.values = { 1 160 1 544 400 }
MIOpen(HIP): 	stride.values = { 34816000 1 34816000 64000 160 }
MIOpen(HIP): }
MIOpen(HIP): miopenStatus_t miopenCreateConvolutionDescriptor(miopenConvolutionDescriptor_t *){
MIOpen(HIP): 	convDesc = 0x7ffd68b9f810
MIOpen(HIP): }
MIOpen(HIP): Info [] MIOPEN_FIND_MODE = DYNAMIC_HYBRID(5)
MIOpen(HIP): miopenStatus_t miopenInitConvolutionNdDescriptor(miopenConvolutionDescriptor_t, int, const int *, const int *, const int *, miopenConvolutionMode_t){
MIOpen(HIP): 	convDesc = conv2d, miopenConvolution, miopenPaddingDefault, {0, 0}, {1, 1}, {1, 1}, 
MIOpen(HIP): 	spatialDim = 3
MIOpen(HIP): 	pads = { 0 0 0 }
MIOpen(HIP): 	strides = { 1 1 1 }
MIOpen(HIP): 	dilations = { 1 1 1 }
MIOpen(HIP): 	c_mode = 0
MIOpen(HIP): }
MIOpen(HIP): miopenStatus_t miopenSetConvolutionGroupCount(miopenConvolutionDescriptor_t, int){
MIOpen(HIP): 	convDesc = conv3d, miopenConvolution, miopenPaddingDefault, {0, 0, 0}, {1, 1, 1}, {1, 1, 1}, 
MIOpen(HIP): 	groupCount = 1
MIOpen(HIP): }
MIOpen(HIP): miopenStatus_t miopenSetConvolutionAttribute(miopenConvolutionDescriptor_t, const miopenConvolutionAttrib_t, const int){
MIOpen(HIP): 	convDesc = conv3d, miopenConvolution, miopenPaddingDefault, {0, 0, 0}, {1, 1, 1}, {1, 1, 1}, 
MIOpen(HIP): 	attr = 1
MIOpen(HIP): 	value = 0
MIOpen(HIP): }
MIOpen(HIP): miopenStatus_t miopenConvolutionForwardGetWorkSpaceSize(miopenHandle_t, const miopenTensorDescriptor_t, const miopenTensorDescriptor_t, const miopenConvolutionDescriptor_t, const miopenTensorDescriptor_t, size_t *){
MIOpen(HIP): 	handle = stream: 0, device_id: 0
MIOpen(HIP): 	wDesc = {160, 12, 3, 3, 3}, {324, 1, 108, 36, 12}, packed, 
MIOpen(HIP): 	xDesc = {1, 12, 3, 546, 402}, {7901712, 1, 2633904, 4824, 12}, packed, 
MIOpen(HIP): 	convDesc = conv3d, miopenConvolution, miopenPaddingDefault, {0, 0, 0}, {1, 1, 1}, {1, 1, 1}, 
MIOpen(HIP): 	yDesc = {1, 160, 1, 544, 400}, {34816000, 1, 34816000, 64000, 160}, packed, 
MIOpen(HIP): }
MIOpen(HIP): Info [AmdRocmMetadataVersionDetect] ROCm MD version AMDHSA_COv3, HIP version 6.4.43484, MIOpen version 3.5.1.0058ca1bec-dirty
MIOpen(HIP): Info2 [GetWorkSpaceSize] 
MIOpen(HIP): Info [GetSolutions] 
MIOpen(HIP): Info [IsNetworkedFilesystem] Filesystem type at '"/root/.config/miopen/"' is: 0x794c7630 'OVERLAYFS_SUPER_MAGIC'
MIOpen(HIP): Info2 [GetLibPath] Lib Path: "/workspace/repo/rocm-libraries/projects/miopen/build/lib/libMIOpen.so.1.0"
MIOpen(HIP): Info2 [GetInstalledPathFile] inexact find database search
MIOpen(HIP): Info2 [GetInstalledPathFile] Iterating over find db directory "/workspace/repo/rocm-libraries/projects/miopen/build/share/miopen/db"
MIOpen(HIP): Info [Measure] ReadonlyRamDb::Prefetch time: 8e-05 ms
MIOpen(HIP): Info [Measure] RamDb::Prefetch time: 0.053823 ms
MIOpen(HIP): Info2 [ValidateUnsafe] DB file is older than cache: 534845152696299, 537696530279241
MIOpen(HIP): Info2 [FindRecordUnsafe] Looking for key 12-3-546-402-3x3x3-160-1-544-400-1-0x0x0-1x1x1-1x1x1-0-NDHWC-NDHWC-NDHWC-BF16-F in cache for file "/root/.config/miopen/gfx1100_48.HIP.3_5_1_41dcdea279-dirty.ufdb.txt"
MIOpen(HIP): Info2 [Measure] Db::FindRecord time: 0.059533 ms
MIOpen(HIP): Info2 [GetSolutions] ConvHipImplicitGemm3DChannelLastFwdWmmaops
MIOpen(HIP): Info [GetWorkSpaceSize] 0
MIOpen(HIP): miopenStatus_t miopenFindConvolutionForwardAlgorithm(miopenHandle_t, const miopenTensorDescriptor_t, const void *, const miopenTensorDescriptor_t, const void *, const miopenConvolutionDescriptor_t, const miopenTensorDescriptor_t, void *, const int, int *, miopenConvAlgoPerf_t *, void *, size_t, bool){
MIOpen(HIP): 	handle = stream: 0, device_id: 0
MIOpen(HIP): 	xDesc = {1, 12, 3, 546, 402}, {7901712, 1, 2633904, 4824, 12}, packed, 
MIOpen(HIP): 	x = 0x7d6d21a00000
MIOpen(HIP): 	wDesc = {160, 12, 3, 3, 3}, {324, 1, 108, 36, 12}, packed, 
MIOpen(HIP): 	w = 0x7d6ded3c8000
MIOpen(HIP): 	convDesc = conv3d, miopenConvolution, miopenPaddingDefault, {0, 0, 0}, {1, 1, 1}, {1, 1, 1}, 
MIOpen(HIP): 	yDesc = {1, 160, 1, 544, 400}, {34816000, 1, 34816000, 64000, 160}, packed, 
MIOpen(HIP): 	y = 0x7d6d30200000
MIOpen(HIP): 	requestAlgoCount = 1
MIOpen(HIP): 	returnedAlgoCount = 32765
MIOpen(HIP): 	perfResults = 
MIOpen(HIP): 	workSpace = nullptr
MIOpen(HIP): 	workSpaceSize = 0
MIOpen(HIP): 	exhaustiveSearch = 0
MIOpen(HIP): }
MIOpen(HIP): Command [LogCmdFindConvolution] ./bin/MIOpenDriver convbfp16 -n 1 -c 12 --in_d 3 -H 546 -W 402 -k 160 --fil_d 3 -y 3 -x 3 --pad_d 0 -p 0 -q 0 --conv_stride_d 1 -u 1 -v 1 --dilation_d 1 -l 1 -j 1 --spatial_dim 3 --in_layout NDHWC --fil_layout NDHWC --out_layout NDHWC -m conv -g 1 -F 1 -t 1
MIOpen(HIP): Info [FindConvFwdAlgorithm] requestAlgoCount = 1, workspace = 0
MIOpen(HIP): Info [GetSolutions] 
MIOpen(HIP): Info2 [ValidateUnsafe] DB file is older than cache: 534845152696299, 537696530279241
MIOpen(HIP): Info2 [FindRecordUnsafe] Looking for key 12-3-546-402-3x3x3-160-1-544-400-1-0x0x0-1x1x1-1x1x1-0-NDHWC-NDHWC-NDHWC-BF16-F in cache for file "/root/.config/miopen/gfx1100_48.HIP.3_5_1_41dcdea279-dirty.ufdb.txt"
MIOpen(HIP): Info2 [Measure] Db::FindRecord time: 0.044942 ms
MIOpen(HIP): Info2 [GetSolutions] ConvHipImplicitGemm3DChannelLastFwdWmmaops
MIOpen(HIP): Info2 [GetInvoker] Returning an invoker for problem 12x3x546x402x3x3x3x160x1x544x400x1xNDHWCxNDHWCxNDHWCxBF16x0x0x0x1x1x1x1x1x1x1xFxDefault and solver ConvHipImplicitGemm3DChannelLastFwdWmmaops
MIOpen(HIP): Info [FindSolutionImpl] ConvHipImplicitGemm3DChannelLastFwdWmmaops
MIOpen(HIP): Info2 [GetPerfDbPathFile] inexact perf database search
MIOpen(HIP): Info2 [GetPerfDbPathFile] Iterating over perf db directory "/workspace/repo/rocm-libraries/projects/miopen/build/share/miopen/db"
MIOpen(HIP): Info [Prefetch] File is unreadable: "/root/.config/miopen/gfx1100_48.HIP.3_5_1_41dcdea279-dirty.udb.txt"
MIOpen(HIP): Info [Measure] RamDb::Prefetch time: 0.017361 ms
MIOpen(HIP): Info2 [FindRecordUnsafe] Looking for key 3x12x546x402x3x3x3x3x160x1x0x0x0x1x1x1x1x1x1x0x1xNDHWCxBF16xF in cache for file "/root/.config/miopen/gfx1100_48.HIP.3_5_1_41dcdea279-dirty.udb.txt"
MIOpen(HIP): Info2 [FindRecord] Looking for key 12-3-546-402-3x3x3-160-1-544-400-1-0x0x0-1x1x1-1x1x1-0-NDHWC-NDHWC-NDHWC-BF16-F in file ""
MIOpen(HIP): Info2 [Measure] Db::Load time: 0.021132 ms
MIOpen(HIP): Info [FindSolutionImpl] Perf Db: record not found for: ConvHipImplicitGemm3DChannelLastFwdWmmaops
MIOpen(HIP): Info2 [Register] Invoker registered for algorithm 12x3x546x402x3x3x3x160x1x544x400x1xNDHWCxNDHWCxNDHWCxBF16x0x0x0x1x1x1x1x1x1x1xFxDefault and solver ConvHipImplicitGemm3DChannelLastFwdWmmaops
MIOpen(HIP): Info2 [SetAsFound1_0] Solver ConvHipImplicitGemm3DChannelLastFwdWmmaops registered as find 1.0 best for miopenConvolutionFwdAlgoImplicitGEMM in 12x3x546x402x3x3x3x160x1x544x400x1xNDHWCxNDHWCxNDHWCxBF16x0x0x0x1x1x1x1x1x1x1xFxDefault
MIOpen(HIP): Info [FindConvolution] miopenConvolutionFwdAlgoImplicitGEMM	4.0217	0
MIOpen(HIP): Info [FillFindReturnParameters] FW Chosen Algorithm: ConvHipImplicitGemm3DChannelLastFwdWmmaops , 0, 4.0217
MIOpen(HIP): miopenStatus_t miopenConvolutionForward(miopenHandle_t, const void *, const miopenTensorDescriptor_t, const void *, const miopenTensorDescriptor_t, const void *, const miopenConvolutionDescriptor_t, miopenConvFwdAlgorithm_t, const void *, const miopenTensorDescriptor_t, void *, void *, size_t){
MIOpen(HIP): 	handle = stream: 0, device_id: 0
MIOpen(HIP): 	alpha = 0x7ffd68b9f558
MIOpen(HIP): 	xDesc = {1, 12, 3, 546, 402}, {7901712, 1, 2633904, 4824, 12}, packed, 
MIOpen(HIP): 	x = 0x7d6d21a00000
MIOpen(HIP): 	wDesc = {160, 12, 3, 3, 3}, {324, 1, 108, 36, 12}, packed, 
MIOpen(HIP): 	w = 0x7d6ded3c8000
MIOpen(HIP): 	convDesc = conv3d, miopenConvolution, miopenPaddingDefault, {0, 0, 0}, {1, 1, 1}, {1, 1, 1}, 
MIOpen(HIP): 	algo = 5
MIOpen(HIP): 	beta = 0x7ffd68b9f560
MIOpen(HIP): 	yDesc = {1, 160, 1, 544, 400}, {34816000, 1, 34816000, 64000, 160}, packed, 
MIOpen(HIP): 	y = 0x7d6d30200000
MIOpen(HIP): 	workSpace = nullptr
MIOpen(HIP): 	workSpaceSize = 0
MIOpen(HIP): }
MIOpen(HIP): Command [LogCmdConvolution] ./bin/MIOpenDriver convbfp16 -n 1 -c 12 --in_d 3 -H 546 -W 402 -k 160 --fil_d 3 -y 3 -x 3 --pad_d 0 -p 0 -q 0 --conv_stride_d 1 -u 1 -v 1 --dilation_d 1 -l 1 -j 1 --spatial_dim 3 --in_layout NDHWC --fil_layout NDHWC --out_layout NDHWC -m conv -g 1 -F 1 -t 1
MIOpen(HIP): Info [ConvolutionForward] algo = 5, workspace = 0
MIOpen(HIP): Info2 [GetInvoker] Returning an invoker for problem 12x3x546x402x3x3x3x160x1x544x400x1xNDHWCxNDHWCxNDHWCxBF16x0x0x0x1x1x1x1x1x1x1xFxDefault and algorithm miopenConvolutionFwdAlgoImplicitGEMM
MIOpen(HIP): miopenStatus_t miopenDestroyConvolutionDescriptor(miopenConvolutionDescriptor_t){
MIOpen(HIP): 	convDesc = conv3d, miopenConvolution, miopenPaddingDefault, {0, 0, 0}, {1, 1, 1}, {1, 1, 1}, 
MIOpen(HIP): }
MIOpen(HIP): miopenStatus_t miopenDestroyTensorDescriptor(miopenTensorDescriptor_t){
MIOpen(HIP): 	tensorDesc = {160, 12, 3, 3, 3}, {324, 1, 108, 36, 12}, packed, 
MIOpen(HIP): }
MIOpen(HIP): miopenStatus_t miopenDestroyTensorDescriptor(miopenTensorDescriptor_t){
MIOpen(HIP): 	tensorDesc = {1, 160, 1, 544, 400}, {34816000, 1, 34816000, 64000, 160}, packed, 
MIOpen(HIP): }
MIOpen(HIP): miopenStatus_t miopenDestroyTensorDescriptor(miopenTensorDescriptor_t){
MIOpen(HIP): 	tensorDesc = {1, 12, 3, 546, 402}, {7901712, 1, 2633904, 4824, 12}, packed, 
MIOpen(HIP): }
MIOpen(HIP): Info [get_device_name] Raw device name: gfx1100
MIOpen(HIP): Info [SetStream] stream: 0, device_id: 0
MIOpen(HIP): miopenStatus_t miopenCreateTensorDescriptor(miopenTensorDescriptor_t *){
MIOpen(HIP): 	tensorDesc = 0x5
MIOpen(HIP): }
MIOpen(HIP): miopenStatus_t miopenSetTensorDescriptor(miopenTensorDescriptor_t, miopenDataType_t, int, const int *, const int *){
MIOpen(HIP): 	tensorDesc = {}, {}, packed, 
MIOpen(HIP): 	dataType = 5
MIOpen(HIP): 	nbDims = 5
MIOpen(HIP): 	dim.values = { 1 160 3 546 402 }
MIOpen(HIP): 	stride.values = { 105356160 1 35118720 64320 160 }
MIOpen(HIP): }
MIOpen(HIP): miopenStatus_t miopenCreateTensorDescriptor(miopenTensorDescriptor_t *){
MIOpen(HIP): 	tensorDesc = 0xfb400217de80
MIOpen(HIP): }
MIOpen(HIP): miopenStatus_t miopenSetTensorDescriptor(miopenTensorDescriptor_t, miopenDataType_t, int, const int *, const int *){
MIOpen(HIP): 	tensorDesc = {}, {}, packed, 
MIOpen(HIP): 	dataType = 5
MIOpen(HIP): 	nbDims = 5
MIOpen(HIP): 	dim.values = { 160 160 3 3 3 }
MIOpen(HIP): 	stride.values = { 4320 1 1440 480 160 }
MIOpen(HIP): }
MIOpen(HIP): miopenStatus_t miopenCreateTensorDescriptor(miopenTensorDescriptor_t *){
MIOpen(HIP): 	tensorDesc = 0x7d7626d37df6
MIOpen(HIP): }
MIOpen(HIP): miopenStatus_t miopenSetTensorDescriptor(miopenTensorDescriptor_t, miopenDataType_t, int, const int *, const int *){
MIOpen(HIP): 	tensorDesc = {}, {}, packed, 
MIOpen(HIP): 	dataType = 5
MIOpen(HIP): 	nbDims = 5
MIOpen(HIP): 	dim.values = { 1 160 1 544 400 }
MIOpen(HIP): 	stride.values = { 34816000 1 34816000 64000 160 }
MIOpen(HIP): }
MIOpen(HIP): miopenStatus_t miopenCreateConvolutionDescriptor(miopenConvolutionDescriptor_t *){
MIOpen(HIP): 	convDesc = 0x7ffd68b9e790
MIOpen(HIP): }
MIOpen(HIP): miopenStatus_t miopenInitConvolutionNdDescriptor(miopenConvolutionDescriptor_t, int, const int *, const int *, const int *, miopenConvolutionMode_t){
MIOpen(HIP): 	convDesc = conv2d, miopenConvolution, miopenPaddingDefault, {0, 0}, {1, 1}, {1, 1}, 
MIOpen(HIP): 	spatialDim = 3
MIOpen(HIP): 	pads = { 0 0 0 }
MIOpen(HIP): 	strides = { 1 1 1 }
MIOpen(HIP): 	dilations = { 1 1 1 }
MIOpen(HIP): 	c_mode = 0
MIOpen(HIP): }
MIOpen(HIP): miopenStatus_t miopenSetConvolutionGroupCount(miopenConvolutionDescriptor_t, int){
MIOpen(HIP): 	convDesc = conv3d, miopenConvolution, miopenPaddingDefault, {0, 0, 0}, {1, 1, 1}, {1, 1, 1}, 
MIOpen(HIP): 	groupCount = 1
MIOpen(HIP): }
MIOpen(HIP): miopenStatus_t miopenSetConvolutionAttribute(miopenConvolutionDescriptor_t, const miopenConvolutionAttrib_t, const int){
MIOpen(HIP): 	convDesc = conv3d, miopenConvolution, miopenPaddingDefault, {0, 0, 0}, {1, 1, 1}, {1, 1, 1}, 
MIOpen(HIP): 	attr = 1
MIOpen(HIP): 	value = 0
MIOpen(HIP): }
MIOpen(HIP): miopenStatus_t miopenConvolutionForwardGetWorkSpaceSize(miopenHandle_t, const miopenTensorDescriptor_t, const miopenTensorDescriptor_t, const miopenConvolutionDescriptor_t, const miopenTensorDescriptor_t, size_t *){
MIOpen(HIP): 	handle = stream: 0, device_id: 0
MIOpen(HIP): 	wDesc = {160, 160, 3, 3, 3}, {4320, 1, 1440, 480, 160}, packed, 
MIOpen(HIP): 	xDesc = {1, 160, 3, 546, 402}, {105356160, 1, 35118720, 64320, 160}, packed, 
MIOpen(HIP): 	convDesc = conv3d, miopenConvolution, miopenPaddingDefault, {0, 0, 0}, {1, 1, 1}, {1, 1, 1}, 
MIOpen(HIP): 	yDesc = {1, 160, 1, 544, 400}, {34816000, 1, 34816000, 64000, 160}, packed, 
MIOpen(HIP): }
MIOpen(HIP): Info2 [GetWorkSpaceSize] 
MIOpen(HIP): Info [GetSolutions] 
MIOpen(HIP): Info2 [ValidateUnsafe] DB file is older than cache: 534845152696299, 537696530279241
MIOpen(HIP): Info2 [FindRecordUnsafe] Looking for key 160-3-546-402-3x3x3-160-1-544-400-1-0x0x0-1x1x1-1x1x1-0-NDHWC-NDHWC-NDHWC-BF16-F in cache for file "/root/.config/miopen/gfx1100_48.HIP.3_5_1_41dcdea279-dirty.ufdb.txt"
MIOpen(HIP): Info2 [Measure] Db::FindRecord time: 0.067754 ms
MIOpen(HIP): Info2 [GetSolutions] ConvHipImplicitGemm3DChannelLastFwdWmmaops
MIOpen(HIP): Info [GetWorkSpaceSize] 0
MIOpen(HIP): miopenStatus_t miopenFindConvolutionForwardAlgorithm(miopenHandle_t, const miopenTensorDescriptor_t, const void *, const miopenTensorDescriptor_t, const void *, const miopenConvolutionDescriptor_t, const miopenTensorDescriptor_t, void *, const int, int *, miopenConvAlgoPerf_t *, void *, size_t, bool){
MIOpen(HIP): 	handle = stream: 0, device_id: 0
MIOpen(HIP): 	xDesc = {1, 160, 3, 546, 402}, {105356160, 1, 35118720, 64320, 160}, packed, 
MIOpen(HIP): 	x = 0x7d7027400000
MIOpen(HIP): 	wDesc = {160, 160, 3, 3, 3}, {4320, 1, 1440, 480, 160}, packed, 
MIOpen(HIP): 	w = 0x7d6dfec75000
MIOpen(HIP): 	convDesc = conv3d, miopenConvolution, miopenPaddingDefault, {0, 0, 0}, {1, 1, 1}, {1, 1, 1}, 
MIOpen(HIP): 	yDesc = {1, 160, 1, 544, 400}, {34816000, 1, 34816000, 64000, 160}, packed, 
MIOpen(HIP): 	y = 0x7d7022e00000
MIOpen(HIP): 	requestAlgoCount = 1
MIOpen(HIP): 	returnedAlgoCount = 32765
MIOpen(HIP): 	perfResults = 
MIOpen(HIP): 	workSpace = nullptr
MIOpen(HIP): 	workSpaceSize = 0
MIOpen(HIP): 	exhaustiveSearch = 0
MIOpen(HIP): }
MIOpen(HIP): Command [LogCmdFindConvolution] ./bin/MIOpenDriver convbfp16 -n 1 -c 160 --in_d 3 -H 546 -W 402 -k 160 --fil_d 3 -y 3 -x 3 --pad_d 0 -p 0 -q 0 --conv_stride_d 1 -u 1 -v 1 --dilation_d 1 -l 1 -j 1 --spatial_dim 3 --in_layout NDHWC --fil_layout NDHWC --out_layout NDHWC -m conv -g 1 -F 1 -t 1
MIOpen(HIP): Info [FindConvFwdAlgorithm] requestAlgoCount = 1, workspace = 0
MIOpen(HIP): Info [GetSolutions] 
MIOpen(HIP): Info2 [ValidateUnsafe] DB file is older than cache: 534845152696299, 537696530279241
MIOpen(HIP): Info2 [FindRecordUnsafe] Looking for key 160-3-546-402-3x3x3-160-1-544-400-1-0x0x0-1x1x1-1x1x1-0-NDHWC-NDHWC-NDHWC-BF16-F in cache for file "/root/.config/miopen/gfx1100_48.HIP.3_5_1_41dcdea279-dirty.ufdb.txt"
MIOpen(HIP): Info2 [Measure] Db::FindRecord time: 0.041482 ms
MIOpen(HIP): Info2 [GetSolutions] ConvHipImplicitGemm3DChannelLastFwdWmmaops
MIOpen(HIP): Info2 [GetInvoker] Returning an invoker for problem 160x3x546x402x3x3x3x160x1x544x400x1xNDHWCxNDHWCxNDHWCxBF16x0x0x0x1x1x1x1x1x1x1xFxDefault and solver ConvHipImplicitGemm3DChannelLastFwdWmmaops
MIOpen(HIP): Info [FindSolutionImpl] ConvHipImplicitGemm3DChannelLastFwdWmmaops
MIOpen(HIP): Info2 [FindRecordUnsafe] Looking for key 3x160x546x402x3x3x3x3x160x1x0x0x0x1x1x1x1x1x1x0x1xNDHWCxBF16xF in cache for file "/root/.config/miopen/gfx1100_48.HIP.3_5_1_41dcdea279-dirty.udb.txt"
MIOpen(HIP): Info2 [FindRecord] Looking for key 160-3-546-402-3x3x3-160-1-544-400-1-0x0x0-1x1x1-1x1x1-0-NDHWC-NDHWC-NDHWC-BF16-F in file ""
MIOpen(HIP): Info2 [Measure] Db::Load time: 0.021432 ms
MIOpen(HIP): Info [FindSolutionImpl] Perf Db: record not found for: ConvHipImplicitGemm3DChannelLastFwdWmmaops
MIOpen(HIP): Info2 [Register] Invoker registered for algorithm 160x3x546x402x3x3x3x160x1x544x400x1xNDHWCxNDHWCxNDHWCxBF16x0x0x0x1x1x1x1x1x1x1xFxDefault and solver ConvHipImplicitGemm3DChannelLastFwdWmmaops
MIOpen(HIP): Info2 [SetAsFound1_0] Solver ConvHipImplicitGemm3DChannelLastFwdWmmaops registered as find 1.0 best for miopenConvolutionFwdAlgoImplicitGEMM in 160x3x546x402x3x3x3x160x1x544x400x1xNDHWCxNDHWCxNDHWCxBF16x0x0x0x1x1x1x1x1x1x1xFxDefault
MIOpen(HIP): Info [FindConvolution] miopenConvolutionFwdAlgoImplicitGEMM	51.3878	0
MIOpen(HIP): Info [FillFindReturnParameters] FW Chosen Algorithm: ConvHipImplicitGemm3DChannelLastFwdWmmaops , 0, 51.3878
MIOpen(HIP): miopenStatus_t miopenConvolutionForward(miopenHandle_t, const void *, const miopenTensorDescriptor_t, const void *, const miopenTensorDescriptor_t, const void *, const miopenConvolutionDescriptor_t, miopenConvFwdAlgorithm_t, const void *, const miopenTensorDescriptor_t, void *, void *, size_t){
MIOpen(HIP): 	handle = stream: 0, device_id: 0
MIOpen(HIP): 	alpha = 0x7ffd68b9e4d8
MIOpen(HIP): 	xDesc = {1, 160, 3, 546, 402}, {105356160, 1, 35118720, 64320, 160}, packed, 
MIOpen(HIP): 	x = 0x7d7027400000
MIOpen(HIP): 	wDesc = {160, 160, 3, 3, 3}, {4320, 1, 1440, 480, 160}, packed, 
MIOpen(HIP): 	w = 0x7d6dfec75000
MIOpen(HIP): 	convDesc = conv3d, miopenConvolution, miopenPaddingDefault, {0, 0, 0}, {1, 1, 1}, {1, 1, 1}, 
MIOpen(HIP): 	algo = 5
MIOpen(HIP): 	beta = 0x7ffd68b9e4e0
MIOpen(HIP): 	yDesc = {1, 160, 1, 544, 400}, {34816000, 1, 34816000, 64000, 160}, packed, 
MIOpen(HIP): 	y = 0x7d7022e00000
MIOpen(HIP): 	workSpace = nullptr
MIOpen(HIP): 	workSpaceSize = 0
MIOpen(HIP): }
MIOpen(HIP): Command [LogCmdConvolution] ./bin/MIOpenDriver convbfp16 -n 1 -c 160 --in_d 3 -H 546 -W 402 -k 160 --fil_d 3 -y 3 -x 3 --pad_d 0 -p 0 -q 0 --conv_stride_d 1 -u 1 -v 1 --dilation_d 1 -l 1 -j 1 --spatial_dim 3 --in_layout NDHWC --fil_layout NDHWC --out_layout NDHWC -m conv -g 1 -F 1 -t 1
MIOpen(HIP): Info [ConvolutionForward] algo = 5, workspace = 0
MIOpen(HIP): Info2 [GetInvoker] Returning an invoker for problem 160x3x546x402x3x3x3x160x1x544x400x1xNDHWCxNDHWCxNDHWCxBF16x0x0x0x1x1x1x1x1x1x1xFxDefault and algorithm miopenConvolutionFwdAlgoImplicitGEMM
MIOpen(HIP): miopenStatus_t miopenDestroyConvolutionDescriptor(miopenConvolutionDescriptor_t){
MIOpen(HIP): 	convDesc = conv3d, miopenConvolution, miopenPaddingDefault, {0, 0, 0}, {1, 1, 1}, {1, 1, 1}, 
MIOpen(HIP): }
MIOpen(HIP): miopenStatus_t miopenDestroyTensorDescriptor(miopenTensorDescriptor_t){
MIOpen(HIP): 	tensorDesc = {160, 160, 3, 3, 3}, {4320, 1, 1440, 480, 160}, packed, 
MIOpen(HIP): }
MIOpen(HIP): miopenStatus_t miopenDestroyTensorDescriptor(miopenTensorDescriptor_t){
MIOpen(HIP): 	tensorDesc = {1, 160, 1, 544, 400}, {34816000, 1, 34816000, 64000, 160}, packed, 
MIOpen(HIP): }
MIOpen(HIP): miopenStatus_t miopenDestroyTensorDescriptor(miopenTensorDescriptor_t){
MIOpen(HIP): 	tensorDesc = {1, 160, 3, 546, 402}, {105356160, 1, 35118720, 64320, 160}, packed, 
MIOpen(HIP): }
MIOpen(HIP): Info [get_device_name] Raw device name: gfx1100
MIOpen(HIP): Info [SetStream] stream: 0, device_id: 0
MIOpen(HIP): miopenStatus_t miopenCreateTensorDescriptor(miopenTensorDescriptor_t *){
MIOpen(HIP): 	tensorDesc = 0x5
MIOpen(HIP): }
MIOpen(HIP): miopenStatus_t miopenSetTensorDescriptor(miopenTensorDescriptor_t, miopenDataType_t, int, const int *, const int *){
MIOpen(HIP): 	tensorDesc = {}, {}, packed, 
MIOpen(HIP): 	dataType = 5
MIOpen(HIP): 	nbDims = 5
MIOpen(HIP): 	dim.values = { 1 160 3 546 402 }
MIOpen(HIP): 	stride.values = { 105356160 1 35118720 64320 160 }
MIOpen(HIP): }
MIOpen(HIP): miopenStatus_t miopenCreateTensorDescriptor(miopenTensorDescriptor_t *){
MIOpen(HIP): 	tensorDesc = 0xfb400217de80
MIOpen(HIP): }
MIOpen(HIP): miopenStatus_t miopenSetTensorDescriptor(miopenTensorDescriptor_t, miopenDataType_t, int, const int *, const int *){
MIOpen(HIP): 	tensorDesc = {}, {}, packed, 
MIOpen(HIP): 	dataType = 5
MIOpen(HIP): 	nbDims = 5
MIOpen(HIP): 	dim.values = { 160 160 3 3 3 }
MIOpen(HIP): 	stride.values = { 4320 1 1440 480 160 }
MIOpen(HIP): }
MIOpen(HIP): miopenStatus_t miopenCreateTensorDescriptor(miopenTensorDescriptor_t *){
MIOpen(HIP): 	tensorDesc = 0x7d7626d37df6
MIOpen(HIP): }
MIOpen(HIP): miopenStatus_t miopenSetTensorDescriptor(miopenTensorDescriptor_t, miopenDataType_t, int, const int *, const int *){
MIOpen(HIP): 	tensorDesc = {}, {}, packed, 
MIOpen(HIP): 	dataType = 5
MIOpen(HIP): 	nbDims = 5
MIOpen(HIP): 	dim.values = { 1 160 1 544 400 }
MIOpen(HIP): 	stride.values = { 34816000 1 34816000 64000 160 }
MIOpen(HIP): }
MIOpen(HIP): miopenStatus_t miopenCreateConvolutionDescriptor(miopenConvolutionDescriptor_t *){
MIOpen(HIP): 	convDesc = 0x7ffd68b9e790
MIOpen(HIP): }
MIOpen(HIP): miopenStatus_t miopenInitConvolutionNdDescriptor(miopenConvolutionDescriptor_t, int, const int *, const int *, const int *, miopenConvolutionMode_t){
MIOpen(HIP): 	convDesc = conv2d, miopenConvolution, miopenPaddingDefault, {0, 0}, {1, 1}, {1, 1}, 
MIOpen(HIP): 	spatialDim = 3
MIOpen(HIP): 	pads = { 0 0 0 }
MIOpen(HIP): 	strides = { 1 1 1 }
MIOpen(HIP): 	dilations = { 1 1 1 }
MIOpen(HIP): 	c_mode = 0
MIOpen(HIP): }
MIOpen(HIP): miopenStatus_t miopenSetConvolutionGroupCount(miopenConvolutionDescriptor_t, int){
MIOpen(HIP): 	convDesc = conv3d, miopenConvolution, miopenPaddingDefault, {0, 0, 0}, {1, 1, 1}, {1, 1, 1}, 
MIOpen(HIP): 	groupCount = 1
MIOpen(HIP): }
MIOpen(HIP): miopenStatus_t miopenSetConvolutionAttribute(miopenConvolutionDescriptor_t, const miopenConvolutionAttrib_t, const int){
MIOpen(HIP): 	convDesc = conv3d, miopenConvolution, miopenPaddingDefault, {0, 0, 0}, {1, 1, 1}, {1, 1, 1}, 
MIOpen(HIP): 	attr = 1
MIOpen(HIP): 	value = 0
MIOpen(HIP): }
MIOpen(HIP): miopenStatus_t miopenConvolutionForward(miopenHandle_t, const void *, const miopenTensorDescriptor_t, const void *, const miopenTensorDescriptor_t, const void *, const miopenConvolutionDescriptor_t, miopenConvFwdAlgorithm_t, const void *, const miopenTensorDescriptor_t, void *, void *, size_t){
MIOpen(HIP): 	handle = stream: 0, device_id: 0
MIOpen(HIP): 	alpha = 0x7ffd68b9e4d8
MIOpen(HIP): 	xDesc = {1, 160, 3, 546, 402}, {105356160, 1, 35118720, 64320, 160}, packed, 
MIOpen(HIP): 	x = 0x7d7016200000
MIOpen(HIP): 	wDesc = {160, 160, 3, 3, 3}, {4320, 1, 1440, 480, 160}, packed, 
MIOpen(HIP): 	w = 0x7d6dfec75000
MIOpen(HIP): 	convDesc = conv3d, miopenConvolution, miopenPaddingDefault, {0, 0, 0}, {1, 1, 1}, {1, 1, 1}, 
MIOpen(HIP): 	algo = 5
MIOpen(HIP): 	beta = 0x7ffd68b9e4e0
MIOpen(HIP): 	yDesc = {1, 160, 1, 544, 400}, {34816000, 1, 34816000, 64000, 160}, packed, 
MIOpen(HIP): 	y = 0x7d7022e00000
MIOpen(HIP): 	workSpace = nullptr
MIOpen(HIP): 	workSpaceSize = 0
MIOpen(HIP): }
MIOpen(HIP): Command [LogCmdConvolution] ./bin/MIOpenDriver convbfp16 -n 1 -c 160 --in_d 3 -H 546 -W 402 -k 160 --fil_d 3 -y 3 -x 3 --pad_d 0 -p 0 -q 0 --conv_stride_d 1 -u 1 -v 1 --dilation_d 1 -l 1 -j 1 --spatial_dim 3 --in_layout NDHWC --fil_layout NDHWC --out_layout NDHWC -m conv -g 1 -F 1 -t 1
MIOpen(HIP): Info [ConvolutionForward] algo = 5, workspace = 0
MIOpen(HIP): Info2 [GetInvoker] Returning an invoker for problem 160x3x546x402x3x3x3x160x1x544x400x1xNDHWCxNDHWCxNDHWCxBF16x0x0x0x1x1x1x1x1x1x1xFxDefault and algorithm miopenConvolutionFwdAlgoImplicitGEMM
MIOpen(HIP): miopenStatus_t miopenDestroyConvolutionDescriptor(miopenConvolutionDescriptor_t){
MIOpen(HIP): 	convDesc = conv3d, miopenConvolution, miopenPaddingDefault, {0, 0, 0}, {1, 1, 1}, {1, 1, 1}, 
MIOpen(HIP): }
MIOpen(HIP): miopenStatus_t miopenDestroyTensorDescriptor(miopenTensorDescriptor_t){
MIOpen(HIP): 	tensorDesc = {160, 160, 3, 3, 3}, {4320, 1, 1440, 480, 160}, packed, 
MIOpen(HIP): }
MIOpen(HIP): miopenStatus_t miopenDestroyTensorDescriptor(miopenTensorDescriptor_t){
MIOpen(HIP): 	tensorDesc = {1, 160, 1, 544, 400}, {34816000, 1, 34816000, 64000, 160}, packed, 
MIOpen(HIP): }
MIOpen(HIP): miopenStatus_t miopenDestroyTensorDescriptor(miopenTensorDescriptor_t){
MIOpen(HIP): 	tensorDesc = {1, 160, 3, 546, 402}, {105356160, 1, 35118720, 64320, 160}, packed, 
MIOpen(HIP): }
MIOpen(HIP): Info [get_device_name] Raw device name: gfx1100
MIOpen(HIP): Info [SetStream] stream: 0, device_id: 0
MIOpen(HIP): miopenStatus_t miopenCreateTensorDescriptor(miopenTensorDescriptor_t *){
MIOpen(HIP): 	tensorDesc = 0x5
MIOpen(HIP): }
MIOpen(HIP): miopenStatus_t miopenSetTensorDescriptor(miopenTensorDescriptor_t, miopenDataType_t, int, const int *, const int *){
MIOpen(HIP): 	tensorDesc = {}, {}, packed, 
MIOpen(HIP): 	dataType = 5
MIOpen(HIP): 	nbDims = 5
MIOpen(HIP): 	dim.values = { 1 160 3 546 402 }
MIOpen(HIP): 	stride.values = { 105356160 1 35118720 64320 160 }
MIOpen(HIP): }
MIOpen(HIP): miopenStatus_t miopenCreateTensorDescriptor(miopenTensorDescriptor_t *){
MIOpen(HIP): 	tensorDesc = 0xfb400217de80
MIOpen(HIP): }
MIOpen(HIP): miopenStatus_t miopenSetTensorDescriptor(miopenTensorDescriptor_t, miopenDataType_t, int, const int *, const int *){
MIOpen(HIP): 	tensorDesc = {}, {}, packed, 
MIOpen(HIP): 	dataType = 5
MIOpen(HIP): 	nbDims = 5
MIOpen(HIP): 	dim.values = { 160 160 3 3 3 }
MIOpen(HIP): 	stride.values = { 4320 1 1440 480 160 }
MIOpen(HIP): }
MIOpen(HIP): miopenStatus_t miopenCreateTensorDescriptor(miopenTensorDescriptor_t *){
MIOpen(HIP): 	tensorDesc = 0x7d7626d37df6
MIOpen(HIP): }
MIOpen(HIP): miopenStatus_t miopenSetTensorDescriptor(miopenTensorDescriptor_t, miopenDataType_t, int, const int *, const int *){
MIOpen(HIP): 	tensorDesc = {}, {}, packed, 
MIOpen(HIP): 	dataType = 5
MIOpen(HIP): 	nbDims = 5
MIOpen(HIP): 	dim.values = { 1 160 1 544 400 }
MIOpen(HIP): 	stride.values = { 34816000 1 34816000 64000 160 }
MIOpen(HIP): }
MIOpen(HIP): miopenStatus_t miopenCreateConvolutionDescriptor(miopenConvolutionDescriptor_t *){
MIOpen(HIP): 	convDesc = 0x7ffd68b9e790
MIOpen(HIP): }
MIOpen(HIP): miopenStatus_t miopenInitConvolutionNdDescriptor(miopenConvolutionDescriptor_t, int, const int *, const int *, const int *, miopenConvolutionMode_t){
MIOpen(HIP): 	convDesc = conv2d, miopenConvolution, miopenPaddingDefault, {0, 0}, {1, 1}, {1, 1}, 
MIOpen(HIP): 	spatialDim = 3
MIOpen(HIP): 	pads = { 0 0 0 }
MIOpen(HIP): 	strides = { 1 1 1 }
MIOpen(HIP): 	dilations = { 1 1 1 }
MIOpen(HIP): 	c_mode = 0
MIOpen(HIP): }
MIOpen(HIP): miopenStatus_t miopenSetConvolutionGroupCount(miopenConvolutionDescriptor_t, int){
MIOpen(HIP): 	convDesc = conv3d, miopenConvolution, miopenPaddingDefault, {0, 0, 0}, {1, 1, 1}, {1, 1, 1}, 
MIOpen(HIP): 	groupCount = 1
MIOpen(HIP): }
MIOpen(HIP): miopenStatus_t miopenSetConvolutionAttribute(miopenConvolutionDescriptor_t, const miopenConvolutionAttrib_t, const int){
MIOpen(HIP): 	convDesc = conv3d, miopenConvolution, miopenPaddingDefault, {0, 0, 0}, {1, 1, 1}, {1, 1, 1}, 
MIOpen(HIP): 	attr = 1
MIOpen(HIP): 	value = 0
MIOpen(HIP): }
MIOpen(HIP): miopenStatus_t miopenConvolutionForward(miopenHandle_t, const void *, const miopenTensorDescriptor_t, const void *, const miopenTensorDescriptor_t, const void *, const miopenConvolutionDescriptor_t, miopenConvFwdAlgorithm_t, const void *, const miopenTensorDescriptor_t, void *, void *, size_t){
MIOpen(HIP): 	handle = stream: 0, device_id: 0
MIOpen(HIP): 	alpha = 0x7ffd68b9e4d8
MIOpen(HIP): 	xDesc = {1, 160, 3, 546, 402}, {105356160, 1, 35118720, 64320, 160}, packed, 
MIOpen(HIP): 	x = 0x7d7009600000
MIOpen(HIP): 	wDesc = {160, 160, 3, 3, 3}, {4320, 1, 1440, 480, 160}, packed, 
MIOpen(HIP): 	w = 0x7d6dfec75000
MIOpen(HIP): 	convDesc = conv3d, miopenConvolution, miopenPaddingDefault, {0, 0, 0}, {1, 1, 1}, {1, 1, 1}, 
MIOpen(HIP): 	algo = 5
MIOpen(HIP): 	beta = 0x7ffd68b9e4e0
MIOpen(HIP): 	yDesc = {1, 160, 1, 544, 400}, {34816000, 1, 34816000, 64000, 160}, packed, 
MIOpen(HIP): 	y = 0x7d7022e00000
MIOpen(HIP): 	workSpace = nullptr
MIOpen(HIP): 	workSpaceSize = 0
MIOpen(HIP): }
MIOpen(HIP): Command [LogCmdConvolution] ./bin/MIOpenDriver convbfp16 -n 1 -c 160 --in_d 3 -H 546 -W 402 -k 160 --fil_d 3 -y 3 -x 3 --pad_d 0 -p 0 -q 0 --conv_stride_d 1 -u 1 -v 1 --dilation_d 1 -l 1 -j 1 --spatial_dim 3 --in_layout NDHWC --fil_layout NDHWC --out_layout NDHWC -m conv -g 1 -F 1 -t 1
MIOpen(HIP): Info [ConvolutionForward] algo = 5, workspace = 0
MIOpen(HIP): Info2 [GetInvoker] Returning an invoker for problem 160x3x546x402x3x3x3x160x1x544x400x1xNDHWCxNDHWCxNDHWCxBF16x0x0x0x1x1x1x1x1x1x1xFxDefault and algorithm miopenConvolutionFwdAlgoImplicitGEMM
MIOpen(HIP): miopenStatus_t miopenDestroyConvolutionDescriptor(miopenConvolutionDescriptor_t){
MIOpen(HIP): 	convDesc = conv3d, miopenConvolution, miopenPaddingDefault, {0, 0, 0}, {1, 1, 1}, {1, 1, 1}, 
MIOpen(HIP): }
MIOpen(HIP): miopenStatus_t miopenDestroyTensorDescriptor(miopenTensorDescriptor_t){
MIOpen(HIP): 	tensorDesc = {160, 160, 3, 3, 3}, {4320, 1, 1440, 480, 160}, packed, 
MIOpen(HIP): }
MIOpen(HIP): miopenStatus_t miopenDestroyTensorDescriptor(miopenTensorDescriptor_t){
MIOpen(HIP): 	tensorDesc = {1, 160, 1, 544, 400}, {34816000, 1, 34816000, 64000, 160}, packed, 
MIOpen(HIP): }
MIOpen(HIP): miopenStatus_t miopenDestroyTensorDescriptor(miopenTensorDescriptor_t){
MIOpen(HIP): 	tensorDesc = {1, 160, 3, 546, 402}, {105356160, 1, 35118720, 64320, 160}, packed, 
MIOpen(HIP): }
MIOpen(HIP): Info [get_device_name] Raw device name: gfx1100
MIOpen(HIP): Info [SetStream] stream: 0, device_id: 0
MIOpen(HIP): miopenStatus_t miopenCreateTensorDescriptor(miopenTensorDescriptor_t *){
MIOpen(HIP): 	tensorDesc = 0x5
MIOpen(HIP): }
MIOpen(HIP): miopenStatus_t miopenSetTensorDescriptor(miopenTensorDescriptor_t, miopenDataType_t, int, const int *, const int *){
MIOpen(HIP): 	tensorDesc = {}, {}, packed, 
MIOpen(HIP): 	dataType = 5
MIOpen(HIP): 	nbDims = 5
MIOpen(HIP): 	dim.values = { 1 160 3 546 402 }
MIOpen(HIP): 	stride.values = { 105356160 1 35118720 64320 160 }
MIOpen(HIP): }
MIOpen(HIP): miopenStatus_t miopenCreateTensorDescriptor(miopenTensorDescriptor_t *){
MIOpen(HIP): 	tensorDesc = 0xfb400217de80
MIOpen(HIP): }
MIOpen(HIP): miopenStatus_t miopenSetTensorDescriptor(miopenTensorDescriptor_t, miopenDataType_t, int, const int *, const int *){
MIOpen(HIP): 	tensorDesc = {}, {}, packed, 
MIOpen(HIP): 	dataType = 5
MIOpen(HIP): 	nbDims = 5
MIOpen(HIP): 	dim.values = { 160 160 3 3 3 }
MIOpen(HIP): 	stride.values = { 4320 1 1440 480 160 }
MIOpen(HIP): }
MIOpen(HIP): miopenStatus_t miopenCreateTensorDescriptor(miopenTensorDescriptor_t *){
MIOpen(HIP): 	tensorDesc = 0x7d7626d37df6
MIOpen(HIP): }
MIOpen(HIP): miopenStatus_t miopenSetTensorDescriptor(miopenTensorDescriptor_t, miopenDataType_t, int, const int *, const int *){
MIOpen(HIP): 	tensorDesc = {}, {}, packed, 
MIOpen(HIP): 	dataType = 5
MIOpen(HIP): 	nbDims = 5
MIOpen(HIP): 	dim.values = { 1 160 1 544 400 }
MIOpen(HIP): 	stride.values = { 34816000 1 34816000 64000 160 }
MIOpen(HIP): }
MIOpen(HIP): miopenStatus_t miopenCreateConvolutionDescriptor(miopenConvolutionDescriptor_t *){
MIOpen(HIP): 	convDesc = 0x7ffd68b9e790
MIOpen(HIP): }
MIOpen(HIP): miopenStatus_t miopenInitConvolutionNdDescriptor(miopenConvolutionDescriptor_t, int, const int *, const int *, const int *, miopenConvolutionMode_t){
MIOpen(HIP): 	convDesc = conv2d, miopenConvolution, miopenPaddingDefault, {0, 0}, {1, 1}, {1, 1}, 
MIOpen(HIP): 	spatialDim = 3
MIOpen(HIP): 	pads = { 0 0 0 }
MIOpen(HIP): 	strides = { 1 1 1 }
MIOpen(HIP): 	dilations = { 1 1 1 }
MIOpen(HIP): 	c_mode = 0
MIOpen(HIP): }
MIOpen(HIP): miopenStatus_t miopenSetConvolutionGroupCount(miopenConvolutionDescriptor_t, int){
MIOpen(HIP): 	convDesc = conv3d, miopenConvolution, miopenPaddingDefault, {0, 0, 0}, {1, 1, 1}, {1, 1, 1}, 
MIOpen(HIP): 	groupCount = 1
MIOpen(HIP): }
MIOpen(HIP): miopenStatus_t miopenSetConvolutionAttribute(miopenConvolutionDescriptor_t, const miopenConvolutionAttrib_t, const int){
MIOpen(HIP): 	convDesc = conv3d, miopenConvolution, miopenPaddingDefault, {0, 0, 0}, {1, 1, 1}, {1, 1, 1}, 
MIOpen(HIP): 	attr = 1
MIOpen(HIP): 	value = 0
MIOpen(HIP): }
MIOpen(HIP): miopenStatus_t miopenConvolutionForward(miopenHandle_t, const void *, const miopenTensorDescriptor_t, const void *, const miopenTensorDescriptor_t, const void *, const miopenConvolutionDescriptor_t, miopenConvFwdAlgorithm_t, const void *, const miopenTensorDescriptor_t, void *, void *, size_t){
MIOpen(HIP): 	handle = stream: 0, device_id: 0
MIOpen(HIP): 	alpha = 0x7ffd68b9e4d8
MIOpen(HIP): 	xDesc = {1, 160, 3, 546, 402}, {105356160, 1, 35118720, 64320, 160}, packed, 
MIOpen(HIP): 	x = 0x7d6ffca00000
MIOpen(HIP): 	wDesc = {160, 160, 3, 3, 3}, {4320, 1, 1440, 480, 160}, packed, 
MIOpen(HIP): 	w = 0x7d6dfec75000
MIOpen(HIP): 	convDesc = conv3d, miopenConvolution, miopenPaddingDefault, {0, 0, 0}, {1, 1, 1}, {1, 1, 1}, 
MIOpen(HIP): 	algo = 5
MIOpen(HIP): 	beta = 0x7ffd68b9e4e0
MIOpen(HIP): 	yDesc = {1, 160, 1, 544, 400}, {34816000, 1, 34816000, 64000, 160}, packed, 
MIOpen(HIP): 	y = 0x7d7022e00000
MIOpen(HIP): 	workSpace = nullptr
MIOpen(HIP): 	workSpaceSize = 0
MIOpen(HIP): }
MIOpen(HIP): Command [LogCmdConvolution] ./bin/MIOpenDriver convbfp16 -n 1 -c 160 --in_d 3 -H 546 -W 402 -k 160 --fil_d 3 -y 3 -x 3 --pad_d 0 -p 0 -q 0 --conv_stride_d 1 -u 1 -v 1 --dilation_d 1 -l 1 -j 1 --spatial_dim 3 --in_layout NDHWC --fil_layout NDHWC --out_layout NDHWC -m conv -g 1 -F 1 -t 1
MIOpen(HIP): Info [ConvolutionForward] algo = 5, workspace = 0
MIOpen(HIP): Info2 [GetInvoker] Returning an invoker for problem 160x3x546x402x3x3x3x160x1x544x400x1xNDHWCxNDHWCxNDHWCxBF16x0x0x0x1x1x1x1x1x1x1xFxDefault and algorithm miopenConvolutionFwdAlgoImplicitGEMM
MIOpen(HIP): miopenStatus_t miopenDestroyConvolutionDescriptor(miopenConvolutionDescriptor_t){
MIOpen(HIP): 	convDesc = conv3d, miopenConvolution, miopenPaddingDefault, {0, 0, 0}, {1, 1, 1}, {1, 1, 1}, 
MIOpen(HIP): }
MIOpen(HIP): miopenStatus_t miopenDestroyTensorDescriptor(miopenTensorDescriptor_t){
MIOpen(HIP): 	tensorDesc = {160, 160, 3, 3, 3}, {4320, 1, 1440, 480, 160}, packed, 
MIOpen(HIP): }
MIOpen(HIP): miopenStatus_t miopenDestroyTensorDescriptor(miopenTensorDescriptor_t){
MIOpen(HIP): 	tensorDesc = {1, 160, 1, 544, 400}, {34816000, 1, 34816000, 64000, 160}, packed, 
MIOpen(HIP): }
MIOpen(HIP): miopenStatus_t miopenDestroyTensorDescriptor(miopenTensorDescriptor_t){
MIOpen(HIP): 	tensorDesc = {1, 160, 3, 546, 402}, {105356160, 1, 35118720, 64320, 160}, packed, 
MIOpen(HIP): }
MIOpen(HIP): Info [get_device_name] Raw device name: gfx1100
MIOpen(HIP): Info [SetStream] stream: 0, device_id: 0
MIOpen(HIP): miopenStatus_t miopenCreateTensorDescriptor(miopenTensorDescriptor_t *){
MIOpen(HIP): 	tensorDesc = 0x4
MIOpen(HIP): }
MIOpen(HIP): miopenStatus_t miopenSetTensorDescriptor(miopenTensorDescriptor_t, miopenDataType_t, int, const int *, const int *){
MIOpen(HIP): 	tensorDesc = {}, {}, packed, 
MIOpen(HIP): 	dataType = 5
MIOpen(HIP): 	nbDims = 4
MIOpen(HIP): 	dim.values = { 1 160 545 401 }
MIOpen(HIP): 	stride.values = { 34967200 218545 401 1 }
MIOpen(HIP): }
MIOpen(HIP): miopenStatus_t miopenCreateTensorDescriptor(miopenTensorDescriptor_t *){
MIOpen(HIP): 	tensorDesc = 0x100000191
MIOpen(HIP): }
MIOpen(HIP): miopenStatus_t miopenSetTensorDescriptor(miopenTensorDescriptor_t, miopenDataType_t, int, const int *, const int *){
MIOpen(HIP): 	tensorDesc = {}, {}, packed, 
MIOpen(HIP): 	dataType = 5
MIOpen(HIP): 	nbDims = 4
MIOpen(HIP): 	dim.values = { 160 160 3 3 }
MIOpen(HIP): 	stride.values = { 1440 9 3 1 }
MIOpen(HIP): }
MIOpen(HIP): miopenStatus_t miopenCreateTensorDescriptor(miopenTensorDescriptor_t *){
MIOpen(HIP): 	tensorDesc = 0x7d7626d37df6
MIOpen(HIP): }
MIOpen(HIP): miopenStatus_t miopenSetTensorDescriptor(miopenTensorDescriptor_t, miopenDataType_t, int, const int *, const int *){
MIOpen(HIP): 	tensorDesc = {}, {}, packed, 
MIOpen(HIP): 	dataType = 5
MIOpen(HIP): 	nbDims = 4
MIOpen(HIP): 	dim.values = { 1 160 272 200 }
MIOpen(HIP): 	stride.values = { 8704000 54400 200 1 }
MIOpen(HIP): }
MIOpen(HIP): miopenStatus_t miopenCreateConvolutionDescriptor(miopenConvolutionDescriptor_t *){
MIOpen(HIP): 	convDesc = 0x7ffd68b9df70
MIOpen(HIP): }
MIOpen(HIP): miopenStatus_t miopenInitConvolutionNdDescriptor(miopenConvolutionDescriptor_t, int, const int *, const int *, const int *, miopenConvolutionMode_t){
MIOpen(HIP): 	convDesc = conv2d, miopenConvolution, miopenPaddingDefault, {0, 0}, {1, 1}, {1, 1}, 
MIOpen(HIP): 	spatialDim = 2
MIOpen(HIP): 	pads = { 0 0 }
MIOpen(HIP): 	strides = { 2 2 }
MIOpen(HIP): 	dilations = { 1 1 }
MIOpen(HIP): 	c_mode = 0
MIOpen(HIP): }
MIOpen(HIP): miopenStatus_t miopenSetConvolutionGroupCount(miopenConvolutionDescriptor_t, int){
MIOpen(HIP): 	convDesc = conv2d, miopenConvolution, miopenPaddingDefault, {0, 0}, {2, 2}, {1, 1}, 
MIOpen(HIP): 	groupCount = 1
MIOpen(HIP): }
MIOpen(HIP): miopenStatus_t miopenSetConvolutionAttribute(miopenConvolutionDescriptor_t, const miopenConvolutionAttrib_t, const int){
MIOpen(HIP): 	convDesc = conv2d, miopenConvolution, miopenPaddingDefault, {0, 0}, {2, 2}, {1, 1}, 
MIOpen(HIP): 	attr = 1
MIOpen(HIP): 	value = 0
MIOpen(HIP): }
MIOpen(HIP): miopenStatus_t miopenConvolutionForwardGetWorkSpaceSize(miopenHandle_t, const miopenTensorDescriptor_t, const miopenTensorDescriptor_t, const miopenConvolutionDescriptor_t, const miopenTensorDescriptor_t, size_t *){
MIOpen(HIP): 	handle = stream: 0, device_id: 0
MIOpen(HIP): 	wDesc = {160, 160, 3, 3}, {1440, 9, 3, 1}, packed, 
MIOpen(HIP): 	xDesc = {1, 160, 545, 401}, {34967200, 218545, 401, 1}, packed, 
MIOpen(HIP): 	convDesc = conv2d, miopenConvolution, miopenPaddingDefault, {0, 0}, {2, 2}, {1, 1}, 
MIOpen(HIP): 	yDesc = {1, 160, 272, 200}, {8704000, 54400, 200, 1}, packed, 
MIOpen(HIP): }
MIOpen(HIP): Info2 [GetWorkSpaceSize] 
MIOpen(HIP): Info [GetSolutions] 
MIOpen(HIP): Info2 [ValidateUnsafe] DB file is older than cache: 534845152696299, 537696530279241
MIOpen(HIP): Info2 [FindRecordUnsafe] Looking for key 160-545-401-3x3-160-272-200-1-0x0-2x2-1x1-0-NCHW-BF16-F in cache for file "/root/.config/miopen/gfx1100_48.HIP.3_5_1_41dcdea279-dirty.ufdb.txt"
MIOpen(HIP): Info2 [Measure] Db::FindRecord time: 0.043802 ms
MIOpen(HIP): Info2 [GetSolutions] GemmFwdRest
MIOpen(HIP): Info [GetWorkSpaceSize] 156672000
MIOpen(HIP): miopenStatus_t miopenFindConvolutionForwardAlgorithm(miopenHandle_t, const miopenTensorDescriptor_t, const void *, const miopenTensorDescriptor_t, const void *, const miopenConvolutionDescriptor_t, const miopenTensorDescriptor_t, void *, const int, int *, miopenConvAlgoPerf_t *, void *, size_t, bool){
MIOpen(HIP): 	handle = stream: 0, device_id: 0
MIOpen(HIP): 	xDesc = {1, 160, 545, 401}, {34967200, 218545, 401, 1}, packed, 
MIOpen(HIP): 	x = 0x7d7022e00000
MIOpen(HIP): 	wDesc = {160, 160, 3, 3}, {1440, 9, 3, 1}, packed, 
MIOpen(HIP): 	w = 0x7d6e3c81ae00
MIOpen(HIP): 	convDesc = conv2d, miopenConvolution, miopenPaddingDefault, {0, 0}, {2, 2}, {1, 1}, 
MIOpen(HIP): 	yDesc = {1, 160, 272, 200}, {8704000, 54400, 200, 1}, packed, 
MIOpen(HIP): 	y = 0x7d701e6d0000
MIOpen(HIP): 	requestAlgoCount = 1
MIOpen(HIP): 	returnedAlgoCount = 32765
MIOpen(HIP): 	perfResults = 
MIOpen(HIP): 	workSpace = 0x7d6ffca00000
MIOpen(HIP): 	workSpaceSize = 156672000
MIOpen(HIP): 	exhaustiveSearch = 0
MIOpen(HIP): }
MIOpen(HIP): Command [LogCmdFindConvolution] ./bin/MIOpenDriver convbfp16 -n 1 -c 160 -H 545 -W 401 -k 160 -y 3 -x 3 -p 0 -q 0 -u 2 -v 2 -l 1 -j 1 -m conv -g 1 -F 1 -t 1
MIOpen(HIP): Info [FindConvFwdAlgorithm] requestAlgoCount = 1, workspace = 156672000
MIOpen(HIP): Info [GetSolutions] 
MIOpen(HIP): Info2 [ValidateUnsafe] DB file is older than cache: 534845152696299, 537696530279241
MIOpen(HIP): Info2 [FindRecordUnsafe] Looking for key 160-545-401-3x3-160-272-200-1-0x0-2x2-1x1-0-NCHW-BF16-F in cache for file "/root/.config/miopen/gfx1100_48.HIP.3_5_1_41dcdea279-dirty.ufdb.txt"
MIOpen(HIP): Info2 [Measure] Db::FindRecord time: 0.041412 ms
MIOpen(HIP): Info2 [GetSolutions] GemmFwdRest
MIOpen(HIP): Info2 [GetInvoker] Returning an invoker for problem 160x545x401x3x3x160x272x200x1xNCHWxBF16x0x0x2x2x1x1x1xFxDefault and solver GemmFwdRest
MIOpen(HIP): Info [FindSolutionImpl] GemmFwdRest (not searchable)
MIOpen(HIP): Info2 [Register] Invoker registered for algorithm 160x545x401x3x3x160x272x200x1xNCHWxBF16x0x0x2x2x1x1x1xFxDefault and solver GemmFwdRest
MIOpen(HIP): Info2 [SetAsFound1_0] Solver GemmFwdRest registered as find 1.0 best for miopenConvolutionFwdAlgoGEMM in 160x545x401x3x3x160x272x200x1xNCHWxBF16x0x0x2x2x1x1x1xFxDefault
MIOpen(HIP): Info [FindConvolution] miopenConvolutionFwdAlgoGEMM	0.90428	156672000
MIOpen(HIP): Info [FillFindReturnParameters] FW Chosen Algorithm: GemmFwdRest , 156672000, 0.90428
MIOpen(HIP): miopenStatus_t miopenConvolutionForward(miopenHandle_t, const void *, const miopenTensorDescriptor_t, const void *, const miopenTensorDescriptor_t, const void *, const miopenConvolutionDescriptor_t, miopenConvFwdAlgorithm_t, const void *, const miopenTensorDescriptor_t, void *, void *, size_t){
MIOpen(HIP): 	handle = stream: 0, device_id: 0
MIOpen(HIP): 	alpha = 0x7ffd68b9dcb8
MIOpen(HIP): 	xDesc = {1, 160, 545, 401}, {34967200, 218545, 401, 1}, packed, 
MIOpen(HIP): 	x = 0x7d7022e00000
MIOpen(HIP): 	wDesc = {160, 160, 3, 3}, {1440, 9, 3, 1}, packed, 
MIOpen(HIP): 	w = 0x7d6e3c81ae00
MIOpen(HIP): 	convDesc = conv2d, miopenConvolution, miopenPaddingDefault, {0, 0}, {2, 2}, {1, 1}, 
MIOpen(HIP): 	algo = 0
MIOpen(HIP): 	beta = 0x7ffd68b9dcc0
MIOpen(HIP): 	yDesc = {1, 160, 272, 200}, {8704000, 54400, 200, 1}, packed, 
MIOpen(HIP): 	y = 0x7d701e6d0000
MIOpen(HIP): 	workSpace = 0x7d7043c00000
MIOpen(HIP): 	workSpaceSize = 156672000
MIOpen(HIP): }
MIOpen(HIP): Command [LogCmdConvolution] ./bin/MIOpenDriver convbfp16 -n 1 -c 160 -H 545 -W 401 -k 160 -y 3 -x 3 -p 0 -q 0 -u 2 -v 2 -l 1 -j 1 -m conv -g 1 -F 1 -t 1
MIOpen(HIP): Info [ConvolutionForward] algo = 0, workspace = 156672000
MIOpen(HIP): Info2 [GetInvoker] Returning an invoker for problem 160x545x401x3x3x160x272x200x1xNCHWxBF16x0x0x2x2x1x1x1xFxDefault and algorithm miopenConvolutionFwdAlgoGEMM
MIOpen(HIP): auto miopen::solver::conv::GemmFwdRest::GetSolution(const ExecutionContext &, const ProblemDescription &)::(anonymous class)::operator()(const std::vector<Kernel> &)::(anonymous class)::operator()(const Handle &, const AnyInvokeParams &) const{
MIOpen(HIP): 	name + ", non 1x1" = convolution, non 1x1
MIOpen(HIP): }
MIOpen(HIP): Info2 [GetKernels] 0 kernels for key: miopenIm2d2Col "c160i545_401w3_3p0_0s2_2d1_1t5"
MIOpen(HIP): Info2 [AddKernel] Key: miopenIm2d2Col "c160i545_401w3_3p0_0s2_2d1_1t5 -DLOCAL_MEM_SIZE=1105 -DSTRIDE_GT_1=1 -DNUM_IM_BLKS_EQ_1=0 -DUSE_IM_OFF_GUARD=1"
MIOpen(HIP): Info [IsNetworkedFilesystem] Filesystem type at '"/root/.cache/miopen/3.5.1.0058ca1bec-dirty"' is: 0x794c7630 'OVERLAYFS_SUPER_MAGIC'
MIOpen(HIP): Info2 [SQLiteBase] Initializing system database file ""
MIOpen(HIP): Info [KernDb] database not present
MIOpen(HIP): Info2 [SQLiteBase] Initializing user database file "/root/.cache/miopen/3.5.1.0058ca1bec-dirty/gfx1100_48.ukdb"
MIOpen(HIP): Info2 [KernDb] Database created successfully
MIOpen(HIP): Info2 [LoadBinary] Loading binary for: "MIOpenIm2d2Col.cl.o"; args:  -DLOCAL_MEM_SIZE=1105 -DSTRIDE_GT_1=1 -DNUM_IM_BLKS_EQ_1=0 -DUSE_IM_OFF_GUARD=1 -DMIOPEN_USE_FP16=0 -DMIOPEN_USE_FP16x4=0 -DMIOPEN_USE_FP16x8=0 -DMIOPEN_USE_FP32=0 -DMIOPEN_USE_INT8=0 -DMIOPEN_USE_BFP16=1 -DMIOPEN_USE_INT32=0 -DMIOPEN_USE_RNE_BFLOAT16=1 -DMIOPEN_FP8_IEEE_EXPONENT_BIAS=0 -DMIOPEN_FP8_CLIPPING=1 -mcpu=gfx1100
MIOpen(HIP): Info2 [Prepare] SELECT kernel_blob, kernel_hash, uncompressed_size FROM kern_db WHERE (kernel_name = 'MIOpenIm2d2Col.cl.o') AND (kernel_args = ' -DLOCAL_MEM_SIZE=1105 -DSTRIDE_GT_1=1 -DNUM_IM_BLKS_EQ_1=0 -DUSE_IM_OFF_GUARD=1 -DMIOPEN_USE_FP16=0 -DMIOPEN_USE_FP16x4=0 -DMIOPEN_USE_FP16x8=0 -DMIOPEN_USE_FP32=0 -DMIOPEN_USE_INT8=0 -DMIOPEN_USE_BFP16=1 -DMIOPEN_USE_INT32=0 -DMIOPEN_USE_RNE_BFLOAT16=1 -DMIOPEN_FP8_IEEE_EXPONENT_BIAS=0 -DMIOPEN_FP8_CLIPPING=1 -mcpu=gfx1100');
MIOpen(HIP): Info2 [Measure] Db::FindRecord time: 0.324776 ms
MIOpen(HIP): Info2 [LoadBinary] Successfully loaded binary for: "MIOpenIm2d2Col.cl.o"; args:  -DLOCAL_MEM_SIZE=1105 -DSTRIDE_GT_1=1 -DNUM_IM_BLKS_EQ_1=0 -DUSE_IM_OFF_GUARD=1 -DMIOPEN_USE_FP16=0 -DMIOPEN_USE_FP16x4=0 -DMIOPEN_USE_FP16x8=0 -DMIOPEN_USE_FP32=0 -DMIOPEN_USE_INT8=0 -DMIOPEN_USE_BFP16=1 -DMIOPEN_USE_INT32=0 -DMIOPEN_USE_RNE_BFLOAT16=1 -DMIOPEN_FP8_IEEE_EXPONENT_BIAS=0 -DMIOPEN_FP8_CLIPPING=1 -mcpu=gfx1100
MIOpen(HIP): Info2 [run] kernel_name = Im2d2Col_v2, global_work_dim = { 9748480, 1, 1 }, local_work_dim = { 256, 1, 1 }
MIOpen(HIP): Info2 [CallGemm] gemm_desc: {isColMajor 0, transA 0, transB 0, m 160, n 54400, k 1440, lda 1440, ldb 54400, ldc 54400, batch_count 1, strideA 0, strideB 0, strideC 0, alpha 1, beta 0, dataType bfloat16, a_cast_type bfloat16, b_cast_type bfloat16} 
MIOpen(HIP): Info2 [CallGemm] rocBLAS
MIOpen(HIP): miopenStatus_t miopenDestroyConvolutionDescriptor(miopenConvolutionDescriptor_t){
MIOpen(HIP): 	convDesc = conv2d, miopenConvolution, miopenPaddingDefault, {0, 0}, {2, 2}, {1, 1}, 
MIOpen(HIP): }
MIOpen(HIP): miopenStatus_t miopenDestroyTensorDescriptor(miopenTensorDescriptor_t){
MIOpen(HIP): 	tensorDesc = {160, 160, 3, 3}, {1440, 9, 3, 1}, packed, 
MIOpen(HIP): }
MIOpen(HIP): miopenStatus_t miopenDestroyTensorDescriptor(miopenTensorDescriptor_t){
MIOpen(HIP): 	tensorDesc = {1, 160, 272, 200}, {8704000, 54400, 200, 1}, packed, 
MIOpen(HIP): }
MIOpen(HIP): miopenStatus_t miopenDestroyTensorDescriptor(miopenTensorDescriptor_t){
MIOpen(HIP): 	tensorDesc = {1, 160, 545, 401}, {34967200, 218545, 401, 1}, packed, 
MIOpen(HIP): }
MIOpen(HIP): Info [get_device_name] Raw device name: gfx1100
MIOpen(HIP): Info [SetStream] stream: 0, device_id: 0
MIOpen(HIP): miopenStatus_t miopenCreateTensorDescriptor(miopenTensorDescriptor_t *){
MIOpen(HIP): 	tensorDesc = 0x5
MIOpen(HIP): }
MIOpen(HIP): miopenStatus_t miopenSetTensorDescriptor(miopenTensorDescriptor_t, miopenDataType_t, int, const int *, const int *){
MIOpen(HIP): 	tensorDesc = {}, {}, packed, 
MIOpen(HIP): 	dataType = 5
MIOpen(HIP): 	nbDims = 5
MIOpen(HIP): 	dim.values = { 1 160 1 272 200 }
MIOpen(HIP): 	stride.values = { 8704000 1 8704000 32000 160 }
MIOpen(HIP): }
MIOpen(HIP): miopenStatus_t miopenCreateTensorDescriptor(miopenTensorDescriptor_t *){
MIOpen(HIP): 	tensorDesc = 0x7d000084d000
MIOpen(HIP): }
MIOpen(HIP): miopenStatus_t miopenSetTensorDescriptor(miopenTensorDescriptor_t, miopenDataType_t, int, const int *, const int *){
MIOpen(HIP): 	tensorDesc = {}, {}, packed, 
MIOpen(HIP): 	dataType = 5
MIOpen(HIP): 	nbDims = 5
MIOpen(HIP): 	dim.values = { 320 160 1 1 1 }
MIOpen(HIP): 	stride.values = { 160 1 160 160 160 }
MIOpen(HIP): }
MIOpen(HIP): miopenStatus_t miopenCreateTensorDescriptor(miopenTensorDescriptor_t *){
MIOpen(HIP): 	tensorDesc = 0x7d7626d37df6
MIOpen(HIP): }
MIOpen(HIP): miopenStatus_t miopenSetTensorDescriptor(miopenTensorDescriptor_t, miopenDataType_t, int, const int *, const int *){
MIOpen(HIP): 	tensorDesc = {}, {}, packed, 
MIOpen(HIP): 	dataType = 5
MIOpen(HIP): 	nbDims = 5
MIOpen(HIP): 	dim.values = { 1 320 1 272 200 }
MIOpen(HIP): 	stride.values = { 17408000 1 17408000 64000 320 }
MIOpen(HIP): }
MIOpen(HIP): miopenStatus_t miopenCreateConvolutionDescriptor(miopenConvolutionDescriptor_t *){
MIOpen(HIP): 	convDesc = 0x7ffd68b9e790
MIOpen(HIP): }
MIOpen(HIP): miopenStatus_t miopenInitConvolutionNdDescriptor(miopenConvolutionDescriptor_t, int, const int *, const int *, const int *, miopenConvolutionMode_t){
MIOpen(HIP): 	convDesc = conv2d, miopenConvolution, miopenPaddingDefault, {0, 0}, {1, 1}, {1, 1}, 
MIOpen(HIP): 	spatialDim = 3
MIOpen(HIP): 	pads = { 0 0 0 }
MIOpen(HIP): 	strides = { 1 1 1 }
MIOpen(HIP): 	dilations = { 1 1 1 }
MIOpen(HIP): 	c_mode = 0
MIOpen(HIP): }
MIOpen(HIP): miopenStatus_t miopenSetConvolutionGroupCount(miopenConvolutionDescriptor_t, int){
MIOpen(HIP): 	convDesc = conv3d, miopenConvolution, miopenPaddingDefault, {0, 0, 0}, {1, 1, 1}, {1, 1, 1}, 
MIOpen(HIP): 	groupCount = 1
MIOpen(HIP): }
MIOpen(HIP): miopenStatus_t miopenSetConvolutionAttribute(miopenConvolutionDescriptor_t, const miopenConvolutionAttrib_t, const int){
MIOpen(HIP): 	convDesc = conv3d, miopenConvolution, miopenPaddingDefault, {0, 0, 0}, {1, 1, 1}, {1, 1, 1}, 
MIOpen(HIP): 	attr = 1
MIOpen(HIP): 	value = 0
MIOpen(HIP): }
MIOpen(HIP): miopenStatus_t miopenConvolutionForwardGetWorkSpaceSize(miopenHandle_t, const miopenTensorDescriptor_t, const miopenTensorDescriptor_t, const miopenConvolutionDescriptor_t, const miopenTensorDescriptor_t, size_t *){
MIOpen(HIP): 	handle = stream: 0, device_id: 0
MIOpen(HIP): 	wDesc = {320, 160, 1, 1, 1}, {160, 1, 160, 160, 160}, packed, 
MIOpen(HIP): 	xDesc = {1, 160, 1, 272, 200}, {8704000, 1, 8704000, 32000, 160}, packed, 
MIOpen(HIP): 	convDesc = conv3d, miopenConvolution, miopenPaddingDefault, {0, 0, 0}, {1, 1, 1}, {1, 1, 1}, 
MIOpen(HIP): 	yDesc = {1, 320, 1, 272, 200}, {17408000, 1, 17408000, 64000, 320}, packed, 
MIOpen(HIP): }
MIOpen(HIP): Info2 [GetWorkSpaceSize] 
MIOpen(HIP): Info [GetSolutions] 
MIOpen(HIP): Info2 [ValidateUnsafe] DB file is older than cache: 534845152696299, 537696530279241
MIOpen(HIP): Info2 [FindRecordUnsafe] Looking for key 160-1-272-200-1x1x1-320-1-272-200-1-0x0x0-1x1x1-1x1x1-0-NDHWC-NDHWC-NDHWC-BF16-F in cache for file "/root/.config/miopen/gfx1100_48.HIP.3_5_1_41dcdea279-dirty.ufdb.txt"
MIOpen(HIP): Info2 [Measure] Db::FindRecord time: 0.050793 ms
MIOpen(HIP): Info2 [GetSolutions] ConvHipImplicitGemm3DChannelLastFwdWmmaops
MIOpen(HIP): Info [GetWorkSpaceSize] 0
MIOpen(HIP): miopenStatus_t miopenFindConvolutionForwardAlgorithm(miopenHandle_t, const miopenTensorDescriptor_t, const void *, const miopenTensorDescriptor_t, const void *, const miopenConvolutionDescriptor_t, const miopenTensorDescriptor_t, void *, const int, int *, miopenConvAlgoPerf_t *, void *, size_t, bool){
MIOpen(HIP): 	handle = stream: 0, device_id: 0
MIOpen(HIP): 	xDesc = {1, 160, 1, 272, 200}, {8704000, 1, 8704000, 32000, 160}, packed, 
MIOpen(HIP): 	x = 0x7d701f76a000
MIOpen(HIP): 	wDesc = {320, 160, 1, 1, 1}, {160, 1, 160, 160, 160}, packed, 
MIOpen(HIP): 	w = 0x7d6ded3c8000
MIOpen(HIP): 	convDesc = conv3d, miopenConvolution, miopenPaddingDefault, {0, 0, 0}, {1, 1, 1}, {1, 1, 1}, 
MIOpen(HIP): 	yDesc = {1, 320, 1, 272, 200}, {17408000, 1, 17408000, 64000, 320}, packed, 
MIOpen(HIP): 	y = 0x7d7022e00000
MIOpen(HIP): 	requestAlgoCount = 1
MIOpen(HIP): 	returnedAlgoCount = 32765
MIOpen(HIP): 	perfResults = 
MIOpen(HIP): 	workSpace = nullptr
MIOpen(HIP): 	workSpaceSize = 0
MIOpen(HIP): 	exhaustiveSearch = 0
MIOpen(HIP): }
MIOpen(HIP): Command [LogCmdFindConvolution] ./bin/MIOpenDriver convbfp16 -n 1 -c 160 --in_d 1 -H 272 -W 200 -k 320 --fil_d 1 -y 1 -x 1 --pad_d 0 -p 0 -q 0 --conv_stride_d 1 -u 1 -v 1 --dilation_d 1 -l 1 -j 1 --spatial_dim 3 --in_layout NDHWC --fil_layout NDHWC --out_layout NDHWC -m conv -g 1 -F 1 -t 1
MIOpen(HIP): Info [FindConvFwdAlgorithm] requestAlgoCount = 1, workspace = 0
MIOpen(HIP): Info [GetSolutions] 
MIOpen(HIP): Info2 [ValidateUnsafe] DB file is older than cache: 534845152696299, 537696530279241
MIOpen(HIP): Info2 [FindRecordUnsafe] Looking for key 160-1-272-200-1x1x1-320-1-272-200-1-0x0x0-1x1x1-1x1x1-0-NDHWC-NDHWC-NDHWC-BF16-F in cache for file "/root/.config/miopen/gfx1100_48.HIP.3_5_1_41dcdea279-dirty.ufdb.txt"
MIOpen(HIP): Info2 [Measure] Db::FindRecord time: 0.039302 ms
MIOpen(HIP): Info2 [GetSolutions] ConvHipImplicitGemm3DChannelLastFwdWmmaops
MIOpen(HIP): Info2 [GetInvoker] Returning an invoker for problem 160x1x272x200x1x1x1x320x1x272x200x1xNDHWCxNDHWCxNDHWCxBF16x0x0x0x1x1x1x1x1x1x1xFxDefault and solver ConvHipImplicitGemm3DChannelLastFwdWmmaops
MIOpen(HIP): Info [FindSolutionImpl] ConvHipImplicitGemm3DChannelLastFwdWmmaops
MIOpen(HIP): Info2 [FindRecordUnsafe] Looking for key 3x160x272x200x1x1x1x1x320x1x0x0x0x1x1x1x1x1x1x0x1xNDHWCxBF16xF in cache for file "/root/.config/miopen/gfx1100_48.HIP.3_5_1_41dcdea279-dirty.udb.txt"
MIOpen(HIP): Info2 [FindRecord] Looking for key 160-1-272-200-1x1x1-320-1-272-200-1-0x0x0-1x1x1-1x1x1-0-NDHWC-NDHWC-NDHWC-BF16-F in file ""
MIOpen(HIP): Info2 [Measure] Db::Load time: 0.028252 ms
MIOpen(HIP): Info [FindSolutionImpl] Perf Db: record not found for: ConvHipImplicitGemm3DChannelLastFwdWmmaops
MIOpen(HIP): Info2 [Register] Invoker registered for algorithm 160x1x272x200x1x1x1x320x1x272x200x1xNDHWCxNDHWCxNDHWCxBF16x0x0x0x1x1x1x1x1x1x1xFxDefault and solver ConvHipImplicitGemm3DChannelLastFwdWmmaops
MIOpen(HIP): Info2 [SetAsFound1_0] Solver ConvHipImplicitGemm3DChannelLastFwdWmmaops registered as find 1.0 best for miopenConvolutionFwdAlgoImplicitGEMM in 160x1x272x200x1x1x1x320x1x272x200x1xNDHWCxNDHWCxNDHWCxBF16x0x0x0x1x1x1x1x1x1x1xFxDefault
MIOpen(HIP): Info [FindConvolution] miopenConvolutionFwdAlgoImplicitGEMM	1.06703	0
MIOpen(HIP): Info [FillFindReturnParameters] FW Chosen Algorithm: ConvHipImplicitGemm3DChannelLastFwdWmmaops , 0, 1.06703
MIOpen(HIP): miopenStatus_t miopenConvolutionForward(miopenHandle_t, const void *, const miopenTensorDescriptor_t, const void *, const miopenTensorDescriptor_t, const void *, const miopenConvolutionDescriptor_t, miopenConvFwdAlgorithm_t, const void *, const miopenTensorDescriptor_t, void *, void *, size_t){
MIOpen(HIP): 	handle = stream: 0, device_id: 0
MIOpen(HIP): 	alpha = 0x7ffd68b9e4d8
MIOpen(HIP): 	xDesc = {1, 160, 1, 272, 200}, {8704000, 1, 8704000, 32000, 160}, packed, 
MIOpen(HIP): 	x = 0x7d701f76a000
MIOpen(HIP): 	wDesc = {320, 160, 1, 1, 1}, {160, 1, 160, 160, 160}, packed, 
MIOpen(HIP): 	w = 0x7d6ded3c8000
MIOpen(HIP): 	convDesc = conv3d, miopenConvolution, miopenPaddingDefault, {0, 0, 0}, {1, 1, 1}, {1, 1, 1}, 
MIOpen(HIP): 	algo = 5
MIOpen(HIP): 	beta = 0x7ffd68b9e4e0
MIOpen(HIP): 	yDesc = {1, 320, 1, 272, 200}, {17408000, 1, 17408000, 64000, 320}, packed, 
MIOpen(HIP): 	y = 0x7d7022e00000
MIOpen(HIP): 	workSpace = nullptr
MIOpen(HIP): 	workSpaceSize = 0
MIOpen(HIP): }
MIOpen(HIP): Command [LogCmdConvolution] ./bin/MIOpenDriver convbfp16 -n 1 -c 160 --in_d 1 -H 272 -W 200 -k 320 --fil_d 1 -y 1 -x 1 --pad_d 0 -p 0 -q 0 --conv_stride_d 1 -u 1 -v 1 --dilation_d 1 -l 1 -j 1 --spatial_dim 3 --in_layout NDHWC --fil_layout NDHWC --out_layout NDHWC -m conv -g 1 -F 1 -t 1
MIOpen(HIP): Info [ConvolutionForward] algo = 5, workspace = 0
MIOpen(HIP): Info2 [GetInvoker] Returning an invoker for problem 160x1x272x200x1x1x1x320x1x272x200x1xNDHWCxNDHWCxNDHWCxBF16x0x0x0x1x1x1x1x1x1x1xFxDefault and algorithm miopenConvolutionFwdAlgoImplicitGEMM
MIOpen(HIP): miopenStatus_t miopenDestroyConvolutionDescriptor(miopenConvolutionDescriptor_t){
MIOpen(HIP): 	convDesc = conv3d, miopenConvolution, miopenPaddingDefault, {0, 0, 0}, {1, 1, 1}, {1, 1, 1}, 
MIOpen(HIP): }
MIOpen(HIP): miopenStatus_t miopenDestroyTensorDescriptor(miopenTensorDescriptor_t){
MIOpen(HIP): 	tensorDesc = {320, 160, 1, 1, 1}, {160, 1, 160, 160, 160}, packed, 
MIOpen(HIP): }
MIOpen(HIP): miopenStatus_t miopenDestroyTensorDescriptor(miopenTensorDescriptor_t){
MIOpen(HIP): 	tensorDesc = {1, 320, 1, 272, 200}, {17408000, 1, 17408000, 64000, 320}, packed, 
MIOpen(HIP): }
MIOpen(HIP): miopenStatus_t miopenDestroyTensorDescriptor(miopenTensorDescriptor_t){
MIOpen(HIP): 	tensorDesc = {1, 160, 1, 272, 200}, {8704000, 1, 8704000, 32000, 160}, packed, 
MIOpen(HIP): }
MIOpen(HIP): Info [get_device_name] Raw device name: gfx1100
MIOpen(HIP): Info [SetStream] stream: 0, device_id: 0
MIOpen(HIP): miopenStatus_t miopenCreateTensorDescriptor(miopenTensorDescriptor_t *){
MIOpen(HIP): 	tensorDesc = 0x5
MIOpen(HIP): }
MIOpen(HIP): miopenStatus_t miopenSetTensorDescriptor(miopenTensorDescriptor_t, miopenDataType_t, int, const int *, const int *){
MIOpen(HIP): 	tensorDesc = {}, {}, packed, 
MIOpen(HIP): 	dataType = 5
MIOpen(HIP): 	nbDims = 5
MIOpen(HIP): 	dim.values = { 1 160 3 274 202 }
MIOpen(HIP): 	stride.values = { 26567040 1 8855680 32320 160 }
MIOpen(HIP): }
MIOpen(HIP): miopenStatus_t miopenCreateTensorDescriptor(miopenTensorDescriptor_t *){
MIOpen(HIP): 	tensorDesc = 0x7e4000872080
MIOpen(HIP): }
MIOpen(HIP): miopenStatus_t miopenSetTensorDescriptor(miopenTensorDescriptor_t, miopenDataType_t, int, const int *, const int *){
MIOpen(HIP): 	tensorDesc = {}, {}, packed, 
MIOpen(HIP): 	dataType = 5
MIOpen(HIP): 	nbDims = 5
MIOpen(HIP): 	dim.values = { 320 160 3 3 3 }
MIOpen(HIP): 	stride.values = { 4320 1 1440 480 160 }
MIOpen(HIP): }
MIOpen(HIP): miopenStatus_t miopenCreateTensorDescriptor(miopenTensorDescriptor_t *){
MIOpen(HIP): 	tensorDesc = 0x7d7626d37df6
MIOpen(HIP): }
MIOpen(HIP): miopenStatus_t miopenSetTensorDescriptor(miopenTensorDescriptor_t, miopenDataType_t, int, const int *, const int *){
MIOpen(HIP): 	tensorDesc = {}, {}, packed, 
MIOpen(HIP): 	dataType = 5
MIOpen(HIP): 	nbDims = 5
MIOpen(HIP): 	dim.values = { 1 320 1 272 200 }
MIOpen(HIP): 	stride.values = { 17408000 1 17408000 64000 320 }
MIOpen(HIP): }
MIOpen(HIP): miopenStatus_t miopenCreateConvolutionDescriptor(miopenConvolutionDescriptor_t *){
MIOpen(HIP): 	convDesc = 0x7ffd68b9e790
MIOpen(HIP): }
MIOpen(HIP): miopenStatus_t miopenInitConvolutionNdDescriptor(miopenConvolutionDescriptor_t, int, const int *, const int *, const int *, miopenConvolutionMode_t){
MIOpen(HIP): 	convDesc = conv2d, miopenConvolution, miopenPaddingDefault, {0, 0}, {1, 1}, {1, 1}, 
MIOpen(HIP): 	spatialDim = 3
MIOpen(HIP): 	pads = { 0 0 0 }
MIOpen(HIP): 	strides = { 1 1 1 }
MIOpen(HIP): 	dilations = { 1 1 1 }
MIOpen(HIP): 	c_mode = 0
MIOpen(HIP): }
MIOpen(HIP): miopenStatus_t miopenSetConvolutionGroupCount(miopenConvolutionDescriptor_t, int){
MIOpen(HIP): 	convDesc = conv3d, miopenConvolution, miopenPaddingDefault, {0, 0, 0}, {1, 1, 1}, {1, 1, 1}, 
MIOpen(HIP): 	groupCount = 1
MIOpen(HIP): }
MIOpen(HIP): miopenStatus_t miopenSetConvolutionAttribute(miopenConvolutionDescriptor_t, const miopenConvolutionAttrib_t, const int){
MIOpen(HIP): 	convDesc = conv3d, miopenConvolution, miopenPaddingDefault, {0, 0, 0}, {1, 1, 1}, {1, 1, 1}, 
MIOpen(HIP): 	attr = 1
MIOpen(HIP): 	value = 0
MIOpen(HIP): }
MIOpen(HIP): miopenStatus_t miopenConvolutionForwardGetWorkSpaceSize(miopenHandle_t, const miopenTensorDescriptor_t, const miopenTensorDescriptor_t, const miopenConvolutionDescriptor_t, const miopenTensorDescriptor_t, size_t *){
MIOpen(HIP): 	handle = stream: 0, device_id: 0
MIOpen(HIP): 	wDesc = {320, 160, 3, 3, 3}, {4320, 1, 1440, 480, 160}, packed, 
MIOpen(HIP): 	xDesc = {1, 160, 3, 274, 202}, {26567040, 1, 8855680, 32320, 160}, packed, 
MIOpen(HIP): 	convDesc = conv3d, miopenConvolution, miopenPaddingDefault, {0, 0, 0}, {1, 1, 1}, {1, 1, 1}, 
MIOpen(HIP): 	yDesc = {1, 320, 1, 272, 200}, {17408000, 1, 17408000, 64000, 320}, packed, 
MIOpen(HIP): }
MIOpen(HIP): Info2 [GetWorkSpaceSize] 
MIOpen(HIP): Info [GetSolutions] 
MIOpen(HIP): Info2 [ValidateUnsafe] DB file is older than cache: 534845152696299, 537696530279241
MIOpen(HIP): Info2 [FindRecordUnsafe] Looking for key 160-3-274-202-3x3x3-320-1-272-200-1-0x0x0-1x1x1-1x1x1-0-NDHWC-NDHWC-NDHWC-BF16-F in cache for file "/root/.config/miopen/gfx1100_48.HIP.3_5_1_41dcdea279-dirty.ufdb.txt"
MIOpen(HIP): Info2 [Measure] Db::FindRecord time: 0.048352 ms
MIOpen(HIP): Info2 [GetSolutions] ConvHipImplicitGemm3DChannelLastFwdWmmaops
MIOpen(HIP): Info [GetWorkSpaceSize] 0
MIOpen(HIP): miopenStatus_t miopenFindConvolutionForwardAlgorithm(miopenHandle_t, const miopenTensorDescriptor_t, const void *, const miopenTensorDescriptor_t, const void *, const miopenConvolutionDescriptor_t, const miopenTensorDescriptor_t, void *, const int, int *, miopenConvAlgoPerf_t *, void *, size_t, bool){
MIOpen(HIP): 	handle = stream: 0, device_id: 0
MIOpen(HIP): 	xDesc = {1, 160, 3, 274, 202}, {26567040, 1, 8855680, 32320, 160}, packed, 
MIOpen(HIP): 	x = 0x7d7011ad0000
MIOpen(HIP): 	wDesc = {320, 160, 3, 3, 3}, {4320, 1, 1440, 480, 160}, packed, 
MIOpen(HIP): 	w = 0x7d7022938000
MIOpen(HIP): 	convDesc = conv3d, miopenConvolution, miopenPaddingDefault, {0, 0, 0}, {1, 1, 1}, {1, 1, 1}, 
MIOpen(HIP): 	yDesc = {1, 320, 1, 272, 200}, {17408000, 1, 17408000, 64000, 320}, packed, 
MIOpen(HIP): 	y = 0x7d702f8d0000
MIOpen(HIP): 	requestAlgoCount = 1
MIOpen(HIP): 	returnedAlgoCount = 32765
MIOpen(HIP): 	perfResults = 
MIOpen(HIP): 	workSpace = nullptr
MIOpen(HIP): 	workSpaceSize = 0
MIOpen(HIP): 	exhaustiveSearch = 0
MIOpen(HIP): }
MIOpen(HIP): Command [LogCmdFindConvolution] ./bin/MIOpenDriver convbfp16 -n 1 -c 160 --in_d 3 -H 274 -W 202 -k 320 --fil_d 3 -y 3 -x 3 --pad_d 0 -p 0 -q 0 --conv_stride_d 1 -u 1 -v 1 --dilation_d 1 -l 1 -j 1 --spatial_dim 3 --in_layout NDHWC --fil_layout NDHWC --out_layout NDHWC -m conv -g 1 -F 1 -t 1
MIOpen(HIP): Info [FindConvFwdAlgorithm] requestAlgoCount = 1, workspace = 0
MIOpen(HIP): Info [GetSolutions] 
MIOpen(HIP): Info2 [ValidateUnsafe] DB file is older than cache: 534845152696299, 537696530279241
MIOpen(HIP): Info2 [FindRecordUnsafe] Looking for key 160-3-274-202-3x3x3-320-1-272-200-1-0x0x0-1x1x1-1x1x1-0-NDHWC-NDHWC-NDHWC-BF16-F in cache for file "/root/.config/miopen/gfx1100_48.HIP.3_5_1_41dcdea279-dirty.ufdb.txt"
MIOpen(HIP): Info2 [Measure] Db::FindRecord time: 0.039982 ms
MIOpen(HIP): Info2 [GetSolutions] ConvHipImplicitGemm3DChannelLastFwdWmmaops
MIOpen(HIP): Info2 [GetInvoker] Returning an invoker for problem 160x3x274x202x3x3x3x320x1x272x200x1xNDHWCxNDHWCxNDHWCxBF16x0x0x0x1x1x1x1x1x1x1xFxDefault and solver ConvHipImplicitGemm3DChannelLastFwdWmmaops
MIOpen(HIP): Info [FindSolutionImpl] ConvHipImplicitGemm3DChannelLastFwdWmmaops
MIOpen(HIP): Info2 [FindRecordUnsafe] Looking for key 3x160x274x202x3x3x3x3x320x1x0x0x0x1x1x1x1x1x1x0x1xNDHWCxBF16xF in cache for file "/root/.config/miopen/gfx1100_48.HIP.3_5_1_41dcdea279-dirty.udb.txt"
MIOpen(HIP): Info2 [FindRecord] Looking for key 160-3-274-202-3x3x3-320-1-272-200-1-0x0x0-1x1x1-1x1x1-0-NDHWC-NDHWC-NDHWC-BF16-F in file ""
MIOpen(HIP): Info2 [Measure] Db::Load time: 0.021481 ms
MIOpen(HIP): Info [FindSolutionImpl] Perf Db: record not found for: ConvHipImplicitGemm3DChannelLastFwdWmmaops
MIOpen(HIP): Info2 [Register] Invoker registered for algorithm 160x3x274x202x3x3x3x320x1x272x200x1xNDHWCxNDHWCxNDHWCxBF16x0x0x0x1x1x1x1x1x1x1xFxDefault and solver ConvHipImplicitGemm3DChannelLastFwdWmmaops
MIOpen(HIP): Info2 [SetAsFound1_0] Solver ConvHipImplicitGemm3DChannelLastFwdWmmaops registered as find 1.0 best for miopenConvolutionFwdAlgoImplicitGEMM in 160x3x274x202x3x3x3x320x1x272x200x1xNDHWCxNDHWCxNDHWCxBF16x0x0x0x1x1x1x1x1x1x1xFxDefault
MIOpen(HIP): Info [FindConvolution] miopenConvolutionFwdAlgoImplicitGEMM	25.2996	0
MIOpen(HIP): Info [FillFindReturnParameters] FW Chosen Algorithm: ConvHipImplicitGemm3DChannelLastFwdWmmaops , 0, 25.2996
MIOpen(HIP): miopenStatus_t miopenConvolutionForward(miopenHandle_t, const void *, const miopenTensorDescriptor_t, const void *, const miopenTensorDescriptor_t, const void *, const miopenConvolutionDescriptor_t, miopenConvFwdAlgorithm_t, const void *, const miopenTensorDescriptor_t, void *, void *, size_t){
MIOpen(HIP): 	handle = stream: 0, device_id: 0
MIOpen(HIP): 	alpha = 0x7ffd68b9e4d8
MIOpen(HIP): 	xDesc = {1, 160, 3, 274, 202}, {26567040, 1, 8855680, 32320, 160}, packed, 
MIOpen(HIP): 	x = 0x7d7011ad0000
MIOpen(HIP): 	wDesc = {320, 160, 3, 3, 3}, {4320, 1, 1440, 480, 160}, packed, 
MIOpen(HIP): 	w = 0x7d7022938000
MIOpen(HIP): 	convDesc = conv3d, miopenConvolution, miopenPaddingDefault, {0, 0, 0}, {1, 1, 1}, {1, 1, 1}, 
MIOpen(HIP): 	algo = 5
MIOpen(HIP): 	beta = 0x7ffd68b9e4e0
MIOpen(HIP): 	yDesc = {1, 320, 1, 272, 200}, {17408000, 1, 17408000, 64000, 320}, packed, 
MIOpen(HIP): 	y = 0x7d702f8d0000
MIOpen(HIP): 	workSpace = nullptr
MIOpen(HIP): 	workSpaceSize = 0
MIOpen(HIP): }
MIOpen(HIP): Command [LogCmdConvolution] ./bin/MIOpenDriver convbfp16 -n 1 -c 160 --in_d 3 -H 274 -W 202 -k 320 --fil_d 3 -y 3 -x 3 --pad_d 0 -p 0 -q 0 --conv_stride_d 1 -u 1 -v 1 --dilation_d 1 -l 1 -j 1 --spatial_dim 3 --in_layout NDHWC --fil_layout NDHWC --out_layout NDHWC -m conv -g 1 -F 1 -t 1
MIOpen(HIP): Info [ConvolutionForward] algo = 5, workspace = 0
MIOpen(HIP): Info2 [GetInvoker] Returning an invoker for problem 160x3x274x202x3x3x3x320x1x272x200x1xNDHWCxNDHWCxNDHWCxBF16x0x0x0x1x1x1x1x1x1x1xFxDefault and algorithm miopenConvolutionFwdAlgoImplicitGEMM
MIOpen(HIP): miopenStatus_t miopenDestroyConvolutionDescriptor(miopenConvolutionDescriptor_t){
MIOpen(HIP): 	convDesc = conv3d, miopenConvolution, miopenPaddingDefault, {0, 0, 0}, {1, 1, 1}, {1, 1, 1}, 
MIOpen(HIP): }
MIOpen(HIP): miopenStatus_t miopenDestroyTensorDescriptor(miopenTensorDescriptor_t){
MIOpen(HIP): 	tensorDesc = {320, 160, 3, 3, 3}, {4320, 1, 1440, 480, 160}, packed, 
MIOpen(HIP): }
MIOpen(HIP): miopenStatus_t miopenDestroyTensorDescriptor(miopenTensorDescriptor_t){
MIOpen(HIP): 	tensorDesc = {1, 320, 1, 272, 200}, {17408000, 1, 17408000, 64000, 320}, packed, 
MIOpen(HIP): }
MIOpen(HIP): miopenStatus_t miopenDestroyTensorDescriptor(miopenTensorDescriptor_t){
MIOpen(HIP): 	tensorDesc = {1, 160, 3, 274, 202}, {26567040, 1, 8855680, 32320, 160}, packed, 
MIOpen(HIP): }
MIOpen(HIP): Info [get_device_name] Raw device name: gfx1100
MIOpen(HIP): Info [SetStream] stream: 0, device_id: 0
MIOpen(HIP): miopenStatus_t miopenCreateTensorDescriptor(miopenTensorDescriptor_t *){
MIOpen(HIP): 	tensorDesc = 0x5
MIOpen(HIP): }
MIOpen(HIP): miopenStatus_t miopenSetTensorDescriptor(miopenTensorDescriptor_t, miopenDataType_t, int, const int *, const int *){
MIOpen(HIP): 	tensorDesc = {}, {}, packed, 
MIOpen(HIP): 	dataType = 5
MIOpen(HIP): 	nbDims = 5
MIOpen(HIP): 	dim.values = { 1 320 3 274 202 }
MIOpen(HIP): 	stride.values = { 53134080 1 17711360 64640 320 }
MIOpen(HIP): }
MIOpen(HIP): miopenStatus_t miopenCreateTensorDescriptor(miopenTensorDescriptor_t *){
MIOpen(HIP): 	tensorDesc = 0xfc80010e4100
MIOpen(HIP): }
MIOpen(HIP): miopenStatus_t miopenSetTensorDescriptor(miopenTensorDescriptor_t, miopenDataType_t, int, const int *, const int *){
MIOpen(HIP): 	tensorDesc = {}, {}, packed, 
MIOpen(HIP): 	dataType = 5
MIOpen(HIP): 	nbDims = 5
MIOpen(HIP): 	dim.values = { 320 320 3 3 3 }
MIOpen(HIP): 	stride.values = { 8640 1 2880 960 320 }
MIOpen(HIP): }
MIOpen(HIP): miopenStatus_t miopenCreateTensorDescriptor(miopenTensorDescriptor_t *){
MIOpen(HIP): 	tensorDesc = 0x7d7626d37df6
MIOpen(HIP): }
MIOpen(HIP): miopenStatus_t miopenSetTensorDescriptor(miopenTensorDescriptor_t, miopenDataType_t, int, const int *, const int *){
MIOpen(HIP): 	tensorDesc = {}, {}, packed, 
MIOpen(HIP): 	dataType = 5
MIOpen(HIP): 	nbDims = 5
MIOpen(HIP): 	dim.values = { 1 320 1 272 200 }
MIOpen(HIP): 	stride.values = { 17408000 1 17408000 64000 320 }
MIOpen(HIP): }
MIOpen(HIP): miopenStatus_t miopenCreateConvolutionDescriptor(miopenConvolutionDescriptor_t *){
MIOpen(HIP): 	convDesc = 0x7ffd68b9e790
MIOpen(HIP): }
MIOpen(HIP): miopenStatus_t miopenInitConvolutionNdDescriptor(miopenConvolutionDescriptor_t, int, const int *, const int *, const int *, miopenConvolutionMode_t){
MIOpen(HIP): 	convDesc = conv2d, miopenConvolution, miopenPaddingDefault, {0, 0}, {1, 1}, {1, 1}, 
MIOpen(HIP): 	spatialDim = 3
MIOpen(HIP): 	pads = { 0 0 0 }
MIOpen(HIP): 	strides = { 1 1 1 }
MIOpen(HIP): 	dilations = { 1 1 1 }
MIOpen(HIP): 	c_mode = 0
MIOpen(HIP): }
MIOpen(HIP): miopenStatus_t miopenSetConvolutionGroupCount(miopenConvolutionDescriptor_t, int){
MIOpen(HIP): 	convDesc = conv3d, miopenConvolution, miopenPaddingDefault, {0, 0, 0}, {1, 1, 1}, {1, 1, 1}, 
MIOpen(HIP): 	groupCount = 1
MIOpen(HIP): }
MIOpen(HIP): miopenStatus_t miopenSetConvolutionAttribute(miopenConvolutionDescriptor_t, const miopenConvolutionAttrib_t, const int){
MIOpen(HIP): 	convDesc = conv3d, miopenConvolution, miopenPaddingDefault, {0, 0, 0}, {1, 1, 1}, {1, 1, 1}, 
MIOpen(HIP): 	attr = 1
MIOpen(HIP): 	value = 0
MIOpen(HIP): }
MIOpen(HIP): miopenStatus_t miopenConvolutionForwardGetWorkSpaceSize(miopenHandle_t, const miopenTensorDescriptor_t, const miopenTensorDescriptor_t, const miopenConvolutionDescriptor_t, const miopenTensorDescriptor_t, size_t *){
MIOpen(HIP): 	handle = stream: 0, device_id: 0
MIOpen(HIP): 	wDesc = {320, 320, 3, 3, 3}, {8640, 1, 2880, 960, 320}, packed, 
MIOpen(HIP): 	xDesc = {1, 320, 3, 274, 202}, {53134080, 1, 17711360, 64640, 320}, packed, 
MIOpen(HIP): 	convDesc = conv3d, miopenConvolution, miopenPaddingDefault, {0, 0, 0}, {1, 1, 1}, {1, 1, 1}, 
MIOpen(HIP): 	yDesc = {1, 320, 1, 272, 200}, {17408000, 1, 17408000, 64000, 320}, packed, 
MIOpen(HIP): }
MIOpen(HIP): Info2 [GetWorkSpaceSize] 
MIOpen(HIP): Info [GetSolutions] 
MIOpen(HIP): Info2 [ValidateUnsafe] DB file is older than cache: 534845152696299, 537696530279241
MIOpen(HIP): Info2 [FindRecordUnsafe] Looking for key 320-3-274-202-3x3x3-320-1-272-200-1-0x0x0-1x1x1-1x1x1-0-NDHWC-NDHWC-NDHWC-BF16-F in cache for file "/root/.config/miopen/gfx1100_48.HIP.3_5_1_41dcdea279-dirty.ufdb.txt"
MIOpen(HIP): Info2 [Measure] Db::FindRecord time: 0.060593 ms
MIOpen(HIP): Info2 [GetSolutions] ConvHipImplicitGemm3DChannelLastFwdWmmaops
MIOpen(HIP): Info [GetWorkSpaceSize] 0
MIOpen(HIP): miopenStatus_t miopenFindConvolutionForwardAlgorithm(miopenHandle_t, const miopenTensorDescriptor_t, const void *, const miopenTensorDescriptor_t, const void *, const miopenConvolutionDescriptor_t, const miopenTensorDescriptor_t, void *, const int, int *, miopenConvAlgoPerf_t *, void *, size_t, bool){
MIOpen(HIP): 	handle = stream: 0, device_id: 0
MIOpen(HIP): 	xDesc = {1, 320, 3, 274, 202}, {53134080, 1, 17711360, 64640, 320}, packed, 
MIOpen(HIP): 	x = 0x7d705c200000
MIOpen(HIP): 	wDesc = {320, 320, 3, 3, 3}, {8640, 1, 2880, 960, 320}, packed, 
MIOpen(HIP): 	w = 0x7d6dd9c20000
MIOpen(HIP): 	convDesc = conv3d, miopenConvolution, miopenPaddingDefault, {0, 0, 0}, {1, 1, 1}, {1, 1, 1}, 
MIOpen(HIP): 	yDesc = {1, 320, 1, 272, 200}, {17408000, 1, 17408000, 64000, 320}, packed, 
MIOpen(HIP): 	y = 0x7d701e6d0000
MIOpen(HIP): 	requestAlgoCount = 1
MIOpen(HIP): 	returnedAlgoCount = 32765
MIOpen(HIP): 	perfResults = 
MIOpen(HIP): 	workSpace = nullptr
MIOpen(HIP): 	workSpaceSize = 0
MIOpen(HIP): 	exhaustiveSearch = 0
MIOpen(HIP): }
MIOpen(HIP): Command [LogCmdFindConvolution] ./bin/MIOpenDriver convbfp16 -n 1 -c 320 --in_d 3 -H 274 -W 202 -k 320 --fil_d 3 -y 3 -x 3 --pad_d 0 -p 0 -q 0 --conv_stride_d 1 -u 1 -v 1 --dilation_d 1 -l 1 -j 1 --spatial_dim 3 --in_layout NDHWC --fil_layout NDHWC --out_layout NDHWC -m conv -g 1 -F 1 -t 1
MIOpen(HIP): Info [FindConvFwdAlgorithm] requestAlgoCount = 1, workspace = 0
MIOpen(HIP): Info [GetSolutions] 
MIOpen(HIP): Info2 [ValidateUnsafe] DB file is older than cache: 534845152696299, 537696530279241
MIOpen(HIP): Info2 [FindRecordUnsafe] Looking for key 320-3-274-202-3x3x3-320-1-272-200-1-0x0x0-1x1x1-1x1x1-0-NDHWC-NDHWC-NDHWC-BF16-F in cache for file "/root/.config/miopen/gfx1100_48.HIP.3_5_1_41dcdea279-dirty.ufdb.txt"
MIOpen(HIP): Info2 [Measure] Db::FindRecord time: 0.037792 ms
MIOpen(HIP): Info2 [GetSolutions] ConvHipImplicitGemm3DChannelLastFwdWmmaops
MIOpen(HIP): Info2 [GetInvoker] Returning an invoker for problem 320x3x274x202x3x3x3x320x1x272x200x1xNDHWCxNDHWCxNDHWCxBF16x0x0x0x1x1x1x1x1x1x1xFxDefault and solver ConvHipImplicitGemm3DChannelLastFwdWmmaops
MIOpen(HIP): Info [FindSolutionImpl] ConvHipImplicitGemm3DChannelLastFwdWmmaops
MIOpen(HIP): Info2 [FindRecordUnsafe] Looking for key 3x320x274x202x3x3x3x3x320x1x0x0x0x1x1x1x1x1x1x0x1xNDHWCxBF16xF in cache for file "/root/.config/miopen/gfx1100_48.HIP.3_5_1_41dcdea279-dirty.udb.txt"
MIOpen(HIP): Info2 [FindRecord] Looking for key 320-3-274-202-3x3x3-320-1-272-200-1-0x0x0-1x1x1-1x1x1-0-NDHWC-NDHWC-NDHWC-BF16-F in file ""
MIOpen(HIP): Info2 [Measure] Db::Load time: 0.021661 ms
MIOpen(HIP): Info [FindSolutionImpl] Perf Db: record not found for: ConvHipImplicitGemm3DChannelLastFwdWmmaops
MIOpen(HIP): Info2 [Register] Invoker registered for algorithm 320x3x274x202x3x3x3x320x1x272x200x1xNDHWCxNDHWCxNDHWCxBF16x0x0x0x1x1x1x1x1x1x1xFxDefault and solver ConvHipImplicitGemm3DChannelLastFwdWmmaops
MIOpen(HIP): Info2 [SetAsFound1_0] Solver ConvHipImplicitGemm3DChannelLastFwdWmmaops registered as find 1.0 best for miopenConvolutionFwdAlgoImplicitGEMM in 320x3x274x202x3x3x3x320x1x272x200x1xNDHWCxNDHWCxNDHWCxBF16x0x0x0x1x1x1x1x1x1x1xFxDefault
MIOpen(HIP): Info [FindConvolution] miopenConvolutionFwdAlgoImplicitGEMM	51.22	0
MIOpen(HIP): Info [FillFindReturnParameters] FW Chosen Algorithm: ConvHipImplicitGemm3DChannelLastFwdWmmaops , 0, 51.22
MIOpen(HIP): miopenStatus_t miopenConvolutionForward(miopenHandle_t, const void *, const miopenTensorDescriptor_t, const void *, const miopenTensorDescriptor_t, const void *, const miopenConvolutionDescriptor_t, miopenConvFwdAlgorithm_t, const void *, const miopenTensorDescriptor_t, void *, void *, size_t){
MIOpen(HIP): 	handle = stream: 0, device_id: 0
MIOpen(HIP): 	alpha = 0x7ffd68b9e4d8
MIOpen(HIP): 	xDesc = {1, 320, 3, 274, 202}, {53134080, 1, 17711360, 64640, 320}, packed, 
MIOpen(HIP): 	x = 0x7d705c200000
MIOpen(HIP): 	wDesc = {320, 320, 3, 3, 3}, {8640, 1, 2880, 960, 320}, packed, 
MIOpen(HIP): 	w = 0x7d6dd9c20000
MIOpen(HIP): 	convDesc = conv3d, miopenConvolution, miopenPaddingDefault, {0, 0, 0}, {1, 1, 1}, {1, 1, 1}, 
MIOpen(HIP): 	algo = 5
MIOpen(HIP): 	beta = 0x7ffd68b9e4e0
MIOpen(HIP): 	yDesc = {1, 320, 1, 272, 200}, {17408000, 1, 17408000, 64000, 320}, packed, 
MIOpen(HIP): 	y = 0x7d701e6d0000
MIOpen(HIP): 	workSpace = nullptr
MIOpen(HIP): 	workSpaceSize = 0
MIOpen(HIP): }
MIOpen(HIP): Command [LogCmdConvolution] ./bin/MIOpenDriver convbfp16 -n 1 -c 320 --in_d 3 -H 274 -W 202 -k 320 --fil_d 3 -y 3 -x 3 --pad_d 0 -p 0 -q 0 --conv_stride_d 1 -u 1 -v 1 --dilation_d 1 -l 1 -j 1 --spatial_dim 3 --in_layout NDHWC --fil_layout NDHWC --out_layout NDHWC -m conv -g 1 -F 1 -t 1
MIOpen(HIP): Info [ConvolutionForward] algo = 5, workspace = 0
MIOpen(HIP): Info2 [GetInvoker] Returning an invoker for problem 320x3x274x202x3x3x3x320x1x272x200x1xNDHWCxNDHWCxNDHWCxBF16x0x0x0x1x1x1x1x1x1x1xFxDefault and algorithm miopenConvolutionFwdAlgoImplicitGEMM
MIOpen(HIP): miopenStatus_t miopenDestroyConvolutionDescriptor(miopenConvolutionDescriptor_t){
MIOpen(HIP): 	convDesc = conv3d, miopenConvolution, miopenPaddingDefault, {0, 0, 0}, {1, 1, 1}, {1, 1, 1}, 
MIOpen(HIP): }
MIOpen(HIP): miopenStatus_t miopenDestroyTensorDescriptor(miopenTensorDescriptor_t){
MIOpen(HIP): 	tensorDesc = {320, 320, 3, 3, 3}, {8640, 1, 2880, 960, 320}, packed, 
MIOpen(HIP): }
MIOpen(HIP): miopenStatus_t miopenDestroyTensorDescriptor(miopenTensorDescriptor_t){
MIOpen(HIP): 	tensorDesc = {1, 320, 1, 272, 200}, {17408000, 1, 17408000, 64000, 320}, packed, 
MIOpen(HIP): }
MIOpen(HIP): miopenStatus_t miopenDestroyTensorDescriptor(miopenTensorDescriptor_t){
MIOpen(HIP): 	tensorDesc = {1, 320, 3, 274, 202}, {53134080, 1, 17711360, 64640, 320}, packed, 
MIOpen(HIP): }
MIOpen(HIP): Info [get_device_name] Raw device name: gfx1100
MIOpen(HIP): Info [SetStream] stream: 0, device_id: 0
MIOpen(HIP): miopenStatus_t miopenCreateTensorDescriptor(miopenTensorDescriptor_t *){
MIOpen(HIP): 	tensorDesc = 0x5
MIOpen(HIP): }
MIOpen(HIP): miopenStatus_t miopenSetTensorDescriptor(miopenTensorDescriptor_t, miopenDataType_t, int, const int *, const int *){
MIOpen(HIP): 	tensorDesc = {}, {}, packed, 
MIOpen(HIP): 	dataType = 5
MIOpen(HIP): 	nbDims = 5
MIOpen(HIP): 	dim.values = { 1 320 3 274 202 }
MIOpen(HIP): 	stride.values = { 53134080 1 17711360 64640 320 }
MIOpen(HIP): }
MIOpen(HIP): miopenStatus_t miopenCreateTensorDescriptor(miopenTensorDescriptor_t *){
MIOpen(HIP): 	tensorDesc = 0xfc80010e4100
MIOpen(HIP): }
MIOpen(HIP): miopenStatus_t miopenSetTensorDescriptor(miopenTensorDescriptor_t, miopenDataType_t, int, const int *, const int *){
MIOpen(HIP): 	tensorDesc = {}, {}, packed, 
MIOpen(HIP): 	dataType = 5
MIOpen(HIP): 	nbDims = 5
MIOpen(HIP): 	dim.values = { 320 320 3 3 3 }
MIOpen(HIP): 	stride.values = { 8640 1 2880 960 320 }
MIOpen(HIP): }
MIOpen(HIP): miopenStatus_t miopenCreateTensorDescriptor(miopenTensorDescriptor_t *){
MIOpen(HIP): 	tensorDesc = 0x7d7626d37df6
MIOpen(HIP): }
MIOpen(HIP): miopenStatus_t miopenSetTensorDescriptor(miopenTensorDescriptor_t, miopenDataType_t, int, const int *, const int *){
MIOpen(HIP): 	tensorDesc = {}, {}, packed, 
MIOpen(HIP): 	dataType = 5
MIOpen(HIP): 	nbDims = 5
MIOpen(HIP): 	dim.values = { 1 320 1 272 200 }
MIOpen(HIP): 	stride.values = { 17408000 1 17408000 64000 320 }
MIOpen(HIP): }
MIOpen(HIP): miopenStatus_t miopenCreateConvolutionDescriptor(miopenConvolutionDescriptor_t *){
MIOpen(HIP): 	convDesc = 0x7ffd68b9e790
MIOpen(HIP): }
MIOpen(HIP): miopenStatus_t miopenInitConvolutionNdDescriptor(miopenConvolutionDescriptor_t, int, const int *, const int *, const int *, miopenConvolutionMode_t){
MIOpen(HIP): 	convDesc = conv2d, miopenConvolution, miopenPaddingDefault, {0, 0}, {1, 1}, {1, 1}, 
MIOpen(HIP): 	spatialDim = 3
MIOpen(HIP): 	pads = { 0 0 0 }
MIOpen(HIP): 	strides = { 1 1 1 }
MIOpen(HIP): 	dilations = { 1 1 1 }
MIOpen(HIP): 	c_mode = 0
MIOpen(HIP): }
MIOpen(HIP): miopenStatus_t miopenSetConvolutionGroupCount(miopenConvolutionDescriptor_t, int){
MIOpen(HIP): 	convDesc = conv3d, miopenConvolution, miopenPaddingDefault, {0, 0, 0}, {1, 1, 1}, {1, 1, 1}, 
MIOpen(HIP): 	groupCount = 1
MIOpen(HIP): }
MIOpen(HIP): miopenStatus_t miopenSetConvolutionAttribute(miopenConvolutionDescriptor_t, const miopenConvolutionAttrib_t, const int){
MIOpen(HIP): 	convDesc = conv3d, miopenConvolution, miopenPaddingDefault, {0, 0, 0}, {1, 1, 1}, {1, 1, 1}, 
MIOpen(HIP): 	attr = 1
MIOpen(HIP): 	value = 0
MIOpen(HIP): }
MIOpen(HIP): miopenStatus_t miopenConvolutionForward(miopenHandle_t, const void *, const miopenTensorDescriptor_t, const void *, const miopenTensorDescriptor_t, const void *, const miopenConvolutionDescriptor_t, miopenConvFwdAlgorithm_t, const void *, const miopenTensorDescriptor_t, void *, void *, size_t){
MIOpen(HIP): 	handle = stream: 0, device_id: 0
MIOpen(HIP): 	alpha = 0x7ffd68b9e4d8
MIOpen(HIP): 	xDesc = {1, 320, 3, 274, 202}, {53134080, 1, 17711360, 64640, 320}, packed, 
MIOpen(HIP): 	x = 0x7d7044868000
MIOpen(HIP): 	wDesc = {320, 320, 3, 3, 3}, {8640, 1, 2880, 960, 320}, packed, 
MIOpen(HIP): 	w = 0x7d6dd9c20000
MIOpen(HIP): 	convDesc = conv3d, miopenConvolution, miopenPaddingDefault, {0, 0, 0}, {1, 1, 1}, {1, 1, 1}, 
MIOpen(HIP): 	algo = 5
MIOpen(HIP): 	beta = 0x7ffd68b9e4e0
MIOpen(HIP): 	yDesc = {1, 320, 1, 272, 200}, {17408000, 1, 17408000, 64000, 320}, packed, 
MIOpen(HIP): 	y = 0x7d701e6d0000
MIOpen(HIP): 	workSpace = nullptr
MIOpen(HIP): 	workSpaceSize = 0
MIOpen(HIP): }
MIOpen(HIP): Command [LogCmdConvolution] ./bin/MIOpenDriver convbfp16 -n 1 -c 320 --in_d 3 -H 274 -W 202 -k 320 --fil_d 3 -y 3 -x 3 --pad_d 0 -p 0 -q 0 --conv_stride_d 1 -u 1 -v 1 --dilation_d 1 -l 1 -j 1 --spatial_dim 3 --in_layout NDHWC --fil_layout NDHWC --out_layout NDHWC -m conv -g 1 -F 1 -t 1
MIOpen(HIP): Info [ConvolutionForward] algo = 5, workspace = 0
MIOpen(HIP): Info2 [GetInvoker] Returning an invoker for problem 320x3x274x202x3x3x3x320x1x272x200x1xNDHWCxNDHWCxNDHWCxBF16x0x0x0x1x1x1x1x1x1x1xFxDefault and algorithm miopenConvolutionFwdAlgoImplicitGEMM
MIOpen(HIP): miopenStatus_t miopenDestroyConvolutionDescriptor(miopenConvolutionDescriptor_t){
MIOpen(HIP): 	convDesc = conv3d, miopenConvolution, miopenPaddingDefault, {0, 0, 0}, {1, 1, 1}, {1, 1, 1}, 
MIOpen(HIP): }
MIOpen(HIP): miopenStatus_t miopenDestroyTensorDescriptor(miopenTensorDescriptor_t){
MIOpen(HIP): 	tensorDesc = {320, 320, 3, 3, 3}, {8640, 1, 2880, 960, 320}, packed, 
MIOpen(HIP): }
MIOpen(HIP): miopenStatus_t miopenDestroyTensorDescriptor(miopenTensorDescriptor_t){
MIOpen(HIP): 	tensorDesc = {1, 320, 1, 272, 200}, {17408000, 1, 17408000, 64000, 320}, packed, 
MIOpen(HIP): }
MIOpen(HIP): miopenStatus_t miopenDestroyTensorDescriptor(miopenTensorDescriptor_t){
MIOpen(HIP): 	tensorDesc = {1, 320, 3, 274, 202}, {53134080, 1, 17711360, 64640, 320}, packed, 
MIOpen(HIP): }
MIOpen(HIP): Info [get_device_name] Raw device name: gfx1100
MIOpen(HIP): Info [SetStream] stream: 0, device_id: 0
MIOpen(HIP): miopenStatus_t miopenCreateTensorDescriptor(miopenTensorDescriptor_t *){
MIOpen(HIP): 	tensorDesc = 0x5
MIOpen(HIP): }
MIOpen(HIP): miopenStatus_t miopenSetTensorDescriptor(miopenTensorDescriptor_t, miopenDataType_t, int, const int *, const int *){
MIOpen(HIP): 	tensorDesc = {}, {}, packed, 
MIOpen(HIP): 	dataType = 5
MIOpen(HIP): 	nbDims = 5
MIOpen(HIP): 	dim.values = { 1 320 3 274 202 }
MIOpen(HIP): 	stride.values = { 53134080 1 17711360 64640 320 }
MIOpen(HIP): }
MIOpen(HIP): miopenStatus_t miopenCreateTensorDescriptor(miopenTensorDescriptor_t *){
MIOpen(HIP): 	tensorDesc = 0xfc80010e4100
MIOpen(HIP): }
MIOpen(HIP): miopenStatus_t miopenSetTensorDescriptor(miopenTensorDescriptor_t, miopenDataType_t, int, const int *, const int *){
MIOpen(HIP): 	tensorDesc = {}, {}, packed, 
MIOpen(HIP): 	dataType = 5
MIOpen(HIP): 	nbDims = 5
MIOpen(HIP): 	dim.values = { 320 320 3 3 3 }
MIOpen(HIP): 	stride.values = { 8640 1 2880 960 320 }
MIOpen(HIP): }
MIOpen(HIP): miopenStatus_t miopenCreateTensorDescriptor(miopenTensorDescriptor_t *){
MIOpen(HIP): 	tensorDesc = 0x7d7626d37df6
MIOpen(HIP): }
MIOpen(HIP): miopenStatus_t miopenSetTensorDescriptor(miopenTensorDescriptor_t, miopenDataType_t, int, const int *, const int *){
MIOpen(HIP): 	tensorDesc = {}, {}, packed, 
MIOpen(HIP): 	dataType = 5
MIOpen(HIP): 	nbDims = 5
MIOpen(HIP): 	dim.values = { 1 320 1 272 200 }
MIOpen(HIP): 	stride.values = { 17408000 1 17408000 64000 320 }
MIOpen(HIP): }
MIOpen(HIP): miopenStatus_t miopenCreateConvolutionDescriptor(miopenConvolutionDescriptor_t *){
MIOpen(HIP): 	convDesc = 0x7ffd68b9e790
MIOpen(HIP): }
MIOpen(HIP): miopenStatus_t miopenInitConvolutionNdDescriptor(miopenConvolutionDescriptor_t, int, const int *, const int *, const int *, miopenConvolutionMode_t){
MIOpen(HIP): 	convDesc = conv2d, miopenConvolution, miopenPaddingDefault, {0, 0}, {1, 1}, {1, 1}, 
MIOpen(HIP): 	spatialDim = 3
MIOpen(HIP): 	pads = { 0 0 0 }
MIOpen(HIP): 	strides = { 1 1 1 }
MIOpen(HIP): 	dilations = { 1 1 1 }
MIOpen(HIP): 	c_mode = 0
MIOpen(HIP): }
MIOpen(HIP): miopenStatus_t miopenSetConvolutionGroupCount(miopenConvolutionDescriptor_t, int){
MIOpen(HIP): 	convDesc = conv3d, miopenConvolution, miopenPaddingDefault, {0, 0, 0}, {1, 1, 1}, {1, 1, 1}, 
MIOpen(HIP): 	groupCount = 1
MIOpen(HIP): }
MIOpen(HIP): miopenStatus_t miopenSetConvolutionAttribute(miopenConvolutionDescriptor_t, const miopenConvolutionAttrib_t, const int){
MIOpen(HIP): 	convDesc = conv3d, miopenConvolution, miopenPaddingDefault, {0, 0, 0}, {1, 1, 1}, {1, 1, 1}, 
MIOpen(HIP): 	attr = 1
MIOpen(HIP): 	value = 0
MIOpen(HIP): }
MIOpen(HIP): miopenStatus_t miopenConvolutionForward(miopenHandle_t, const void *, const miopenTensorDescriptor_t, const void *, const miopenTensorDescriptor_t, const void *, const miopenConvolutionDescriptor_t, miopenConvFwdAlgorithm_t, const void *, const miopenTensorDescriptor_t, void *, void *, size_t){
MIOpen(HIP): 	handle = stream: 0, device_id: 0
MIOpen(HIP): 	alpha = 0x7ffd68b9e4d8
MIOpen(HIP): 	xDesc = {1, 320, 3, 274, 202}, {53134080, 1, 17711360, 64640, 320}, packed, 
MIOpen(HIP): 	x = 0x7d705c200000
MIOpen(HIP): 	wDesc = {320, 320, 3, 3, 3}, {8640, 1, 2880, 960, 320}, packed, 
MIOpen(HIP): 	w = 0x7d6dd9c20000
MIOpen(HIP): 	convDesc = conv3d, miopenConvolution, miopenPaddingDefault, {0, 0, 0}, {1, 1, 1}, {1, 1, 1}, 
MIOpen(HIP): 	algo = 5
MIOpen(HIP): 	beta = 0x7ffd68b9e4e0
MIOpen(HIP): 	yDesc = {1, 320, 1, 272, 200}, {17408000, 1, 17408000, 64000, 320}, packed, 
MIOpen(HIP): 	y = 0x7d701e6d0000
MIOpen(HIP): 	workSpace = nullptr
MIOpen(HIP): 	workSpaceSize = 0
MIOpen(HIP): }
MIOpen(HIP): Command [LogCmdConvolution] ./bin/MIOpenDriver convbfp16 -n 1 -c 320 --in_d 3 -H 274 -W 202 -k 320 --fil_d 3 -y 3 -x 3 --pad_d 0 -p 0 -q 0 --conv_stride_d 1 -u 1 -v 1 --dilation_d 1 -l 1 -j 1 --spatial_dim 3 --in_layout NDHWC --fil_layout NDHWC --out_layout NDHWC -m conv -g 1 -F 1 -t 1
MIOpen(HIP): Info [ConvolutionForward] algo = 5, workspace = 0
MIOpen(HIP): Info2 [GetInvoker] Returning an invoker for problem 320x3x274x202x3x3x3x320x1x272x200x1xNDHWCxNDHWCxNDHWCxBF16x0x0x0x1x1x1x1x1x1x1xFxDefault and algorithm miopenConvolutionFwdAlgoImplicitGEMM
MIOpen(HIP): miopenStatus_t miopenDestroyConvolutionDescriptor(miopenConvolutionDescriptor_t){
MIOpen(HIP): 	convDesc = conv3d, miopenConvolution, miopenPaddingDefault, {0, 0, 0}, {1, 1, 1}, {1, 1, 1}, 
MIOpen(HIP): }
MIOpen(HIP): miopenStatus_t miopenDestroyTensorDescriptor(miopenTensorDescriptor_t){
MIOpen(HIP): 	tensorDesc = {320, 320, 3, 3, 3}, {8640, 1, 2880, 960, 320}, packed, 
MIOpen(HIP): }
MIOpen(HIP): miopenStatus_t miopenDestroyTensorDescriptor(miopenTensorDescriptor_t){
MIOpen(HIP): 	tensorDesc = {1, 320, 1, 272, 200}, {17408000, 1, 17408000, 64000, 320}, packed, 
MIOpen(HIP): }
MIOpen(HIP): miopenStatus_t miopenDestroyTensorDescriptor(miopenTensorDescriptor_t){
MIOpen(HIP): 	tensorDesc = {1, 320, 3, 274, 202}, {53134080, 1, 17711360, 64640, 320}, packed, 
MIOpen(HIP): }
MIOpen(HIP): Info [get_device_name] Raw device name: gfx1100
MIOpen(HIP): Info [SetStream] stream: 0, device_id: 0
MIOpen(HIP): miopenStatus_t miopenCreateTensorDescriptor(miopenTensorDescriptor_t *){
MIOpen(HIP): 	tensorDesc = 0x4
MIOpen(HIP): }
MIOpen(HIP): miopenStatus_t miopenSetTensorDescriptor(miopenTensorDescriptor_t, miopenDataType_t, int, const int *, const int *){
MIOpen(HIP): 	tensorDesc = {}, {}, packed, 
MIOpen(HIP): 	dataType = 5
MIOpen(HIP): 	nbDims = 4
MIOpen(HIP): 	dim.values = { 1 320 273 201 }
MIOpen(HIP): 	stride.values = { 17559360 54873 201 1 }
MIOpen(HIP): }
MIOpen(HIP): miopenStatus_t miopenCreateTensorDescriptor(miopenTensorDescriptor_t *){
MIOpen(HIP): 	tensorDesc = 0x1000000c9
MIOpen(HIP): }
MIOpen(HIP): miopenStatus_t miopenSetTensorDescriptor(miopenTensorDescriptor_t, miopenDataType_t, int, const int *, const int *){
MIOpen(HIP): 	tensorDesc = {}, {}, packed, 
MIOpen(HIP): 	dataType = 5
MIOpen(HIP): 	nbDims = 4
MIOpen(HIP): 	dim.values = { 320 320 3 3 }
MIOpen(HIP): 	stride.values = { 2880 9 3 1 }
MIOpen(HIP): }
MIOpen(HIP): miopenStatus_t miopenCreateTensorDescriptor(miopenTensorDescriptor_t *){
MIOpen(HIP): 	tensorDesc = 0x7d7626d37df6
MIOpen(HIP): }
MIOpen(HIP): miopenStatus_t miopenSetTensorDescriptor(miopenTensorDescriptor_t, miopenDataType_t, int, const int *, const int *){
MIOpen(HIP): 	tensorDesc = {}, {}, packed, 
MIOpen(HIP): 	dataType = 5
MIOpen(HIP): 	nbDims = 4
MIOpen(HIP): 	dim.values = { 1 320 136 100 }
MIOpen(HIP): 	stride.values = { 4352000 13600 100 1 }
MIOpen(HIP): }
MIOpen(HIP): miopenStatus_t miopenCreateConvolutionDescriptor(miopenConvolutionDescriptor_t *){
MIOpen(HIP): 	convDesc = 0x7ffd68b9df70
MIOpen(HIP): }
MIOpen(HIP): miopenStatus_t miopenInitConvolutionNdDescriptor(miopenConvolutionDescriptor_t, int, const int *, const int *, const int *, miopenConvolutionMode_t){
MIOpen(HIP): 	convDesc = conv2d, miopenConvolution, miopenPaddingDefault, {0, 0}, {1, 1}, {1, 1}, 
MIOpen(HIP): 	spatialDim = 2
MIOpen(HIP): 	pads = { 0 0 }
MIOpen(HIP): 	strides = { 2 2 }
MIOpen(HIP): 	dilations = { 1 1 }
MIOpen(HIP): 	c_mode = 0
MIOpen(HIP): }
MIOpen(HIP): miopenStatus_t miopenSetConvolutionGroupCount(miopenConvolutionDescriptor_t, int){
MIOpen(HIP): 	convDesc = conv2d, miopenConvolution, miopenPaddingDefault, {0, 0}, {2, 2}, {1, 1}, 
MIOpen(HIP): 	groupCount = 1
MIOpen(HIP): }
MIOpen(HIP): miopenStatus_t miopenSetConvolutionAttribute(miopenConvolutionDescriptor_t, const miopenConvolutionAttrib_t, const int){
MIOpen(HIP): 	convDesc = conv2d, miopenConvolution, miopenPaddingDefault, {0, 0}, {2, 2}, {1, 1}, 
MIOpen(HIP): 	attr = 1
MIOpen(HIP): 	value = 0
MIOpen(HIP): }
MIOpen(HIP): miopenStatus_t miopenConvolutionForwardGetWorkSpaceSize(miopenHandle_t, const miopenTensorDescriptor_t, const miopenTensorDescriptor_t, const miopenConvolutionDescriptor_t, const miopenTensorDescriptor_t, size_t *){
MIOpen(HIP): 	handle = stream: 0, device_id: 0
MIOpen(HIP): 	wDesc = {320, 320, 3, 3}, {2880, 9, 3, 1}, packed, 
MIOpen(HIP): 	xDesc = {1, 320, 273, 201}, {17559360, 54873, 201, 1}, packed, 
MIOpen(HIP): 	convDesc = conv2d, miopenConvolution, miopenPaddingDefault, {0, 0}, {2, 2}, {1, 1}, 
MIOpen(HIP): 	yDesc = {1, 320, 136, 100}, {4352000, 13600, 100, 1}, packed, 
MIOpen(HIP): }
MIOpen(HIP): Info2 [GetWorkSpaceSize] 
MIOpen(HIP): Info [GetSolutions] 
MIOpen(HIP): Info2 [ValidateUnsafe] DB file is older than cache: 534845152696299, 537696530279241
MIOpen(HIP): Info2 [FindRecordUnsafe] Looking for key 320-273-201-3x3-320-136-100-1-0x0-2x2-1x1-0-NCHW-BF16-F in cache for file "/root/.config/miopen/gfx1100_48.HIP.3_5_1_41dcdea279-dirty.ufdb.txt"
MIOpen(HIP): Info2 [Measure] Db::FindRecord time: 0.045663 ms
MIOpen(HIP): Info2 [GetSolutions] GemmFwdRest
MIOpen(HIP): Info [GetWorkSpaceSize] 78336000
MIOpen(HIP): miopenStatus_t miopenFindConvolutionForwardAlgorithm(miopenHandle_t, const miopenTensorDescriptor_t, const void *, const miopenTensorDescriptor_t, const void *, const miopenConvolutionDescriptor_t, const miopenTensorDescriptor_t, void *, const int, int *, miopenConvAlgoPerf_t *, void *, size_t, bool){
MIOpen(HIP): 	handle = stream: 0, device_id: 0
MIOpen(HIP): 	xDesc = {1, 320, 273, 201}, {17559360, 54873, 201, 1}, packed, 
MIOpen(HIP): 	x = 0x7d7011ad0000
MIOpen(HIP): 	wDesc = {320, 320, 3, 3}, {2880, 9, 3, 1}, packed, 
MIOpen(HIP): 	w = 0x7d6dfc946000
MIOpen(HIP): 	convDesc = conv2d, miopenConvolution, miopenPaddingDefault, {0, 0}, {2, 2}, {1, 1}, 
MIOpen(HIP): 	yDesc = {1, 320, 136, 100}, {4352000, 13600, 100, 1}, packed, 
MIOpen(HIP): 	y = 0x7d701e6d0000
MIOpen(HIP): 	requestAlgoCount = 1
MIOpen(HIP): 	returnedAlgoCount = 32765
MIOpen(HIP): 	perfResults = 
MIOpen(HIP): 	workSpace = 0x7d705c200000
MIOpen(HIP): 	workSpaceSize = 78336000
MIOpen(HIP): 	exhaustiveSearch = 0
MIOpen(HIP): }
MIOpen(HIP): Command [LogCmdFindConvolution] ./bin/MIOpenDriver convbfp16 -n 1 -c 320 -H 273 -W 201 -k 320 -y 3 -x 3 -p 0 -q 0 -u 2 -v 2 -l 1 -j 1 -m conv -g 1 -F 1 -t 1
MIOpen(HIP): Info [FindConvFwdAlgorithm] requestAlgoCount = 1, workspace = 78336000
MIOpen(HIP): Info [GetSolutions] 
MIOpen(HIP): Info2 [ValidateUnsafe] DB file is older than cache: 534845152696299, 537696530279241
MIOpen(HIP): Info2 [FindRecordUnsafe] Looking for key 320-273-201-3x3-320-136-100-1-0x0-2x2-1x1-0-NCHW-BF16-F in cache for file "/root/.config/miopen/gfx1100_48.HIP.3_5_1_41dcdea279-dirty.ufdb.txt"
MIOpen(HIP): Info2 [Measure] Db::FindRecord time: 0.038282 ms
MIOpen(HIP): Info2 [GetSolutions] GemmFwdRest
MIOpen(HIP): Info2 [GetInvoker] Returning an invoker for problem 320x273x201x3x3x320x136x100x1xNCHWxBF16x0x0x2x2x1x1x1xFxDefault and solver GemmFwdRest
MIOpen(HIP): Info [FindSolutionImpl] GemmFwdRest (not searchable)
MIOpen(HIP): Info2 [Register] Invoker registered for algorithm 320x273x201x3x3x320x136x100x1xNCHWxBF16x0x0x2x2x1x1x1xFxDefault and solver GemmFwdRest
MIOpen(HIP): Info2 [SetAsFound1_0] Solver GemmFwdRest registered as find 1.0 best for miopenConvolutionFwdAlgoGEMM in 320x273x201x3x3x320x136x100x1xNCHWxBF16x0x0x2x2x1x1x1xFxDefault
MIOpen(HIP): Info [FindConvolution] miopenConvolutionFwdAlgoGEMM	0.633311	78336000
MIOpen(HIP): Info [FillFindReturnParameters] FW Chosen Algorithm: GemmFwdRest , 78336000, 0.633311
MIOpen(HIP): miopenStatus_t miopenConvolutionForward(miopenHandle_t, const void *, const miopenTensorDescriptor_t, const void *, const miopenTensorDescriptor_t, const void *, const miopenConvolutionDescriptor_t, miopenConvFwdAlgorithm_t, const void *, const miopenTensorDescriptor_t, void *, void *, size_t){
MIOpen(HIP): 	handle = stream: 0, device_id: 0
MIOpen(HIP): 	alpha = 0x7ffd68b9dcb8
MIOpen(HIP): 	xDesc = {1, 320, 273, 201}, {17559360, 54873, 201, 1}, packed, 
MIOpen(HIP): 	x = 0x7d7011ad0000
MIOpen(HIP): 	wDesc = {320, 320, 3, 3}, {2880, 9, 3, 1}, packed, 
MIOpen(HIP): 	w = 0x7d6dfc946000
MIOpen(HIP): 	convDesc = conv2d, miopenConvolution, miopenPaddingDefault, {0, 0}, {2, 2}, {1, 1}, 
MIOpen(HIP): 	algo = 0
MIOpen(HIP): 	beta = 0x7ffd68b9dcc0
MIOpen(HIP): 	yDesc = {1, 320, 136, 100}, {4352000, 13600, 100, 1}, packed, 
MIOpen(HIP): 	y = 0x7d701e6d0000
MIOpen(HIP): 	workSpace = 0x7d705dc00000
MIOpen(HIP): 	workSpaceSize = 78336000
MIOpen(HIP): }
MIOpen(HIP): Command [LogCmdConvolution] ./bin/MIOpenDriver convbfp16 -n 1 -c 320 -H 273 -W 201 -k 320 -y 3 -x 3 -p 0 -q 0 -u 2 -v 2 -l 1 -j 1 -m conv -g 1 -F 1 -t 1
MIOpen(HIP): Info [ConvolutionForward] algo = 0, workspace = 78336000
MIOpen(HIP): Info2 [GetInvoker] Returning an invoker for problem 320x273x201x3x3x320x136x100x1xNCHWxBF16x0x0x2x2x1x1x1xFxDefault and algorithm miopenConvolutionFwdAlgoGEMM
MIOpen(HIP): auto miopen::solver::conv::GemmFwdRest::GetSolution(const ExecutionContext &, const ProblemDescription &)::(anonymous class)::operator()(const std::vector<Kernel> &)::(anonymous class)::operator()(const Handle &, const AnyInvokeParams &) const{
MIOpen(HIP): 	name + ", non 1x1" = convolution, non 1x1
MIOpen(HIP): }
MIOpen(HIP): Info2 [GetKernels] 0 kernels for key: miopenIm2d2Col "c320i273_201w3_3p0_0s2_2d1_1t5"
MIOpen(HIP): Info2 [AddKernel] Key: miopenIm2d2Col "c320i273_201w3_3p0_0s2_2d1_1t5 -DLOCAL_MEM_SIZE=1105 -DSTRIDE_GT_1=1 -DNUM_IM_BLKS_EQ_1=0 -DUSE_IM_OFF_GUARD=1"
MIOpen(HIP): Info2 [run] kernel_name = Im2d2Col_v2, global_work_dim = { 5570560, 1, 1 }, local_work_dim = { 256, 1, 1 }
MIOpen(HIP): Info2 [CallGemm] gemm_desc: {isColMajor 0, transA 0, transB 0, m 320, n 13600, k 2880, lda 2880, ldb 13600, ldc 13600, batch_count 1, strideA 0, strideB 0, strideC 0, alpha 1, beta 0, dataType bfloat16, a_cast_type bfloat16, b_cast_type bfloat16} 
MIOpen(HIP): Info2 [CallGemm] rocBLAS
MIOpen(HIP): miopenStatus_t miopenDestroyConvolutionDescriptor(miopenConvolutionDescriptor_t){
MIOpen(HIP): 	convDesc = conv2d, miopenConvolution, miopenPaddingDefault, {0, 0}, {2, 2}, {1, 1}, 
MIOpen(HIP): }
MIOpen(HIP): miopenStatus_t miopenDestroyTensorDescriptor(miopenTensorDescriptor_t){
MIOpen(HIP): 	tensorDesc = {320, 320, 3, 3}, {2880, 9, 3, 1}, packed, 
MIOpen(HIP): }
MIOpen(HIP): miopenStatus_t miopenDestroyTensorDescriptor(miopenTensorDescriptor_t){
MIOpen(HIP): 	tensorDesc = {1, 320, 136, 100}, {4352000, 13600, 100, 1}, packed, 
MIOpen(HIP): }
MIOpen(HIP): miopenStatus_t miopenDestroyTensorDescriptor(miopenTensorDescriptor_t){
MIOpen(HIP): 	tensorDesc = {1, 320, 273, 201}, {17559360, 54873, 201, 1}, packed, 
MIOpen(HIP): }
MIOpen(HIP): Info [get_device_name] Raw device name: gfx1100
MIOpen(HIP): Info [SetStream] stream: 0, device_id: 0
MIOpen(HIP): miopenStatus_t miopenCreateTensorDescriptor(miopenTensorDescriptor_t *){
MIOpen(HIP): 	tensorDesc = 0x5
MIOpen(HIP): }
MIOpen(HIP): miopenStatus_t miopenSetTensorDescriptor(miopenTensorDescriptor_t, miopenDataType_t, int, const int *, const int *){
MIOpen(HIP): 	tensorDesc = {}, {}, packed, 
MIOpen(HIP): 	dataType = 5
MIOpen(HIP): 	nbDims = 5
MIOpen(HIP): 	dim.values = { 1 320 1 136 100 }
MIOpen(HIP): 	stride.values = { 4352000 1 4352000 32000 320 }
MIOpen(HIP): }
MIOpen(HIP): miopenStatus_t miopenCreateTensorDescriptor(miopenTensorDescriptor_t *){
MIOpen(HIP): 	tensorDesc = 0x7d0000426800
MIOpen(HIP): }
MIOpen(HIP): miopenStatus_t miopenSetTensorDescriptor(miopenTensorDescriptor_t, miopenDataType_t, int, const int *, const int *){
MIOpen(HIP): 	tensorDesc = {}, {}, packed, 
MIOpen(HIP): 	dataType = 5
MIOpen(HIP): 	nbDims = 5
MIOpen(HIP): 	dim.values = { 640 320 1 1 1 }
MIOpen(HIP): 	stride.values = { 320 1 320 320 320 }
MIOpen(HIP): }
MIOpen(HIP): miopenStatus_t miopenCreateTensorDescriptor(miopenTensorDescriptor_t *){
MIOpen(HIP): 	tensorDesc = 0x7d7626d37df6
MIOpen(HIP): }
MIOpen(HIP): miopenStatus_t miopenSetTensorDescriptor(miopenTensorDescriptor_t, miopenDataType_t, int, const int *, const int *){
MIOpen(HIP): 	tensorDesc = {}, {}, packed, 
MIOpen(HIP): 	dataType = 5
MIOpen(HIP): 	nbDims = 5
MIOpen(HIP): 	dim.values = { 1 640 1 136 100 }
MIOpen(HIP): 	stride.values = { 8704000 1 8704000 64000 640 }
MIOpen(HIP): }
MIOpen(HIP): miopenStatus_t miopenCreateConvolutionDescriptor(miopenConvolutionDescriptor_t *){
MIOpen(HIP): 	convDesc = 0x7ffd68b9e790
MIOpen(HIP): }
MIOpen(HIP): miopenStatus_t miopenInitConvolutionNdDescriptor(miopenConvolutionDescriptor_t, int, const int *, const int *, const int *, miopenConvolutionMode_t){
MIOpen(HIP): 	convDesc = conv2d, miopenConvolution, miopenPaddingDefault, {0, 0}, {1, 1}, {1, 1}, 
MIOpen(HIP): 	spatialDim = 3
MIOpen(HIP): 	pads = { 0 0 0 }
MIOpen(HIP): 	strides = { 1 1 1 }
MIOpen(HIP): 	dilations = { 1 1 1 }
MIOpen(HIP): 	c_mode = 0
MIOpen(HIP): }
MIOpen(HIP): miopenStatus_t miopenSetConvolutionGroupCount(miopenConvolutionDescriptor_t, int){
MIOpen(HIP): 	convDesc = conv3d, miopenConvolution, miopenPaddingDefault, {0, 0, 0}, {1, 1, 1}, {1, 1, 1}, 
MIOpen(HIP): 	groupCount = 1
MIOpen(HIP): }
MIOpen(HIP): miopenStatus_t miopenSetConvolutionAttribute(miopenConvolutionDescriptor_t, const miopenConvolutionAttrib_t, const int){
MIOpen(HIP): 	convDesc = conv3d, miopenConvolution, miopenPaddingDefault, {0, 0, 0}, {1, 1, 1}, {1, 1, 1}, 
MIOpen(HIP): 	attr = 1
MIOpen(HIP): 	value = 0
MIOpen(HIP): }
MIOpen(HIP): miopenStatus_t miopenConvolutionForwardGetWorkSpaceSize(miopenHandle_t, const miopenTensorDescriptor_t, const miopenTensorDescriptor_t, const miopenConvolutionDescriptor_t, const miopenTensorDescriptor_t, size_t *){
MIOpen(HIP): 	handle = stream: 0, device_id: 0
MIOpen(HIP): 	wDesc = {640, 320, 1, 1, 1}, {320, 1, 320, 320, 320}, packed, 
MIOpen(HIP): 	xDesc = {1, 320, 1, 136, 100}, {4352000, 1, 4352000, 32000, 320}, packed, 
MIOpen(HIP): 	convDesc = conv3d, miopenConvolution, miopenPaddingDefault, {0, 0, 0}, {1, 1, 1}, {1, 1, 1}, 
MIOpen(HIP): 	yDesc = {1, 640, 1, 136, 100}, {8704000, 1, 8704000, 64000, 640}, packed, 
MIOpen(HIP): }
MIOpen(HIP): Info2 [GetWorkSpaceSize] 
MIOpen(HIP): Info [GetSolutions] 
MIOpen(HIP): Info2 [ValidateUnsafe] DB file is older than cache: 534845152696299, 537696530279241
MIOpen(HIP): Info2 [FindRecordUnsafe] Looking for key 320-1-136-100-1x1x1-640-1-136-100-1-0x0x0-1x1x1-1x1x1-0-NDHWC-NDHWC-NDHWC-BF16-F in cache for file "/root/.config/miopen/gfx1100_48.HIP.3_5_1_41dcdea279-dirty.ufdb.txt"
MIOpen(HIP): Info2 [Measure] Db::FindRecord time: 0.046513 ms
MIOpen(HIP): Info2 [GetSolutions] ConvHipImplicitGemm3DChannelLastFwdWmmaops
MIOpen(HIP): Info [GetWorkSpaceSize] 0
MIOpen(HIP): miopenStatus_t miopenFindConvolutionForwardAlgorithm(miopenHandle_t, const miopenTensorDescriptor_t, const void *, const miopenTensorDescriptor_t, const void *, const miopenConvolutionDescriptor_t, const miopenTensorDescriptor_t, void *, const int, int *, miopenConvAlgoPerf_t *, void *, size_t, bool){
MIOpen(HIP): 	handle = stream: 0, device_id: 0
MIOpen(HIP): 	xDesc = {1, 320, 1, 136, 100}, {4352000, 1, 4352000, 32000, 320}, packed, 
MIOpen(HIP): 	x = 0x7d7022e00000
MIOpen(HIP): 	wDesc = {640, 320, 1, 1, 1}, {320, 1, 320, 320, 320}, packed, 
MIOpen(HIP): 	w = 0x7d6dffcdf600
MIOpen(HIP): 	convDesc = conv3d, miopenConvolution, miopenPaddingDefault, {0, 0, 0}, {1, 1, 1}, {1, 1, 1}, 
MIOpen(HIP): 	yDesc = {1, 640, 1, 136, 100}, {8704000, 1, 8704000, 64000, 640}, packed, 
MIOpen(HIP): 	y = 0x7d702364d000
MIOpen(HIP): 	requestAlgoCount = 1
MIOpen(HIP): 	returnedAlgoCount = 32765
MIOpen(HIP): 	perfResults = 
MIOpen(HIP): 	workSpace = nullptr
MIOpen(HIP): 	workSpaceSize = 0
MIOpen(HIP): 	exhaustiveSearch = 0
MIOpen(HIP): }
MIOpen(HIP): Command [LogCmdFindConvolution] ./bin/MIOpenDriver convbfp16 -n 1 -c 320 --in_d 1 -H 136 -W 100 -k 640 --fil_d 1 -y 1 -x 1 --pad_d 0 -p 0 -q 0 --conv_stride_d 1 -u 1 -v 1 --dilation_d 1 -l 1 -j 1 --spatial_dim 3 --in_layout NDHWC --fil_layout NDHWC --out_layout NDHWC -m conv -g 1 -F 1 -t 1
MIOpen(HIP): Info [FindConvFwdAlgorithm] requestAlgoCount = 1, workspace = 0
MIOpen(HIP): Info [GetSolutions] 
MIOpen(HIP): Info2 [ValidateUnsafe] DB file is older than cache: 534845152696299, 537696530279241
MIOpen(HIP): Info2 [FindRecordUnsafe] Looking for key 320-1-136-100-1x1x1-640-1-136-100-1-0x0x0-1x1x1-1x1x1-0-NDHWC-NDHWC-NDHWC-BF16-F in cache for file "/root/.config/miopen/gfx1100_48.HIP.3_5_1_41dcdea279-dirty.ufdb.txt"
MIOpen(HIP): Info2 [Measure] Db::FindRecord time: 0.035641 ms
MIOpen(HIP): Info2 [GetSolutions] ConvHipImplicitGemm3DChannelLastFwdWmmaops
MIOpen(HIP): Info2 [GetInvoker] Returning an invoker for problem 320x1x136x100x1x1x1x640x1x136x100x1xNDHWCxNDHWCxNDHWCxBF16x0x0x0x1x1x1x1x1x1x1xFxDefault and solver ConvHipImplicitGemm3DChannelLastFwdWmmaops
MIOpen(HIP): Info [FindSolutionImpl] ConvHipImplicitGemm3DChannelLastFwdWmmaops
MIOpen(HIP): Info2 [FindRecordUnsafe] Looking for key 3x320x136x100x1x1x1x1x640x1x0x0x0x1x1x1x1x1x1x0x1xNDHWCxBF16xF in cache for file "/root/.config/miopen/gfx1100_48.HIP.3_5_1_41dcdea279-dirty.udb.txt"
MIOpen(HIP): Info2 [FindRecord] Looking for key 320-1-136-100-1x1x1-640-1-136-100-1-0x0x0-1x1x1-1x1x1-0-NDHWC-NDHWC-NDHWC-BF16-F in file ""
MIOpen(HIP): Info2 [Measure] Db::Load time: 0.019621 ms
MIOpen(HIP): Info [FindSolutionImpl] Perf Db: record not found for: ConvHipImplicitGemm3DChannelLastFwdWmmaops
MIOpen(HIP): Info2 [Register] Invoker registered for algorithm 320x1x136x100x1x1x1x640x1x136x100x1xNDHWCxNDHWCxNDHWCxBF16x0x0x0x1x1x1x1x1x1x1xFxDefault and solver ConvHipImplicitGemm3DChannelLastFwdWmmaops
MIOpen(HIP): Info2 [SetAsFound1_0] Solver ConvHipImplicitGemm3DChannelLastFwdWmmaops registered as find 1.0 best for miopenConvolutionFwdAlgoImplicitGEMM in 320x1x136x100x1x1x1x640x1x136x100x1xNDHWCxNDHWCxNDHWCxBF16x0x0x0x1x1x1x1x1x1x1xFxDefault
MIOpen(HIP): Info [FindConvolution] miopenConvolutionFwdAlgoImplicitGEMM	1.05861	0
MIOpen(HIP): Info [FillFindReturnParameters] FW Chosen Algorithm: ConvHipImplicitGemm3DChannelLastFwdWmmaops , 0, 1.05861
MIOpen(HIP): miopenStatus_t miopenConvolutionForward(miopenHandle_t, const void *, const miopenTensorDescriptor_t, const void *, const miopenTensorDescriptor_t, const void *, const miopenConvolutionDescriptor_t, miopenConvFwdAlgorithm_t, const void *, const miopenTensorDescriptor_t, void *, void *, size_t){
MIOpen(HIP): 	handle = stream: 0, device_id: 0
MIOpen(HIP): 	alpha = 0x7ffd68b9e4d8
MIOpen(HIP): 	xDesc = {1, 320, 1, 136, 100}, {4352000, 1, 4352000, 32000, 320}, packed, 
MIOpen(HIP): 	x = 0x7d7022e00000
MIOpen(HIP): 	wDesc = {640, 320, 1, 1, 1}, {320, 1, 320, 320, 320}, packed, 
MIOpen(HIP): 	w = 0x7d6dffcdf600
MIOpen(HIP): 	convDesc = conv3d, miopenConvolution, miopenPaddingDefault, {0, 0, 0}, {1, 1, 1}, {1, 1, 1}, 
MIOpen(HIP): 	algo = 5
MIOpen(HIP): 	beta = 0x7ffd68b9e4e0
MIOpen(HIP): 	yDesc = {1, 640, 1, 136, 100}, {8704000, 1, 8704000, 64000, 640}, packed, 
MIOpen(HIP): 	y = 0x7d702364d000
MIOpen(HIP): 	workSpace = nullptr
MIOpen(HIP): 	workSpaceSize = 0
MIOpen(HIP): }
MIOpen(HIP): Command [LogCmdConvolution] ./bin/MIOpenDriver convbfp16 -n 1 -c 320 --in_d 1 -H 136 -W 100 -k 640 --fil_d 1 -y 1 -x 1 --pad_d 0 -p 0 -q 0 --conv_stride_d 1 -u 1 -v 1 --dilation_d 1 -l 1 -j 1 --spatial_dim 3 --in_layout NDHWC --fil_layout NDHWC --out_layout NDHWC -m conv -g 1 -F 1 -t 1
MIOpen(HIP): Info [ConvolutionForward] algo = 5, workspace = 0
MIOpen(HIP): Info2 [GetInvoker] Returning an invoker for problem 320x1x136x100x1x1x1x640x1x136x100x1xNDHWCxNDHWCxNDHWCxBF16x0x0x0x1x1x1x1x1x1x1xFxDefault and algorithm miopenConvolutionFwdAlgoImplicitGEMM
MIOpen(HIP): miopenStatus_t miopenDestroyConvolutionDescriptor(miopenConvolutionDescriptor_t){
MIOpen(HIP): 	convDesc = conv3d, miopenConvolution, miopenPaddingDefault, {0, 0, 0}, {1, 1, 1}, {1, 1, 1}, 
MIOpen(HIP): }
MIOpen(HIP): miopenStatus_t miopenDestroyTensorDescriptor(miopenTensorDescriptor_t){
MIOpen(HIP): 	tensorDesc = {640, 320, 1, 1, 1}, {320, 1, 320, 320, 320}, packed, 
MIOpen(HIP): }
MIOpen(HIP): miopenStatus_t miopenDestroyTensorDescriptor(miopenTensorDescriptor_t){
MIOpen(HIP): 	tensorDesc = {1, 640, 1, 136, 100}, {8704000, 1, 8704000, 64000, 640}, packed, 
MIOpen(HIP): }
MIOpen(HIP): miopenStatus_t miopenDestroyTensorDescriptor(miopenTensorDescriptor_t){
MIOpen(HIP): 	tensorDesc = {1, 320, 1, 136, 100}, {4352000, 1, 4352000, 32000, 320}, packed, 
MIOpen(HIP): }
MIOpen(HIP): Info [get_device_name] Raw device name: gfx1100
MIOpen(HIP): Info [SetStream] stream: 0, device_id: 0
MIOpen(HIP): miopenStatus_t miopenCreateTensorDescriptor(miopenTensorDescriptor_t *){
MIOpen(HIP): 	tensorDesc = 0x5
MIOpen(HIP): }
MIOpen(HIP): miopenStatus_t miopenSetTensorDescriptor(miopenTensorDescriptor_t, miopenDataType_t, int, const int *, const int *){
MIOpen(HIP): 	tensorDesc = {}, {}, packed, 
MIOpen(HIP): 	dataType = 5
MIOpen(HIP): 	nbDims = 5
MIOpen(HIP): 	dim.values = { 1 320 3 138 102 }
MIOpen(HIP): 	stride.values = { 13512960 1 4504320 32640 320 }
MIOpen(HIP): }
MIOpen(HIP): miopenStatus_t miopenCreateTensorDescriptor(miopenTensorDescriptor_t *){
MIOpen(HIP): 	tensorDesc = 0x7f800044bb00
MIOpen(HIP): }
MIOpen(HIP): miopenStatus_t miopenSetTensorDescriptor(miopenTensorDescriptor_t, miopenDataType_t, int, const int *, const int *){
MIOpen(HIP): 	tensorDesc = {}, {}, packed, 
MIOpen(HIP): 	dataType = 5
MIOpen(HIP): 	nbDims = 5
MIOpen(HIP): 	dim.values = { 640 320 3 3 3 }
MIOpen(HIP): 	stride.values = { 8640 1 2880 960 320 }
MIOpen(HIP): }
MIOpen(HIP): miopenStatus_t miopenCreateTensorDescriptor(miopenTensorDescriptor_t *){
MIOpen(HIP): 	tensorDesc = 0x7d7626d37df6
MIOpen(HIP): }
MIOpen(HIP): miopenStatus_t miopenSetTensorDescriptor(miopenTensorDescriptor_t, miopenDataType_t, int, const int *, const int *){
MIOpen(HIP): 	tensorDesc = {}, {}, packed, 
MIOpen(HIP): 	dataType = 5
MIOpen(HIP): 	nbDims = 5
MIOpen(HIP): 	dim.values = { 1 640 1 136 100 }
MIOpen(HIP): 	stride.values = { 8704000 1 8704000 64000 640 }
MIOpen(HIP): }
MIOpen(HIP): miopenStatus_t miopenCreateConvolutionDescriptor(miopenConvolutionDescriptor_t *){
MIOpen(HIP): 	convDesc = 0x7ffd68b9e790
MIOpen(HIP): }
MIOpen(HIP): miopenStatus_t miopenInitConvolutionNdDescriptor(miopenConvolutionDescriptor_t, int, const int *, const int *, const int *, miopenConvolutionMode_t){
MIOpen(HIP): 	convDesc = conv2d, miopenConvolution, miopenPaddingDefault, {0, 0}, {1, 1}, {1, 1}, 
MIOpen(HIP): 	spatialDim = 3
MIOpen(HIP): 	pads = { 0 0 0 }
MIOpen(HIP): 	strides = { 1 1 1 }
MIOpen(HIP): 	dilations = { 1 1 1 }
MIOpen(HIP): 	c_mode = 0
MIOpen(HIP): }
MIOpen(HIP): miopenStatus_t miopenSetConvolutionGroupCount(miopenConvolutionDescriptor_t, int){
MIOpen(HIP): 	convDesc = conv3d, miopenConvolution, miopenPaddingDefault, {0, 0, 0}, {1, 1, 1}, {1, 1, 1}, 
MIOpen(HIP): 	groupCount = 1
MIOpen(HIP): }
MIOpen(HIP): miopenStatus_t miopenSetConvolutionAttribute(miopenConvolutionDescriptor_t, const miopenConvolutionAttrib_t, const int){
MIOpen(HIP): 	convDesc = conv3d, miopenConvolution, miopenPaddingDefault, {0, 0, 0}, {1, 1, 1}, {1, 1, 1}, 
MIOpen(HIP): 	attr = 1
MIOpen(HIP): 	value = 0
MIOpen(HIP): }
MIOpen(HIP): miopenStatus_t miopenConvolutionForwardGetWorkSpaceSize(miopenHandle_t, const miopenTensorDescriptor_t, const miopenTensorDescriptor_t, const miopenConvolutionDescriptor_t, const miopenTensorDescriptor_t, size_t *){
MIOpen(HIP): 	handle = stream: 0, device_id: 0
MIOpen(HIP): 	wDesc = {640, 320, 3, 3, 3}, {8640, 1, 2880, 960, 320}, packed, 
MIOpen(HIP): 	xDesc = {1, 320, 3, 138, 102}, {13512960, 1, 4504320, 32640, 320}, packed, 
MIOpen(HIP): 	convDesc = conv3d, miopenConvolution, miopenPaddingDefault, {0, 0, 0}, {1, 1, 1}, {1, 1, 1}, 
MIOpen(HIP): 	yDesc = {1, 640, 1, 136, 100}, {8704000, 1, 8704000, 64000, 640}, packed, 
MIOpen(HIP): }
MIOpen(HIP): Info2 [GetWorkSpaceSize] 
MIOpen(HIP): Info [GetSolutions] 
MIOpen(HIP): Info2 [ValidateUnsafe] DB file is older than cache: 534845152696299, 537696530279241
MIOpen(HIP): Info2 [FindRecordUnsafe] Looking for key 320-3-138-102-3x3x3-640-1-136-100-1-0x0x0-1x1x1-1x1x1-0-NDHWC-NDHWC-NDHWC-BF16-F in cache for file "/root/.config/miopen/gfx1100_48.HIP.3_5_1_41dcdea279-dirty.ufdb.txt"
MIOpen(HIP): Info2 [Measure] Db::FindRecord time: 0.043862 ms
MIOpen(HIP): Info2 [GetSolutions] ConvHipImplicitGemm3DChannelLastFwdWmmaops
MIOpen(HIP): Info [GetWorkSpaceSize] 0
MIOpen(HIP): miopenStatus_t miopenFindConvolutionForwardAlgorithm(miopenHandle_t, const miopenTensorDescriptor_t, const void *, const miopenTensorDescriptor_t, const void *, const miopenConvolutionDescriptor_t, const miopenTensorDescriptor_t, void *, const int, int *, miopenConvAlgoPerf_t *, void *, size_t, bool){
MIOpen(HIP): 	handle = stream: 0, device_id: 0
MIOpen(HIP): 	xDesc = {1, 320, 3, 138, 102}, {13512960, 1, 4504320, 32640, 320}, packed, 
MIOpen(HIP): 	x = 0x7d7048ad0000
MIOpen(HIP): 	wDesc = {640, 320, 3, 3, 3}, {8640, 1, 2880, 960, 320}, packed, 
MIOpen(HIP): 	w = 0x7d7011ad0000
MIOpen(HIP): 	convDesc = conv3d, miopenConvolution, miopenPaddingDefault, {0, 0, 0}, {1, 1, 1}, {1, 1, 1}, 
MIOpen(HIP): 	yDesc = {1, 640, 1, 136, 100}, {8704000, 1, 8704000, 64000, 640}, packed, 
MIOpen(HIP): 	y = 0x7d704a496200
MIOpen(HIP): 	requestAlgoCount = 1
MIOpen(HIP): 	returnedAlgoCount = 32765
MIOpen(HIP): 	perfResults = 
MIOpen(HIP): 	workSpace = nullptr
MIOpen(HIP): 	workSpaceSize = 0
MIOpen(HIP): 	exhaustiveSearch = 0
MIOpen(HIP): }
MIOpen(HIP): Command [LogCmdFindConvolution] ./bin/MIOpenDriver convbfp16 -n 1 -c 320 --in_d 3 -H 138 -W 102 -k 640 --fil_d 3 -y 3 -x 3 --pad_d 0 -p 0 -q 0 --conv_stride_d 1 -u 1 -v 1 --dilation_d 1 -l 1 -j 1 --spatial_dim 3 --in_layout NDHWC --fil_layout NDHWC --out_layout NDHWC -m conv -g 1 -F 1 -t 1
MIOpen(HIP): Info [FindConvFwdAlgorithm] requestAlgoCount = 1, workspace = 0
MIOpen(HIP): Info [GetSolutions] 
MIOpen(HIP): Info2 [ValidateUnsafe] DB file is older than cache: 534845152696299, 537696530279241
MIOpen(HIP): Info2 [FindRecordUnsafe] Looking for key 320-3-138-102-3x3x3-640-1-136-100-1-0x0x0-1x1x1-1x1x1-0-NDHWC-NDHWC-NDHWC-BF16-F in cache for file "/root/.config/miopen/gfx1100_48.HIP.3_5_1_41dcdea279-dirty.ufdb.txt"
MIOpen(HIP): Info2 [Measure] Db::FindRecord time: 0.039262 ms
MIOpen(HIP): Info2 [GetSolutions] ConvHipImplicitGemm3DChannelLastFwdWmmaops
MIOpen(HIP): Info2 [GetInvoker] Returning an invoker for problem 320x3x138x102x3x3x3x640x1x136x100x1xNDHWCxNDHWCxNDHWCxBF16x0x0x0x1x1x1x1x1x1x1xFxDefault and solver ConvHipImplicitGemm3DChannelLastFwdWmmaops
MIOpen(HIP): Info [FindSolutionImpl] ConvHipImplicitGemm3DChannelLastFwdWmmaops
MIOpen(HIP): Info2 [FindRecordUnsafe] Looking for key 3x320x138x102x3x3x3x3x640x1x0x0x0x1x1x1x1x1x1x0x1xNDHWCxBF16xF in cache for file "/root/.config/miopen/gfx1100_48.HIP.3_5_1_41dcdea279-dirty.udb.txt"
MIOpen(HIP): Info2 [FindRecord] Looking for key 320-3-138-102-3x3x3-640-1-136-100-1-0x0x0-1x1x1-1x1x1-0-NDHWC-NDHWC-NDHWC-BF16-F in file ""
MIOpen(HIP): Info2 [Measure] Db::Load time: 0.022921 ms
MIOpen(HIP): Info [FindSolutionImpl] Perf Db: record not found for: ConvHipImplicitGemm3DChannelLastFwdWmmaops
MIOpen(HIP): Info2 [Register] Invoker registered for algorithm 320x3x138x102x3x3x3x640x1x136x100x1xNDHWCxNDHWCxNDHWCxBF16x0x0x0x1x1x1x1x1x1x1xFxDefault and solver ConvHipImplicitGemm3DChannelLastFwdWmmaops
MIOpen(HIP): Info2 [SetAsFound1_0] Solver ConvHipImplicitGemm3DChannelLastFwdWmmaops registered as find 1.0 best for miopenConvolutionFwdAlgoImplicitGEMM in 320x3x138x102x3x3x3x640x1x136x100x1xNDHWCxNDHWCxNDHWCxBF16x0x0x0x1x1x1x1x1x1x1xFxDefault
MIOpen(HIP): Info [FindConvolution] miopenConvolutionFwdAlgoImplicitGEMM	25.7296	0
MIOpen(HIP): Info [FillFindReturnParameters] FW Chosen Algorithm: ConvHipImplicitGemm3DChannelLastFwdWmmaops , 0, 25.7296
MIOpen(HIP): miopenStatus_t miopenConvolutionForward(miopenHandle_t, const void *, const miopenTensorDescriptor_t, const void *, const miopenTensorDescriptor_t, const void *, const miopenConvolutionDescriptor_t, miopenConvFwdAlgorithm_t, const void *, const miopenTensorDescriptor_t, void *, void *, size_t){
MIOpen(HIP): 	handle = stream: 0, device_id: 0
MIOpen(HIP): 	alpha = 0x7ffd68b9e4d8
MIOpen(HIP): 	xDesc = {1, 320, 3, 138, 102}, {13512960, 1, 4504320, 32640, 320}, packed, 
MIOpen(HIP): 	x = 0x7d7048ad0000
MIOpen(HIP): 	wDesc = {640, 320, 3, 3, 3}, {8640, 1, 2880, 960, 320}, packed, 
MIOpen(HIP): 	w = 0x7d7011ad0000
MIOpen(HIP): 	convDesc = conv3d, miopenConvolution, miopenPaddingDefault, {0, 0, 0}, {1, 1, 1}, {1, 1, 1}, 
MIOpen(HIP): 	algo = 5
MIOpen(HIP): 	beta = 0x7ffd68b9e4e0
MIOpen(HIP): 	yDesc = {1, 640, 1, 136, 100}, {8704000, 1, 8704000, 64000, 640}, packed, 
MIOpen(HIP): 	y = 0x7d704a496200
MIOpen(HIP): 	workSpace = nullptr
MIOpen(HIP): 	workSpaceSize = 0
MIOpen(HIP): }
MIOpen(HIP): Command [LogCmdConvolution] ./bin/MIOpenDriver convbfp16 -n 1 -c 320 --in_d 3 -H 138 -W 102 -k 640 --fil_d 3 -y 3 -x 3 --pad_d 0 -p 0 -q 0 --conv_stride_d 1 -u 1 -v 1 --dilation_d 1 -l 1 -j 1 --spatial_dim 3 --in_layout NDHWC --fil_layout NDHWC --out_layout NDHWC -m conv -g 1 -F 1 -t 1
MIOpen(HIP): Info [ConvolutionForward] algo = 5, workspace = 0
MIOpen(HIP): Info2 [GetInvoker] Returning an invoker for problem 320x3x138x102x3x3x3x640x1x136x100x1xNDHWCxNDHWCxNDHWCxBF16x0x0x0x1x1x1x1x1x1x1xFxDefault and algorithm miopenConvolutionFwdAlgoImplicitGEMM
MIOpen(HIP): miopenStatus_t miopenDestroyConvolutionDescriptor(miopenConvolutionDescriptor_t){
MIOpen(HIP): 	convDesc = conv3d, miopenConvolution, miopenPaddingDefault, {0, 0, 0}, {1, 1, 1}, {1, 1, 1}, 
MIOpen(HIP): }
MIOpen(HIP): miopenStatus_t miopenDestroyTensorDescriptor(miopenTensorDescriptor_t){
MIOpen(HIP): 	tensorDesc = {640, 320, 3, 3, 3}, {8640, 1, 2880, 960, 320}, packed, 
MIOpen(HIP): }
MIOpen(HIP): miopenStatus_t miopenDestroyTensorDescriptor(miopenTensorDescriptor_t){
MIOpen(HIP): 	tensorDesc = {1, 640, 1, 136, 100}, {8704000, 1, 8704000, 64000, 640}, packed, 
MIOpen(HIP): }
MIOpen(HIP): miopenStatus_t miopenDestroyTensorDescriptor(miopenTensorDescriptor_t){
MIOpen(HIP): 	tensorDesc = {1, 320, 3, 138, 102}, {13512960, 1, 4504320, 32640, 320}, packed, 
MIOpen(HIP): }
MIOpen(HIP): Info [get_device_name] Raw device name: gfx1100
MIOpen(HIP): Info [SetStream] stream: 0, device_id: 0
MIOpen(HIP): miopenStatus_t miopenCreateTensorDescriptor(miopenTensorDescriptor_t *){
MIOpen(HIP): 	tensorDesc = 0x5
MIOpen(HIP): }
MIOpen(HIP): miopenStatus_t miopenSetTensorDescriptor(miopenTensorDescriptor_t, miopenDataType_t, int, const int *, const int *){
MIOpen(HIP): 	tensorDesc = {}, {}, packed, 
MIOpen(HIP): 	dataType = 5
MIOpen(HIP): 	nbDims = 5
MIOpen(HIP): 	dim.values = { 1 640 3 138 102 }
MIOpen(HIP): 	stride.values = { 27025920 1 9008640 65280 640 }
MIOpen(HIP): }
MIOpen(HIP): miopenStatus_t miopenCreateTensorDescriptor(miopenTensorDescriptor_t *){
MIOpen(HIP): 	tensorDesc = 0xff0000897600
MIOpen(HIP): }
MIOpen(HIP): miopenStatus_t miopenSetTensorDescriptor(miopenTensorDescriptor_t, miopenDataType_t, int, const int *, const int *){
MIOpen(HIP): 	tensorDesc = {}, {}, packed, 
MIOpen(HIP): 	dataType = 5
MIOpen(HIP): 	nbDims = 5
MIOpen(HIP): 	dim.values = { 640 640 3 3 3 }
MIOpen(HIP): 	stride.values = { 17280 1 5760 1920 640 }
MIOpen(HIP): }
MIOpen(HIP): miopenStatus_t miopenCreateTensorDescriptor(miopenTensorDescriptor_t *){
MIOpen(HIP): 	tensorDesc = 0x7d7626d37df6
MIOpen(HIP): }
MIOpen(HIP): miopenStatus_t miopenSetTensorDescriptor(miopenTensorDescriptor_t, miopenDataType_t, int, const int *, const int *){
MIOpen(HIP): 	tensorDesc = {}, {}, packed, 
MIOpen(HIP): 	dataType = 5
MIOpen(HIP): 	nbDims = 5
MIOpen(HIP): 	dim.values = { 1 640 1 136 100 }
MIOpen(HIP): 	stride.values = { 8704000 1 8704000 64000 640 }
MIOpen(HIP): }
MIOpen(HIP): miopenStatus_t miopenCreateConvolutionDescriptor(miopenConvolutionDescriptor_t *){
MIOpen(HIP): 	convDesc = 0x7ffd68b9e790
MIOpen(HIP): }
MIOpen(HIP): miopenStatus_t miopenInitConvolutionNdDescriptor(miopenConvolutionDescriptor_t, int, const int *, const int *, const int *, miopenConvolutionMode_t){
MIOpen(HIP): 	convDesc = conv2d, miopenConvolution, miopenPaddingDefault, {0, 0}, {1, 1}, {1, 1}, 
MIOpen(HIP): 	spatialDim = 3
MIOpen(HIP): 	pads = { 0 0 0 }
MIOpen(HIP): 	strides = { 1 1 1 }
MIOpen(HIP): 	dilations = { 1 1 1 }
MIOpen(HIP): 	c_mode = 0
MIOpen(HIP): }
MIOpen(HIP): miopenStatus_t miopenSetConvolutionGroupCount(miopenConvolutionDescriptor_t, int){
MIOpen(HIP): 	convDesc = conv3d, miopenConvolution, miopenPaddingDefault, {0, 0, 0}, {1, 1, 1}, {1, 1, 1}, 
MIOpen(HIP): 	groupCount = 1
MIOpen(HIP): }
MIOpen(HIP): miopenStatus_t miopenSetConvolutionAttribute(miopenConvolutionDescriptor_t, const miopenConvolutionAttrib_t, const int){
MIOpen(HIP): 	convDesc = conv3d, miopenConvolution, miopenPaddingDefault, {0, 0, 0}, {1, 1, 1}, {1, 1, 1}, 
MIOpen(HIP): 	attr = 1
MIOpen(HIP): 	value = 0
MIOpen(HIP): }
MIOpen(HIP): miopenStatus_t miopenConvolutionForwardGetWorkSpaceSize(miopenHandle_t, const miopenTensorDescriptor_t, const miopenTensorDescriptor_t, const miopenConvolutionDescriptor_t, const miopenTensorDescriptor_t, size_t *){
MIOpen(HIP): 	handle = stream: 0, device_id: 0
MIOpen(HIP): 	wDesc = {640, 640, 3, 3, 3}, {17280, 1, 5760, 1920, 640}, packed, 
MIOpen(HIP): 	xDesc = {1, 640, 3, 138, 102}, {27025920, 1, 9008640, 65280, 640}, packed, 
MIOpen(HIP): 	convDesc = conv3d, miopenConvolution, miopenPaddingDefault, {0, 0, 0}, {1, 1, 1}, {1, 1, 1}, 
MIOpen(HIP): 	yDesc = {1, 640, 1, 136, 100}, {8704000, 1, 8704000, 64000, 640}, packed, 
MIOpen(HIP): }
MIOpen(HIP): Info2 [GetWorkSpaceSize] 
MIOpen(HIP): Info [GetSolutions] 
MIOpen(HIP): Info2 [ValidateUnsafe] DB file is older than cache: 534845152696299, 537696530279241
MIOpen(HIP): Info2 [FindRecordUnsafe] Looking for key 640-3-138-102-3x3x3-640-1-136-100-1-0x0x0-1x1x1-1x1x1-0-NDHWC-NDHWC-NDHWC-BF16-F in cache for file "/root/.config/miopen/gfx1100_48.HIP.3_5_1_41dcdea279-dirty.ufdb.txt"
MIOpen(HIP): Info2 [Measure] Db::FindRecord time: 0.043282 ms
MIOpen(HIP): Info2 [GetSolutions] ConvHipImplicitGemm3DChannelLastFwdWmmaops
MIOpen(HIP): Info [GetWorkSpaceSize] 0
MIOpen(HIP): miopenStatus_t miopenFindConvolutionForwardAlgorithm(miopenHandle_t, const miopenTensorDescriptor_t, const void *, const miopenTensorDescriptor_t, const void *, const miopenConvolutionDescriptor_t, const miopenTensorDescriptor_t, void *, const int, int *, miopenConvAlgoPerf_t *, void *, size_t, bool){
MIOpen(HIP): 	handle = stream: 0, device_id: 0
MIOpen(HIP): 	xDesc = {1, 640, 3, 138, 102}, {27025920, 1, 9008640, 65280, 640}, packed, 
MIOpen(HIP): 	x = 0x7d7058a00000
MIOpen(HIP): 	wDesc = {640, 640, 3, 3, 3}, {17280, 1, 5760, 1920, 640}, packed, 
MIOpen(HIP): 	w = 0x7d7048ad0000
MIOpen(HIP): 	convDesc = conv3d, miopenConvolution, miopenPaddingDefault, {0, 0, 0}, {1, 1, 1}, {1, 1, 1}, 
MIOpen(HIP): 	yDesc = {1, 640, 1, 136, 100}, {8704000, 1, 8704000, 64000, 640}, packed, 
MIOpen(HIP): 	y = 0x7d7020804000
MIOpen(HIP): 	requestAlgoCount = 1
MIOpen(HIP): 	returnedAlgoCount = 32765
MIOpen(HIP): 	perfResults = 
MIOpen(HIP): 	workSpace = nullptr
MIOpen(HIP): 	workSpaceSize = 0
MIOpen(HIP): 	exhaustiveSearch = 0
MIOpen(HIP): }
MIOpen(HIP): Command [LogCmdFindConvolution] ./bin/MIOpenDriver convbfp16 -n 1 -c 640 --in_d 3 -H 138 -W 102 -k 640 --fil_d 3 -y 3 -x 3 --pad_d 0 -p 0 -q 0 --conv_stride_d 1 -u 1 -v 1 --dilation_d 1 -l 1 -j 1 --spatial_dim 3 --in_layout NDHWC --fil_layout NDHWC --out_layout NDHWC -m conv -g 1 -F 1 -t 1
MIOpen(HIP): Info [FindConvFwdAlgorithm] requestAlgoCount = 1, workspace = 0
MIOpen(HIP): Info [GetSolutions] 
MIOpen(HIP): Info2 [ValidateUnsafe] DB file is older than cache: 534845152696299, 537696530279241
MIOpen(HIP): Info2 [FindRecordUnsafe] Looking for key 640-3-138-102-3x3x3-640-1-136-100-1-0x0x0-1x1x1-1x1x1-0-NDHWC-NDHWC-NDHWC-BF16-F in cache for file "/root/.config/miopen/gfx1100_48.HIP.3_5_1_41dcdea279-dirty.ufdb.txt"
MIOpen(HIP): Info2 [Measure] Db::FindRecord time: 0.035182 ms
MIOpen(HIP): Info2 [GetSolutions] ConvHipImplicitGemm3DChannelLastFwdWmmaops
MIOpen(HIP): Info2 [GetInvoker] Returning an invoker for problem 640x3x138x102x3x3x3x640x1x136x100x1xNDHWCxNDHWCxNDHWCxBF16x0x0x0x1x1x1x1x1x1x1xFxDefault and solver ConvHipImplicitGemm3DChannelLastFwdWmmaops
MIOpen(HIP): Info [FindSolutionImpl] ConvHipImplicitGemm3DChannelLastFwdWmmaops
MIOpen(HIP): Info2 [FindRecordUnsafe] Looking for key 3x640x138x102x3x3x3x3x640x1x0x0x0x1x1x1x1x1x1x0x1xNDHWCxBF16xF in cache for file "/root/.config/miopen/gfx1100_48.HIP.3_5_1_41dcdea279-dirty.udb.txt"
MIOpen(HIP): Info2 [FindRecord] Looking for key 640-3-138-102-3x3x3-640-1-136-100-1-0x0x0-1x1x1-1x1x1-0-NDHWC-NDHWC-NDHWC-BF16-F in file ""
MIOpen(HIP): Info2 [Measure] Db::Load time: 0.019571 ms
MIOpen(HIP): Info [FindSolutionImpl] Perf Db: record not found for: ConvHipImplicitGemm3DChannelLastFwdWmmaops
MIOpen(HIP): Info2 [Register] Invoker registered for algorithm 640x3x138x102x3x3x3x640x1x136x100x1xNDHWCxNDHWCxNDHWCxBF16x0x0x0x1x1x1x1x1x1x1xFxDefault and solver ConvHipImplicitGemm3DChannelLastFwdWmmaops
MIOpen(HIP): Info2 [SetAsFound1_0] Solver ConvHipImplicitGemm3DChannelLastFwdWmmaops registered as find 1.0 best for miopenConvolutionFwdAlgoImplicitGEMM in 640x3x138x102x3x3x3x640x1x136x100x1xNDHWCxNDHWCxNDHWCxBF16x0x0x0x1x1x1x1x1x1x1xFxDefault
MIOpen(HIP): Info [FindConvolution] miopenConvolutionFwdAlgoImplicitGEMM	51.7861	0
MIOpen(HIP): Info [FillFindReturnParameters] FW Chosen Algorithm: ConvHipImplicitGemm3DChannelLastFwdWmmaops , 0, 51.7861
MIOpen(HIP): miopenStatus_t miopenConvolutionForward(miopenHandle_t, const void *, const miopenTensorDescriptor_t, const void *, const miopenTensorDescriptor_t, const void *, const miopenConvolutionDescriptor_t, miopenConvFwdAlgorithm_t, const void *, const miopenTensorDescriptor_t, void *, void *, size_t){
MIOpen(HIP): 	handle = stream: 0, device_id: 0
MIOpen(HIP): 	alpha = 0x7ffd68b9e4d8
MIOpen(HIP): 	xDesc = {1, 640, 3, 138, 102}, {27025920, 1, 9008640, 65280, 640}, packed, 
MIOpen(HIP): 	x = 0x7d7058a00000
MIOpen(HIP): 	wDesc = {640, 640, 3, 3, 3}, {17280, 1, 5760, 1920, 640}, packed, 
MIOpen(HIP): 	w = 0x7d7048ad0000
MIOpen(HIP): 	convDesc = conv3d, miopenConvolution, miopenPaddingDefault, {0, 0, 0}, {1, 1, 1}, {1, 1, 1}, 
MIOpen(HIP): 	algo = 5
MIOpen(HIP): 	beta = 0x7ffd68b9e4e0
MIOpen(HIP): 	yDesc = {1, 640, 1, 136, 100}, {8704000, 1, 8704000, 64000, 640}, packed, 
MIOpen(HIP): 	y = 0x7d7020804000
MIOpen(HIP): 	workSpace = nullptr
MIOpen(HIP): 	workSpaceSize = 0
MIOpen(HIP): }
MIOpen(HIP): Command [LogCmdConvolution] ./bin/MIOpenDriver convbfp16 -n 1 -c 640 --in_d 3 -H 138 -W 102 -k 640 --fil_d 3 -y 3 -x 3 --pad_d 0 -p 0 -q 0 --conv_stride_d 1 -u 1 -v 1 --dilation_d 1 -l 1 -j 1 --spatial_dim 3 --in_layout NDHWC --fil_layout NDHWC --out_layout NDHWC -m conv -g 1 -F 1 -t 1
MIOpen(HIP): Info [ConvolutionForward] algo = 5, workspace = 0
MIOpen(HIP): Info2 [GetInvoker] Returning an invoker for problem 640x3x138x102x3x3x3x640x1x136x100x1xNDHWCxNDHWCxNDHWCxBF16x0x0x0x1x1x1x1x1x1x1xFxDefault and algorithm miopenConvolutionFwdAlgoImplicitGEMM
MIOpen(HIP): miopenStatus_t miopenDestroyConvolutionDescriptor(miopenConvolutionDescriptor_t){
MIOpen(HIP): 	convDesc = conv3d, miopenConvolution, miopenPaddingDefault, {0, 0, 0}, {1, 1, 1}, {1, 1, 1}, 
MIOpen(HIP): }
MIOpen(HIP): miopenStatus_t miopenDestroyTensorDescriptor(miopenTensorDescriptor_t){
MIOpen(HIP): 	tensorDesc = {640, 640, 3, 3, 3}, {17280, 1, 5760, 1920, 640}, packed, 
MIOpen(HIP): }
MIOpen(HIP): miopenStatus_t miopenDestroyTensorDescriptor(miopenTensorDescriptor_t){
MIOpen(HIP): 	tensorDesc = {1, 640, 1, 136, 100}, {8704000, 1, 8704000, 64000, 640}, packed, 
MIOpen(HIP): }
MIOpen(HIP): miopenStatus_t miopenDestroyTensorDescriptor(miopenTensorDescriptor_t){
MIOpen(HIP): 	tensorDesc = {1, 640, 3, 138, 102}, {27025920, 1, 9008640, 65280, 640}, packed, 
MIOpen(HIP): }
MIOpen(HIP): Info [get_device_name] Raw device name: gfx1100
MIOpen(HIP): Info [SetStream] stream: 0, device_id: 0
MIOpen(HIP): miopenStatus_t miopenCreateTensorDescriptor(miopenTensorDescriptor_t *){
MIOpen(HIP): 	tensorDesc = 0x5
MIOpen(HIP): }
MIOpen(HIP): miopenStatus_t miopenSetTensorDescriptor(miopenTensorDescriptor_t, miopenDataType_t, int, const int *, const int *){
MIOpen(HIP): 	tensorDesc = {}, {}, packed, 
MIOpen(HIP): 	dataType = 5
MIOpen(HIP): 	nbDims = 5
MIOpen(HIP): 	dim.values = { 1 640 3 138 102 }
MIOpen(HIP): 	stride.values = { 27025920 1 9008640 65280 640 }
MIOpen(HIP): }
MIOpen(HIP): miopenStatus_t miopenCreateTensorDescriptor(miopenTensorDescriptor_t *){
MIOpen(HIP): 	tensorDesc = 0xff0000897600
MIOpen(HIP): }
MIOpen(HIP): miopenStatus_t miopenSetTensorDescriptor(miopenTensorDescriptor_t, miopenDataType_t, int, const int *, const int *){
MIOpen(HIP): 	tensorDesc = {}, {}, packed, 
MIOpen(HIP): 	dataType = 5
MIOpen(HIP): 	nbDims = 5
MIOpen(HIP): 	dim.values = { 640 640 3 3 3 }
MIOpen(HIP): 	stride.values = { 17280 1 5760 1920 640 }
MIOpen(HIP): }
MIOpen(HIP): miopenStatus_t miopenCreateTensorDescriptor(miopenTensorDescriptor_t *){
MIOpen(HIP): 	tensorDesc = 0x7d7626d37df6
MIOpen(HIP): }
MIOpen(HIP): miopenStatus_t miopenSetTensorDescriptor(miopenTensorDescriptor_t, miopenDataType_t, int, const int *, const int *){
MIOpen(HIP): 	tensorDesc = {}, {}, packed, 
MIOpen(HIP): 	dataType = 5
MIOpen(HIP): 	nbDims = 5
MIOpen(HIP): 	dim.values = { 1 640 1 136 100 }
MIOpen(HIP): 	stride.values = { 8704000 1 8704000 64000 640 }
MIOpen(HIP): }
MIOpen(HIP): miopenStatus_t miopenCreateConvolutionDescriptor(miopenConvolutionDescriptor_t *){
MIOpen(HIP): 	convDesc = 0x7ffd68b9e790
MIOpen(HIP): }
MIOpen(HIP): miopenStatus_t miopenInitConvolutionNdDescriptor(miopenConvolutionDescriptor_t, int, const int *, const int *, const int *, miopenConvolutionMode_t){
MIOpen(HIP): 	convDesc = conv2d, miopenConvolution, miopenPaddingDefault, {0, 0}, {1, 1}, {1, 1}, 
MIOpen(HIP): 	spatialDim = 3
MIOpen(HIP): 	pads = { 0 0 0 }
MIOpen(HIP): 	strides = { 1 1 1 }
MIOpen(HIP): 	dilations = { 1 1 1 }
MIOpen(HIP): 	c_mode = 0
MIOpen(HIP): }
MIOpen(HIP): miopenStatus_t miopenSetConvolutionGroupCount(miopenConvolutionDescriptor_t, int){
MIOpen(HIP): 	convDesc = conv3d, miopenConvolution, miopenPaddingDefault, {0, 0, 0}, {1, 1, 1}, {1, 1, 1}, 
MIOpen(HIP): 	groupCount = 1
MIOpen(HIP): }
MIOpen(HIP): miopenStatus_t miopenSetConvolutionAttribute(miopenConvolutionDescriptor_t, const miopenConvolutionAttrib_t, const int){
MIOpen(HIP): 	convDesc = conv3d, miopenConvolution, miopenPaddingDefault, {0, 0, 0}, {1, 1, 1}, {1, 1, 1}, 
MIOpen(HIP): 	attr = 1
MIOpen(HIP): 	value = 0
MIOpen(HIP): }
MIOpen(HIP): miopenStatus_t miopenConvolutionForward(miopenHandle_t, const void *, const miopenTensorDescriptor_t, const void *, const miopenTensorDescriptor_t, const void *, const miopenConvolutionDescriptor_t, miopenConvFwdAlgorithm_t, const void *, const miopenTensorDescriptor_t, void *, void *, size_t){
MIOpen(HIP): 	handle = stream: 0, device_id: 0
MIOpen(HIP): 	alpha = 0x7ffd68b9e4d8
MIOpen(HIP): 	xDesc = {1, 640, 3, 138, 102}, {27025920, 1, 9008640, 65280, 640}, packed, 
MIOpen(HIP): 	x = 0x7d703d000000
MIOpen(HIP): 	wDesc = {640, 640, 3, 3, 3}, {17280, 1, 5760, 1920, 640}, packed, 
MIOpen(HIP): 	w = 0x7d7048ad0000
MIOpen(HIP): 	convDesc = conv3d, miopenConvolution, miopenPaddingDefault, {0, 0, 0}, {1, 1, 1}, {1, 1, 1}, 
MIOpen(HIP): 	algo = 5
MIOpen(HIP): 	beta = 0x7ffd68b9e4e0
MIOpen(HIP): 	yDesc = {1, 640, 1, 136, 100}, {8704000, 1, 8704000, 64000, 640}, packed, 
MIOpen(HIP): 	y = 0x7d7012b6a000
MIOpen(HIP): 	workSpace = nullptr
MIOpen(HIP): 	workSpaceSize = 0
MIOpen(HIP): }
MIOpen(HIP): Command [LogCmdConvolution] ./bin/MIOpenDriver convbfp16 -n 1 -c 640 --in_d 3 -H 138 -W 102 -k 640 --fil_d 3 -y 3 -x 3 --pad_d 0 -p 0 -q 0 --conv_stride_d 1 -u 1 -v 1 --dilation_d 1 -l 1 -j 1 --spatial_dim 3 --in_layout NDHWC --fil_layout NDHWC --out_layout NDHWC -m conv -g 1 -F 1 -t 1
MIOpen(HIP): Info [ConvolutionForward] algo = 5, workspace = 0
MIOpen(HIP): Info2 [GetInvoker] Returning an invoker for problem 640x3x138x102x3x3x3x640x1x136x100x1xNDHWCxNDHWCxNDHWCxBF16x0x0x0x1x1x1x1x1x1x1xFxDefault and algorithm miopenConvolutionFwdAlgoImplicitGEMM
MIOpen(HIP): miopenStatus_t miopenDestroyConvolutionDescriptor(miopenConvolutionDescriptor_t){
MIOpen(HIP): 	convDesc = conv3d, miopenConvolution, miopenPaddingDefault, {0, 0, 0}, {1, 1, 1}, {1, 1, 1}, 
MIOpen(HIP): }
MIOpen(HIP): miopenStatus_t miopenDestroyTensorDescriptor(miopenTensorDescriptor_t){
MIOpen(HIP): 	tensorDesc = {640, 640, 3, 3, 3}, {17280, 1, 5760, 1920, 640}, packed, 
MIOpen(HIP): }
MIOpen(HIP): miopenStatus_t miopenDestroyTensorDescriptor(miopenTensorDescriptor_t){
MIOpen(HIP): 	tensorDesc = {1, 640, 1, 136, 100}, {8704000, 1, 8704000, 64000, 640}, packed, 
MIOpen(HIP): }
MIOpen(HIP): miopenStatus_t miopenDestroyTensorDescriptor(miopenTensorDescriptor_t){
MIOpen(HIP): 	tensorDesc = {1, 640, 3, 138, 102}, {27025920, 1, 9008640, 65280, 640}, packed, 
MIOpen(HIP): }
MIOpen(HIP): Info [get_device_name] Raw device name: gfx1100
MIOpen(HIP): Info [SetStream] stream: 0, device_id: 0
MIOpen(HIP): miopenStatus_t miopenCreateTensorDescriptor(miopenTensorDescriptor_t *){
MIOpen(HIP): 	tensorDesc = 0x5
MIOpen(HIP): }
MIOpen(HIP): miopenStatus_t miopenSetTensorDescriptor(miopenTensorDescriptor_t, miopenDataType_t, int, const int *, const int *){
MIOpen(HIP): 	tensorDesc = {}, {}, packed, 
MIOpen(HIP): 	dataType = 5
MIOpen(HIP): 	nbDims = 5
MIOpen(HIP): 	dim.values = { 1 640 3 138 102 }
MIOpen(HIP): 	stride.values = { 27025920 1 9008640 65280 640 }
MIOpen(HIP): }
MIOpen(HIP): miopenStatus_t miopenCreateTensorDescriptor(miopenTensorDescriptor_t *){
MIOpen(HIP): 	tensorDesc = 0xff0000897600
MIOpen(HIP): }
MIOpen(HIP): miopenStatus_t miopenSetTensorDescriptor(miopenTensorDescriptor_t, miopenDataType_t, int, const int *, const int *){
MIOpen(HIP): 	tensorDesc = {}, {}, packed, 
MIOpen(HIP): 	dataType = 5
MIOpen(HIP): 	nbDims = 5
MIOpen(HIP): 	dim.values = { 640 640 3 3 3 }
MIOpen(HIP): 	stride.values = { 17280 1 5760 1920 640 }
MIOpen(HIP): }
MIOpen(HIP): miopenStatus_t miopenCreateTensorDescriptor(miopenTensorDescriptor_t *){
MIOpen(HIP): 	tensorDesc = 0x7d7626d37df6
MIOpen(HIP): }
MIOpen(HIP): miopenStatus_t miopenSetTensorDescriptor(miopenTensorDescriptor_t, miopenDataType_t, int, const int *, const int *){
MIOpen(HIP): 	tensorDesc = {}, {}, packed, 
MIOpen(HIP): 	dataType = 5
MIOpen(HIP): 	nbDims = 5
MIOpen(HIP): 	dim.values = { 1 640 1 136 100 }
MIOpen(HIP): 	stride.values = { 8704000 1 8704000 64000 640 }
MIOpen(HIP): }
MIOpen(HIP): miopenStatus_t miopenCreateConvolutionDescriptor(miopenConvolutionDescriptor_t *){
MIOpen(HIP): 	convDesc = 0x7ffd68b9e790
MIOpen(HIP): }
MIOpen(HIP): miopenStatus_t miopenInitConvolutionNdDescriptor(miopenConvolutionDescriptor_t, int, const int *, const int *, const int *, miopenConvolutionMode_t){
MIOpen(HIP): 	convDesc = conv2d, miopenConvolution, miopenPaddingDefault, {0, 0}, {1, 1}, {1, 1}, 
MIOpen(HIP): 	spatialDim = 3
MIOpen(HIP): 	pads = { 0 0 0 }
MIOpen(HIP): 	strides = { 1 1 1 }
MIOpen(HIP): 	dilations = { 1 1 1 }
MIOpen(HIP): 	c_mode = 0
MIOpen(HIP): }
MIOpen(HIP): miopenStatus_t miopenSetConvolutionGroupCount(miopenConvolutionDescriptor_t, int){
MIOpen(HIP): 	convDesc = conv3d, miopenConvolution, miopenPaddingDefault, {0, 0, 0}, {1, 1, 1}, {1, 1, 1}, 
MIOpen(HIP): 	groupCount = 1
MIOpen(HIP): }
MIOpen(HIP): miopenStatus_t miopenSetConvolutionAttribute(miopenConvolutionDescriptor_t, const miopenConvolutionAttrib_t, const int){
MIOpen(HIP): 	convDesc = conv3d, miopenConvolution, miopenPaddingDefault, {0, 0, 0}, {1, 1, 1}, {1, 1, 1}, 
MIOpen(HIP): 	attr = 1
MIOpen(HIP): 	value = 0
MIOpen(HIP): }
MIOpen(HIP): miopenStatus_t miopenConvolutionForward(miopenHandle_t, const void *, const miopenTensorDescriptor_t, const void *, const miopenTensorDescriptor_t, const void *, const miopenConvolutionDescriptor_t, miopenConvFwdAlgorithm_t, const void *, const miopenTensorDescriptor_t, void *, void *, size_t){
MIOpen(HIP): 	handle = stream: 0, device_id: 0
MIOpen(HIP): 	alpha = 0x7ffd68b9e4d8
MIOpen(HIP): 	xDesc = {1, 640, 3, 138, 102}, {27025920, 1, 9008640, 65280, 640}, packed, 
MIOpen(HIP): 	x = 0x7d7039a00000
MIOpen(HIP): 	wDesc = {640, 640, 3, 3, 3}, {17280, 1, 5760, 1920, 640}, packed, 
MIOpen(HIP): 	w = 0x7d7048ad0000
MIOpen(HIP): 	convDesc = conv3d, miopenConvolution, miopenPaddingDefault, {0, 0, 0}, {1, 1, 1}, {1, 1, 1}, 
MIOpen(HIP): 	algo = 5
MIOpen(HIP): 	beta = 0x7ffd68b9e4e0
MIOpen(HIP): 	yDesc = {1, 640, 1, 136, 100}, {8704000, 1, 8704000, 64000, 640}, packed, 
MIOpen(HIP): 	y = 0x7d7012b6a000
MIOpen(HIP): 	workSpace = nullptr
MIOpen(HIP): 	workSpaceSize = 0
MIOpen(HIP): }
MIOpen(HIP): Command [LogCmdConvolution] ./bin/MIOpenDriver convbfp16 -n 1 -c 640 --in_d 3 -H 138 -W 102 -k 640 --fil_d 3 -y 3 -x 3 --pad_d 0 -p 0 -q 0 --conv_stride_d 1 -u 1 -v 1 --dilation_d 1 -l 1 -j 1 --spatial_dim 3 --in_layout NDHWC --fil_layout NDHWC --out_layout NDHWC -m conv -g 1 -F 1 -t 1
MIOpen(HIP): Info [ConvolutionForward] algo = 5, workspace = 0
MIOpen(HIP): Info2 [GetInvoker] Returning an invoker for problem 640x3x138x102x3x3x3x640x1x136x100x1xNDHWCxNDHWCxNDHWCxBF16x0x0x0x1x1x1x1x1x1x1xFxDefault and algorithm miopenConvolutionFwdAlgoImplicitGEMM
MIOpen(HIP): miopenStatus_t miopenDestroyConvolutionDescriptor(miopenConvolutionDescriptor_t){
MIOpen(HIP): 	convDesc = conv3d, miopenConvolution, miopenPaddingDefault, {0, 0, 0}, {1, 1, 1}, {1, 1, 1}, 
MIOpen(HIP): }
MIOpen(HIP): miopenStatus_t miopenDestroyTensorDescriptor(miopenTensorDescriptor_t){
MIOpen(HIP): 	tensorDesc = {640, 640, 3, 3, 3}, {17280, 1, 5760, 1920, 640}, packed, 
MIOpen(HIP): }
MIOpen(HIP): miopenStatus_t miopenDestroyTensorDescriptor(miopenTensorDescriptor_t){
MIOpen(HIP): 	tensorDesc = {1, 640, 1, 136, 100}, {8704000, 1, 8704000, 64000, 640}, packed, 
MIOpen(HIP): }
MIOpen(HIP): miopenStatus_t miopenDestroyTensorDescriptor(miopenTensorDescriptor_t){
MIOpen(HIP): 	tensorDesc = {1, 640, 3, 138, 102}, {27025920, 1, 9008640, 65280, 640}, packed, 
MIOpen(HIP): }
MIOpen(HIP): Info [get_device_name] Raw device name: gfx1100
MIOpen(HIP): Info [SetStream] stream: 0, device_id: 0
MIOpen(HIP): miopenStatus_t miopenCreateTensorDescriptor(miopenTensorDescriptor_t *){
MIOpen(HIP): 	tensorDesc = 0x4
MIOpen(HIP): }
MIOpen(HIP): miopenStatus_t miopenSetTensorDescriptor(miopenTensorDescriptor_t, miopenDataType_t, int, const int *, const int *){
MIOpen(HIP): 	tensorDesc = {}, {}, packed, 
MIOpen(HIP): 	dataType = 5
MIOpen(HIP): 	nbDims = 4
MIOpen(HIP): 	dim.values = { 1 640 137 101 }
MIOpen(HIP): 	stride.values = { 8855680 13837 101 1 }
MIOpen(HIP): }
MIOpen(HIP): miopenStatus_t miopenCreateTensorDescriptor(miopenTensorDescriptor_t *){
MIOpen(HIP): 	tensorDesc = 0x100000065
MIOpen(HIP): }
MIOpen(HIP): miopenStatus_t miopenSetTensorDescriptor(miopenTensorDescriptor_t, miopenDataType_t, int, const int *, const int *){
MIOpen(HIP): 	tensorDesc = {}, {}, packed, 
MIOpen(HIP): 	dataType = 5
MIOpen(HIP): 	nbDims = 4
MIOpen(HIP): 	dim.values = { 640 640 3 3 }
MIOpen(HIP): 	stride.values = { 5760 9 3 1 }
MIOpen(HIP): }
MIOpen(HIP): miopenStatus_t miopenCreateTensorDescriptor(miopenTensorDescriptor_t *){
MIOpen(HIP): 	tensorDesc = 0x7d7626d37df6
MIOpen(HIP): }
MIOpen(HIP): miopenStatus_t miopenSetTensorDescriptor(miopenTensorDescriptor_t, miopenDataType_t, int, const int *, const int *){
MIOpen(HIP): 	tensorDesc = {}, {}, packed, 
MIOpen(HIP): 	dataType = 5
MIOpen(HIP): 	nbDims = 4
MIOpen(HIP): 	dim.values = { 1 640 68 50 }
MIOpen(HIP): 	stride.values = { 2176000 3400 50 1 }
MIOpen(HIP): }
MIOpen(HIP): miopenStatus_t miopenCreateConvolutionDescriptor(miopenConvolutionDescriptor_t *){
MIOpen(HIP): 	convDesc = 0x7ffd68b9df70
MIOpen(HIP): }
MIOpen(HIP): miopenStatus_t miopenInitConvolutionNdDescriptor(miopenConvolutionDescriptor_t, int, const int *, const int *, const int *, miopenConvolutionMode_t){
MIOpen(HIP): 	convDesc = conv2d, miopenConvolution, miopenPaddingDefault, {0, 0}, {1, 1}, {1, 1}, 
MIOpen(HIP): 	spatialDim = 2
MIOpen(HIP): 	pads = { 0 0 }
MIOpen(HIP): 	strides = { 2 2 }
MIOpen(HIP): 	dilations = { 1 1 }
MIOpen(HIP): 	c_mode = 0
MIOpen(HIP): }
MIOpen(HIP): miopenStatus_t miopenSetConvolutionGroupCount(miopenConvolutionDescriptor_t, int){
MIOpen(HIP): 	convDesc = conv2d, miopenConvolution, miopenPaddingDefault, {0, 0}, {2, 2}, {1, 1}, 
MIOpen(HIP): 	groupCount = 1
MIOpen(HIP): }
MIOpen(HIP): miopenStatus_t miopenSetConvolutionAttribute(miopenConvolutionDescriptor_t, const miopenConvolutionAttrib_t, const int){
MIOpen(HIP): 	convDesc = conv2d, miopenConvolution, miopenPaddingDefault, {0, 0}, {2, 2}, {1, 1}, 
MIOpen(HIP): 	attr = 1
MIOpen(HIP): 	value = 0
MIOpen(HIP): }
MIOpen(HIP): miopenStatus_t miopenConvolutionForwardGetWorkSpaceSize(miopenHandle_t, const miopenTensorDescriptor_t, const miopenTensorDescriptor_t, const miopenConvolutionDescriptor_t, const miopenTensorDescriptor_t, size_t *){
MIOpen(HIP): 	handle = stream: 0, device_id: 0
MIOpen(HIP): 	wDesc = {640, 640, 3, 3}, {5760, 9, 3, 1}, packed, 
MIOpen(HIP): 	xDesc = {1, 640, 137, 101}, {8855680, 13837, 101, 1}, packed, 
MIOpen(HIP): 	convDesc = conv2d, miopenConvolution, miopenPaddingDefault, {0, 0}, {2, 2}, {1, 1}, 
MIOpen(HIP): 	yDesc = {1, 640, 68, 50}, {2176000, 3400, 50, 1}, packed, 
MIOpen(HIP): }
MIOpen(HIP): Info2 [GetWorkSpaceSize] 
MIOpen(HIP): Info [GetSolutions] 
MIOpen(HIP): Info2 [ValidateUnsafe] DB file is older than cache: 534845152696299, 537696530279241
MIOpen(HIP): Info2 [FindRecordUnsafe] Looking for key 640-137-101-3x3-640-68-50-1-0x0-2x2-1x1-0-NCHW-BF16-F in cache for file "/root/.config/miopen/gfx1100_48.HIP.3_5_1_41dcdea279-dirty.ufdb.txt"
MIOpen(HIP): Info2 [Measure] Db::FindRecord time: 0.043522 ms
MIOpen(HIP): Info2 [GetSolutions] GemmFwdRest
MIOpen(HIP): Info [GetWorkSpaceSize] 39168000
MIOpen(HIP): miopenStatus_t miopenFindConvolutionForwardAlgorithm(miopenHandle_t, const miopenTensorDescriptor_t, const void *, const miopenTensorDescriptor_t, const void *, const miopenConvolutionDescriptor_t, const miopenTensorDescriptor_t, void *, const int, int *, miopenConvAlgoPerf_t *, void *, size_t, bool){
MIOpen(HIP): 	handle = stream: 0, device_id: 0
MIOpen(HIP): 	xDesc = {1, 640, 137, 101}, {8855680, 13837, 101, 1}, packed, 
MIOpen(HIP): 	x = 0x7d703f134000
MIOpen(HIP): 	wDesc = {640, 640, 3, 3}, {5760, 9, 3, 1}, packed, 
MIOpen(HIP): 	w = 0x7d6df6600000
MIOpen(HIP): 	convDesc = conv2d, miopenConvolution, miopenPaddingDefault, {0, 0}, {2, 2}, {1, 1}, 
MIOpen(HIP): 	yDesc = {1, 640, 68, 50}, {2176000, 3400, 50, 1}, packed, 
MIOpen(HIP): 	y = 0x7d6dd9c20000
MIOpen(HIP): 	requestAlgoCount = 1
MIOpen(HIP): 	returnedAlgoCount = 32765
MIOpen(HIP): 	perfResults = 
MIOpen(HIP): 	workSpace = 0x7d7039a00000
MIOpen(HIP): 	workSpaceSize = 39168000
MIOpen(HIP): 	exhaustiveSearch = 0
MIOpen(HIP): }
MIOpen(HIP): Command [LogCmdFindConvolution] ./bin/MIOpenDriver convbfp16 -n 1 -c 640 -H 137 -W 101 -k 640 -y 3 -x 3 -p 0 -q 0 -u 2 -v 2 -l 1 -j 1 -m conv -g 1 -F 1 -t 1
MIOpen(HIP): Info [FindConvFwdAlgorithm] requestAlgoCount = 1, workspace = 39168000
MIOpen(HIP): Info [GetSolutions] 
MIOpen(HIP): Info2 [ValidateUnsafe] DB file is older than cache: 534845152696299, 537696530279241
MIOpen(HIP): Info2 [FindRecordUnsafe] Looking for key 640-137-101-3x3-640-68-50-1-0x0-2x2-1x1-0-NCHW-BF16-F in cache for file "/root/.config/miopen/gfx1100_48.HIP.3_5_1_41dcdea279-dirty.ufdb.txt"
MIOpen(HIP): Info2 [Measure] Db::FindRecord time: 0.035842 ms
MIOpen(HIP): Info2 [GetSolutions] GemmFwdRest
MIOpen(HIP): Info2 [GetInvoker] Returning an invoker for problem 640x137x101x3x3x640x68x50x1xNCHWxBF16x0x0x2x2x1x1x1xFxDefault and solver GemmFwdRest
MIOpen(HIP): Info [FindSolutionImpl] GemmFwdRest (not searchable)
MIOpen(HIP): Info2 [Register] Invoker registered for algorithm 640x137x101x3x3x640x68x50x1xNCHWxBF16x0x0x2x2x1x1x1xFxDefault and solver GemmFwdRest
MIOpen(HIP): Info2 [SetAsFound1_0] Solver GemmFwdRest registered as find 1.0 best for miopenConvolutionFwdAlgoGEMM in 640x137x101x3x3x640x68x50x1xNCHWxBF16x0x0x2x2x1x1x1xFxDefault
MIOpen(HIP): Info [FindConvolution] miopenConvolutionFwdAlgoGEMM	0.417439	39168000
MIOpen(HIP): Info [FillFindReturnParameters] FW Chosen Algorithm: GemmFwdRest , 39168000, 0.417439
MIOpen(HIP): miopenStatus_t miopenConvolutionForward(miopenHandle_t, const void *, const miopenTensorDescriptor_t, const void *, const miopenTensorDescriptor_t, const void *, const miopenConvolutionDescriptor_t, miopenConvFwdAlgorithm_t, const void *, const miopenTensorDescriptor_t, void *, void *, size_t){
MIOpen(HIP): 	handle = stream: 0, device_id: 0
MIOpen(HIP): 	alpha = 0x7ffd68b9dcb8
MIOpen(HIP): 	xDesc = {1, 640, 137, 101}, {8855680, 13837, 101, 1}, packed, 
MIOpen(HIP): 	x = 0x7d703f134000
MIOpen(HIP): 	wDesc = {640, 640, 3, 3}, {5760, 9, 3, 1}, packed, 
MIOpen(HIP): 	w = 0x7d6df6600000
MIOpen(HIP): 	convDesc = conv2d, miopenConvolution, miopenPaddingDefault, {0, 0}, {2, 2}, {1, 1}, 
MIOpen(HIP): 	algo = 0
MIOpen(HIP): 	beta = 0x7ffd68b9dcc0
MIOpen(HIP): 	yDesc = {1, 640, 68, 50}, {2176000, 3400, 50, 1}, packed, 
MIOpen(HIP): 	y = 0x7d6dd9c20000
MIOpen(HIP): 	workSpace = 0x7d7048ad0000
MIOpen(HIP): 	workSpaceSize = 39168000
MIOpen(HIP): }
MIOpen(HIP): Command [LogCmdConvolution] ./bin/MIOpenDriver convbfp16 -n 1 -c 640 -H 137 -W 101 -k 640 -y 3 -x 3 -p 0 -q 0 -u 2 -v 2 -l 1 -j 1 -m conv -g 1 -F 1 -t 1
MIOpen(HIP): Info [ConvolutionForward] algo = 0, workspace = 39168000
MIOpen(HIP): Info2 [GetInvoker] Returning an invoker for problem 640x137x101x3x3x640x68x50x1xNCHWxBF16x0x0x2x2x1x1x1xFxDefault and algorithm miopenConvolutionFwdAlgoGEMM
MIOpen(HIP): auto miopen::solver::conv::GemmFwdRest::GetSolution(const ExecutionContext &, const ProblemDescription &)::(anonymous class)::operator()(const std::vector<Kernel> &)::(anonymous class)::operator()(const Handle &, const AnyInvokeParams &) const{
MIOpen(HIP): 	name + ", non 1x1" = convolution, non 1x1
MIOpen(HIP): }
MIOpen(HIP): Info2 [GetKernels] 0 kernels for key: miopenIm2d2Col "c640i137_101w3_3p0_0s2_2d1_1t5"
MIOpen(HIP): Info2 [AddKernel] Key: miopenIm2d2Col "c640i137_101w3_3p0_0s2_2d1_1t5 -DLOCAL_MEM_SIZE=1105 -DSTRIDE_GT_1=1 -DNUM_IM_BLKS_EQ_1=0 -DUSE_IM_OFF_GUARD=1"
MIOpen(HIP): Info2 [run] kernel_name = Im2d2Col_v2, global_work_dim = { 2949120, 1, 1 }, local_work_dim = { 256, 1, 1 }
MIOpen(HIP): Info2 [CallGemm] gemm_desc: {isColMajor 0, transA 0, transB 0, m 640, n 3400, k 5760, lda 5760, ldb 3400, ldc 3400, batch_count 1, strideA 0, strideB 0, strideC 0, alpha 1, beta 0, dataType bfloat16, a_cast_type bfloat16, b_cast_type bfloat16} 
MIOpen(HIP): Info2 [CallGemm] rocBLAS
MIOpen(HIP): miopenStatus_t miopenDestroyConvolutionDescriptor(miopenConvolutionDescriptor_t){
MIOpen(HIP): 	convDesc = conv2d, miopenConvolution, miopenPaddingDefault, {0, 0}, {2, 2}, {1, 1}, 
MIOpen(HIP): }
MIOpen(HIP): miopenStatus_t miopenDestroyTensorDescriptor(miopenTensorDescriptor_t){
MIOpen(HIP): 	tensorDesc = {640, 640, 3, 3}, {5760, 9, 3, 1}, packed, 
MIOpen(HIP): }
MIOpen(HIP): miopenStatus_t miopenDestroyTensorDescriptor(miopenTensorDescriptor_t){
MIOpen(HIP): 	tensorDesc = {1, 640, 68, 50}, {2176000, 3400, 50, 1}, packed, 
MIOpen(HIP): }
MIOpen(HIP): miopenStatus_t miopenDestroyTensorDescriptor(miopenTensorDescriptor_t){
MIOpen(HIP): 	tensorDesc = {1, 640, 137, 101}, {8855680, 13837, 101, 1}, packed, 
MIOpen(HIP): }
MIOpen(HIP): Info [get_device_name] Raw device name: gfx1100
MIOpen(HIP): Info [SetStream] stream: 0, device_id: 0
MIOpen(HIP): miopenStatus_t miopenCreateTensorDescriptor(miopenTensorDescriptor_t *){
MIOpen(HIP): 	tensorDesc = 0x5
MIOpen(HIP): }
MIOpen(HIP): miopenStatus_t miopenSetTensorDescriptor(miopenTensorDescriptor_t, miopenDataType_t, int, const int *, const int *){
MIOpen(HIP): 	tensorDesc = {}, {}, packed, 
MIOpen(HIP): 	dataType = 5
MIOpen(HIP): 	nbDims = 5
MIOpen(HIP): 	dim.values = { 1 640 3 70 52 }
MIOpen(HIP): 	stride.values = { 6988800 1 2329600 33280 640 }
MIOpen(HIP): }
MIOpen(HIP): miopenStatus_t miopenCreateTensorDescriptor(miopenTensorDescriptor_t *){
MIOpen(HIP): 	tensorDesc = 0x820000238c00
MIOpen(HIP): }
MIOpen(HIP): miopenStatus_t miopenSetTensorDescriptor(miopenTensorDescriptor_t, miopenDataType_t, int, const int *, const int *){
MIOpen(HIP): 	tensorDesc = {}, {}, packed, 
MIOpen(HIP): 	dataType = 5
MIOpen(HIP): 	nbDims = 5
MIOpen(HIP): 	dim.values = { 640 640 3 3 3 }
MIOpen(HIP): 	stride.values = { 17280 1 5760 1920 640 }
MIOpen(HIP): }
MIOpen(HIP): miopenStatus_t miopenCreateTensorDescriptor(miopenTensorDescriptor_t *){
MIOpen(HIP): 	tensorDesc = 0x7d7626d37df6
MIOpen(HIP): }
MIOpen(HIP): miopenStatus_t miopenSetTensorDescriptor(miopenTensorDescriptor_t, miopenDataType_t, int, const int *, const int *){
MIOpen(HIP): 	tensorDesc = {}, {}, packed, 
MIOpen(HIP): 	dataType = 5
MIOpen(HIP): 	nbDims = 5
MIOpen(HIP): 	dim.values = { 1 640 1 68 50 }
MIOpen(HIP): 	stride.values = { 2176000 1 2176000 32000 640 }
MIOpen(HIP): }
MIOpen(HIP): miopenStatus_t miopenCreateConvolutionDescriptor(miopenConvolutionDescriptor_t *){
MIOpen(HIP): 	convDesc = 0x7ffd68b9e790
MIOpen(HIP): }
MIOpen(HIP): miopenStatus_t miopenInitConvolutionNdDescriptor(miopenConvolutionDescriptor_t, int, const int *, const int *, const int *, miopenConvolutionMode_t){
MIOpen(HIP): 	convDesc = conv2d, miopenConvolution, miopenPaddingDefault, {0, 0}, {1, 1}, {1, 1}, 
MIOpen(HIP): 	spatialDim = 3
MIOpen(HIP): 	pads = { 0 0 0 }
MIOpen(HIP): 	strides = { 1 1 1 }
MIOpen(HIP): 	dilations = { 1 1 1 }
MIOpen(HIP): 	c_mode = 0
MIOpen(HIP): }
MIOpen(HIP): miopenStatus_t miopenSetConvolutionGroupCount(miopenConvolutionDescriptor_t, int){
MIOpen(HIP): 	convDesc = conv3d, miopenConvolution, miopenPaddingDefault, {0, 0, 0}, {1, 1, 1}, {1, 1, 1}, 
MIOpen(HIP): 	groupCount = 1
MIOpen(HIP): }
MIOpen(HIP): miopenStatus_t miopenSetConvolutionAttribute(miopenConvolutionDescriptor_t, const miopenConvolutionAttrib_t, const int){
MIOpen(HIP): 	convDesc = conv3d, miopenConvolution, miopenPaddingDefault, {0, 0, 0}, {1, 1, 1}, {1, 1, 1}, 
MIOpen(HIP): 	attr = 1
MIOpen(HIP): 	value = 0
MIOpen(HIP): }
MIOpen(HIP): miopenStatus_t miopenConvolutionForwardGetWorkSpaceSize(miopenHandle_t, const miopenTensorDescriptor_t, const miopenTensorDescriptor_t, const miopenConvolutionDescriptor_t, const miopenTensorDescriptor_t, size_t *){
MIOpen(HIP): 	handle = stream: 0, device_id: 0
MIOpen(HIP): 	wDesc = {640, 640, 3, 3, 3}, {17280, 1, 5760, 1920, 640}, packed, 
MIOpen(HIP): 	xDesc = {1, 640, 3, 70, 52}, {6988800, 1, 2329600, 33280, 640}, packed, 
MIOpen(HIP): 	convDesc = conv3d, miopenConvolution, miopenPaddingDefault, {0, 0, 0}, {1, 1, 1}, {1, 1, 1}, 
MIOpen(HIP): 	yDesc = {1, 640, 1, 68, 50}, {2176000, 1, 2176000, 32000, 640}, packed, 
MIOpen(HIP): }
MIOpen(HIP): Info2 [GetWorkSpaceSize] 
MIOpen(HIP): Info [GetSolutions] 
MIOpen(HIP): Info2 [ValidateUnsafe] DB file is older than cache: 534845152696299, 537696530279241
MIOpen(HIP): Info2 [FindRecordUnsafe] Looking for key 640-3-70-52-3x3x3-640-1-68-50-1-0x0x0-1x1x1-1x1x1-0-NDHWC-NDHWC-NDHWC-BF16-F in cache for file "/root/.config/miopen/gfx1100_48.HIP.3_5_1_41dcdea279-dirty.ufdb.txt"
MIOpen(HIP): Info2 [Measure] Db::FindRecord time: 0.050562 ms
MIOpen(HIP): Info2 [GetSolutions] ConvHipImplicitGemm3DChannelLastFwdWmmaops
MIOpen(HIP): Info [GetWorkSpaceSize] 0
MIOpen(HIP): miopenStatus_t miopenFindConvolutionForwardAlgorithm(miopenHandle_t, const miopenTensorDescriptor_t, const void *, const miopenTensorDescriptor_t, const void *, const miopenConvolutionDescriptor_t, const miopenTensorDescriptor_t, void *, const int, int *, miopenConvAlgoPerf_t *, void *, size_t, bool){
MIOpen(HIP): 	handle = stream: 0, device_id: 0
MIOpen(HIP): 	xDesc = {1, 640, 3, 70, 52}, {6988800, 1, 2329600, 33280, 640}, packed, 
MIOpen(HIP): 	x = 0x7d705ab34000
MIOpen(HIP): 	wDesc = {640, 640, 3, 3, 3}, {17280, 1, 5760, 1920, 640}, packed, 
MIOpen(HIP): 	w = 0x7d701ffb7000
MIOpen(HIP): 	convDesc = conv3d, miopenConvolution, miopenPaddingDefault, {0, 0, 0}, {1, 1, 1}, {1, 1, 1}, 
MIOpen(HIP): 	yDesc = {1, 640, 1, 68, 50}, {2176000, 1, 2176000, 32000, 640}, packed, 
MIOpen(HIP): 	y = 0x7d705b888800
MIOpen(HIP): 	requestAlgoCount = 1
MIOpen(HIP): 	returnedAlgoCount = 32765
MIOpen(HIP): 	perfResults = 
MIOpen(HIP): 	workSpace = nullptr
MIOpen(HIP): 	workSpaceSize = 0
MIOpen(HIP): 	exhaustiveSearch = 0
MIOpen(HIP): }
MIOpen(HIP): Command [LogCmdFindConvolution] ./bin/MIOpenDriver convbfp16 -n 1 -c 640 --in_d 3 -H 70 -W 52 -k 640 --fil_d 3 -y 3 -x 3 --pad_d 0 -p 0 -q 0 --conv_stride_d 1 -u 1 -v 1 --dilation_d 1 -l 1 -j 1 --spatial_dim 3 --in_layout NDHWC --fil_layout NDHWC --out_layout NDHWC -m conv -g 1 -F 1 -t 1
MIOpen(HIP): Info [FindConvFwdAlgorithm] requestAlgoCount = 1, workspace = 0
MIOpen(HIP): Info [GetSolutions] 
MIOpen(HIP): Info2 [ValidateUnsafe] DB file is older than cache: 534845152696299, 537696530279241
MIOpen(HIP): Info2 [FindRecordUnsafe] Looking for key 640-3-70-52-3x3x3-640-1-68-50-1-0x0x0-1x1x1-1x1x1-0-NDHWC-NDHWC-NDHWC-BF16-F in cache for file "/root/.config/miopen/gfx1100_48.HIP.3_5_1_41dcdea279-dirty.ufdb.txt"
MIOpen(HIP): Info2 [Measure] Db::FindRecord time: 0.034532 ms
MIOpen(HIP): Info2 [GetSolutions] ConvHipImplicitGemm3DChannelLastFwdWmmaops
MIOpen(HIP): Info2 [GetInvoker] Returning an invoker for problem 640x3x70x52x3x3x3x640x1x68x50x1xNDHWCxNDHWCxNDHWCxBF16x0x0x0x1x1x1x1x1x1x1xFxDefault and solver ConvHipImplicitGemm3DChannelLastFwdWmmaops
MIOpen(HIP): Info [FindSolutionImpl] ConvHipImplicitGemm3DChannelLastFwdWmmaops
MIOpen(HIP): Info2 [FindRecordUnsafe] Looking for key 3x640x70x52x3x3x3x3x640x1x0x0x0x1x1x1x1x1x1x0x1xNDHWCxBF16xF in cache for file "/root/.config/miopen/gfx1100_48.HIP.3_5_1_41dcdea279-dirty.udb.txt"
MIOpen(HIP): Info2 [FindRecord] Looking for key 640-3-70-52-3x3x3-640-1-68-50-1-0x0x0-1x1x1-1x1x1-0-NDHWC-NDHWC-NDHWC-BF16-F in file ""
MIOpen(HIP): Info2 [Measure] Db::Load time: 0.019572 ms
MIOpen(HIP): Info [FindSolutionImpl] Perf Db: record not found for: ConvHipImplicitGemm3DChannelLastFwdWmmaops
MIOpen(HIP): Info2 [Register] Invoker registered for algorithm 640x3x70x52x3x3x3x640x1x68x50x1xNDHWCxNDHWCxNDHWCxBF16x0x0x0x1x1x1x1x1x1x1xFxDefault and solver ConvHipImplicitGemm3DChannelLastFwdWmmaops
MIOpen(HIP): Info2 [SetAsFound1_0] Solver ConvHipImplicitGemm3DChannelLastFwdWmmaops registered as find 1.0 best for miopenConvolutionFwdAlgoImplicitGEMM in 640x3x70x52x3x3x3x640x1x68x50x1xNDHWCxNDHWCxNDHWCxBF16x0x0x0x1x1x1x1x1x1x1xFxDefault
MIOpen(HIP): Info [FindConvolution] miopenConvolutionFwdAlgoImplicitGEMM	13.0565	0
MIOpen(HIP): Info [FillFindReturnParameters] FW Chosen Algorithm: ConvHipImplicitGemm3DChannelLastFwdWmmaops , 0, 13.0565
MIOpen(HIP): miopenStatus_t miopenConvolutionForward(miopenHandle_t, const void *, const miopenTensorDescriptor_t, const void *, const miopenTensorDescriptor_t, const void *, const miopenConvolutionDescriptor_t, miopenConvFwdAlgorithm_t, const void *, const miopenTensorDescriptor_t, void *, void *, size_t){
MIOpen(HIP): 	handle = stream: 0, device_id: 0
MIOpen(HIP): 	alpha = 0x7ffd68b9e4d8
MIOpen(HIP): 	xDesc = {1, 640, 3, 70, 52}, {6988800, 1, 2329600, 33280, 640}, packed, 
MIOpen(HIP): 	x = 0x7d705ab34000
MIOpen(HIP): 	wDesc = {640, 640, 3, 3, 3}, {17280, 1, 5760, 1920, 640}, packed, 
MIOpen(HIP): 	w = 0x7d701ffb7000
MIOpen(HIP): 	convDesc = conv3d, miopenConvolution, miopenPaddingDefault, {0, 0, 0}, {1, 1, 1}, {1, 1, 1}, 
MIOpen(HIP): 	algo = 5
MIOpen(HIP): 	beta = 0x7ffd68b9e4e0
MIOpen(HIP): 	yDesc = {1, 640, 1, 68, 50}, {2176000, 1, 2176000, 32000, 640}, packed, 
MIOpen(HIP): 	y = 0x7d705b888800
MIOpen(HIP): 	workSpace = nullptr
MIOpen(HIP): 	workSpaceSize = 0
MIOpen(HIP): }
MIOpen(HIP): Command [LogCmdConvolution] ./bin/MIOpenDriver convbfp16 -n 1 -c 640 --in_d 3 -H 70 -W 52 -k 640 --fil_d 3 -y 3 -x 3 --pad_d 0 -p 0 -q 0 --conv_stride_d 1 -u 1 -v 1 --dilation_d 1 -l 1 -j 1 --spatial_dim 3 --in_layout NDHWC --fil_layout NDHWC --out_layout NDHWC -m conv -g 1 -F 1 -t 1
MIOpen(HIP): Info [ConvolutionForward] algo = 5, workspace = 0
MIOpen(HIP): Info2 [GetInvoker] Returning an invoker for problem 640x3x70x52x3x3x3x640x1x68x50x1xNDHWCxNDHWCxNDHWCxBF16x0x0x0x1x1x1x1x1x1x1xFxDefault and algorithm miopenConvolutionFwdAlgoImplicitGEMM
MIOpen(HIP): miopenStatus_t miopenDestroyConvolutionDescriptor(miopenConvolutionDescriptor_t){
MIOpen(HIP): 	convDesc = conv3d, miopenConvolution, miopenPaddingDefault, {0, 0, 0}, {1, 1, 1}, {1, 1, 1}, 
MIOpen(HIP): }
MIOpen(HIP): miopenStatus_t miopenDestroyTensorDescriptor(miopenTensorDescriptor_t){
MIOpen(HIP): 	tensorDesc = {640, 640, 3, 3, 3}, {17280, 1, 5760, 1920, 640}, packed, 
MIOpen(HIP): }
MIOpen(HIP): miopenStatus_t miopenDestroyTensorDescriptor(miopenTensorDescriptor_t){
MIOpen(HIP): 	tensorDesc = {1, 640, 1, 68, 50}, {2176000, 1, 2176000, 32000, 640}, packed, 
MIOpen(HIP): }
MIOpen(HIP): miopenStatus_t miopenDestroyTensorDescriptor(miopenTensorDescriptor_t){
MIOpen(HIP): 	tensorDesc = {1, 640, 3, 70, 52}, {6988800, 1, 2329600, 33280, 640}, packed, 
MIOpen(HIP): }
MIOpen(HIP): Info [get_device_name] Raw device name: gfx1100
MIOpen(HIP): Info [SetStream] stream: 0, device_id: 0
MIOpen(HIP): miopenStatus_t miopenCreateTensorDescriptor(miopenTensorDescriptor_t *){
MIOpen(HIP): 	tensorDesc = 0x5
MIOpen(HIP): }
MIOpen(HIP): miopenStatus_t miopenSetTensorDescriptor(miopenTensorDescriptor_t, miopenDataType_t, int, const int *, const int *){
MIOpen(HIP): 	tensorDesc = {}, {}, packed, 
MIOpen(HIP): 	dataType = 5
MIOpen(HIP): 	nbDims = 5
MIOpen(HIP): 	dim.values = { 1 640 3 70 52 }
MIOpen(HIP): 	stride.values = { 6988800 1 2329600 33280 640 }
MIOpen(HIP): }
MIOpen(HIP): miopenStatus_t miopenCreateTensorDescriptor(miopenTensorDescriptor_t *){
MIOpen(HIP): 	tensorDesc = 0x820000238c00
MIOpen(HIP): }
MIOpen(HIP): miopenStatus_t miopenSetTensorDescriptor(miopenTensorDescriptor_t, miopenDataType_t, int, const int *, const int *){
MIOpen(HIP): 	tensorDesc = {}, {}, packed, 
MIOpen(HIP): 	dataType = 5
MIOpen(HIP): 	nbDims = 5
MIOpen(HIP): 	dim.values = { 640 640 3 3 3 }
MIOpen(HIP): 	stride.values = { 17280 1 5760 1920 640 }
MIOpen(HIP): }
MIOpen(HIP): miopenStatus_t miopenCreateTensorDescriptor(miopenTensorDescriptor_t *){
MIOpen(HIP): 	tensorDesc = 0x7d7626d37df6
MIOpen(HIP): }
MIOpen(HIP): miopenStatus_t miopenSetTensorDescriptor(miopenTensorDescriptor_t, miopenDataType_t, int, const int *, const int *){
MIOpen(HIP): 	tensorDesc = {}, {}, packed, 
MIOpen(HIP): 	dataType = 5
MIOpen(HIP): 	nbDims = 5
MIOpen(HIP): 	dim.values = { 1 640 1 68 50 }
MIOpen(HIP): 	stride.values = { 2176000 1 2176000 32000 640 }
MIOpen(HIP): }
MIOpen(HIP): miopenStatus_t miopenCreateConvolutionDescriptor(miopenConvolutionDescriptor_t *){
MIOpen(HIP): 	convDesc = 0x7ffd68b9e790
MIOpen(HIP): }
MIOpen(HIP): miopenStatus_t miopenInitConvolutionNdDescriptor(miopenConvolutionDescriptor_t, int, const int *, const int *, const int *, miopenConvolutionMode_t){
MIOpen(HIP): 	convDesc = conv2d, miopenConvolution, miopenPaddingDefault, {0, 0}, {1, 1}, {1, 1}, 
MIOpen(HIP): 	spatialDim = 3
MIOpen(HIP): 	pads = { 0 0 0 }
MIOpen(HIP): 	strides = { 1 1 1 }
MIOpen(HIP): 	dilations = { 1 1 1 }
MIOpen(HIP): 	c_mode = 0
MIOpen(HIP): }
MIOpen(HIP): miopenStatus_t miopenSetConvolutionGroupCount(miopenConvolutionDescriptor_t, int){
MIOpen(HIP): 	convDesc = conv3d, miopenConvolution, miopenPaddingDefault, {0, 0, 0}, {1, 1, 1}, {1, 1, 1}, 
MIOpen(HIP): 	groupCount = 1
MIOpen(HIP): }
MIOpen(HIP): miopenStatus_t miopenSetConvolutionAttribute(miopenConvolutionDescriptor_t, const miopenConvolutionAttrib_t, const int){
MIOpen(HIP): 	convDesc = conv3d, miopenConvolution, miopenPaddingDefault, {0, 0, 0}, {1, 1, 1}, {1, 1, 1}, 
MIOpen(HIP): 	attr = 1
MIOpen(HIP): 	value = 0
MIOpen(HIP): }
MIOpen(HIP): miopenStatus_t miopenConvolutionForward(miopenHandle_t, const void *, const miopenTensorDescriptor_t, const void *, const miopenTensorDescriptor_t, const void *, const miopenConvolutionDescriptor_t, miopenConvFwdAlgorithm_t, const void *, const miopenTensorDescriptor_t, void *, void *, size_t){
MIOpen(HIP): 	handle = stream: 0, device_id: 0
MIOpen(HIP): 	alpha = 0x7ffd68b9e4d8
MIOpen(HIP): 	xDesc = {1, 640, 3, 70, 52}, {6988800, 1, 2329600, 33280, 640}, packed, 
MIOpen(HIP): 	x = 0x7d705ab34000
MIOpen(HIP): 	wDesc = {640, 640, 3, 3, 3}, {17280, 1, 5760, 1920, 640}, packed, 
MIOpen(HIP): 	w = 0x7d701ffb7000
MIOpen(HIP): 	convDesc = conv3d, miopenConvolution, miopenPaddingDefault, {0, 0, 0}, {1, 1, 1}, {1, 1, 1}, 
MIOpen(HIP): 	algo = 5
MIOpen(HIP): 	beta = 0x7ffd68b9e4e0
MIOpen(HIP): 	yDesc = {1, 640, 1, 68, 50}, {2176000, 1, 2176000, 32000, 640}, packed, 
MIOpen(HIP): 	y = 0x7d705b888800
MIOpen(HIP): 	workSpace = nullptr
MIOpen(HIP): 	workSpaceSize = 0
MIOpen(HIP): }
MIOpen(HIP): Command [LogCmdConvolution] ./bin/MIOpenDriver convbfp16 -n 1 -c 640 --in_d 3 -H 70 -W 52 -k 640 --fil_d 3 -y 3 -x 3 --pad_d 0 -p 0 -q 0 --conv_stride_d 1 -u 1 -v 1 --dilation_d 1 -l 1 -j 1 --spatial_dim 3 --in_layout NDHWC --fil_layout NDHWC --out_layout NDHWC -m conv -g 1 -F 1 -t 1
MIOpen(HIP): Info [ConvolutionForward] algo = 5, workspace = 0
MIOpen(HIP): Info2 [GetInvoker] Returning an invoker for problem 640x3x70x52x3x3x3x640x1x68x50x1xNDHWCxNDHWCxNDHWCxBF16x0x0x0x1x1x1x1x1x1x1xFxDefault and algorithm miopenConvolutionFwdAlgoImplicitGEMM
MIOpen(HIP): miopenStatus_t miopenDestroyConvolutionDescriptor(miopenConvolutionDescriptor_t){
MIOpen(HIP): 	convDesc = conv3d, miopenConvolution, miopenPaddingDefault, {0, 0, 0}, {1, 1, 1}, {1, 1, 1}, 
MIOpen(HIP): }
MIOpen(HIP): miopenStatus_t miopenDestroyTensorDescriptor(miopenTensorDescriptor_t){
MIOpen(HIP): 	tensorDesc = {640, 640, 3, 3, 3}, {17280, 1, 5760, 1920, 640}, packed, 
MIOpen(HIP): }
MIOpen(HIP): miopenStatus_t miopenDestroyTensorDescriptor(miopenTensorDescriptor_t){
MIOpen(HIP): 	tensorDesc = {1, 640, 1, 68, 50}, {2176000, 1, 2176000, 32000, 640}, packed, 
MIOpen(HIP): }
MIOpen(HIP): miopenStatus_t miopenDestroyTensorDescriptor(miopenTensorDescriptor_t){
MIOpen(HIP): 	tensorDesc = {1, 640, 3, 70, 52}, {6988800, 1, 2329600, 33280, 640}, packed, 
MIOpen(HIP): }
MIOpen(HIP): Info [get_device_name] Raw device name: gfx1100
MIOpen(HIP): Info [SetStream] stream: 0, device_id: 0
MIOpen(HIP): miopenStatus_t miopenCreateTensorDescriptor(miopenTensorDescriptor_t *){
MIOpen(HIP): 	tensorDesc = 0x5
MIOpen(HIP): }
MIOpen(HIP): miopenStatus_t miopenSetTensorDescriptor(miopenTensorDescriptor_t, miopenDataType_t, int, const int *, const int *){
MIOpen(HIP): 	tensorDesc = {}, {}, packed, 
MIOpen(HIP): 	dataType = 5
MIOpen(HIP): 	nbDims = 5
MIOpen(HIP): 	dim.values = { 1 640 3 70 52 }
MIOpen(HIP): 	stride.values = { 6988800 1 2329600 33280 640 }
MIOpen(HIP): }
MIOpen(HIP): miopenStatus_t miopenCreateTensorDescriptor(miopenTensorDescriptor_t *){
MIOpen(HIP): 	tensorDesc = 0x820000238c00
MIOpen(HIP): }
MIOpen(HIP): miopenStatus_t miopenSetTensorDescriptor(miopenTensorDescriptor_t, miopenDataType_t, int, const int *, const int *){
MIOpen(HIP): 	tensorDesc = {}, {}, packed, 
MIOpen(HIP): 	dataType = 5
MIOpen(HIP): 	nbDims = 5
MIOpen(HIP): 	dim.values = { 640 640 3 3 3 }
MIOpen(HIP): 	stride.values = { 17280 1 5760 1920 640 }
MIOpen(HIP): }
MIOpen(HIP): miopenStatus_t miopenCreateTensorDescriptor(miopenTensorDescriptor_t *){
MIOpen(HIP): 	tensorDesc = 0x7d7626d37df6
MIOpen(HIP): }
MIOpen(HIP): miopenStatus_t miopenSetTensorDescriptor(miopenTensorDescriptor_t, miopenDataType_t, int, const int *, const int *){
MIOpen(HIP): 	tensorDesc = {}, {}, packed, 
MIOpen(HIP): 	dataType = 5
MIOpen(HIP): 	nbDims = 5
MIOpen(HIP): 	dim.values = { 1 640 1 68 50 }
MIOpen(HIP): 	stride.values = { 2176000 1 2176000 32000 640 }
MIOpen(HIP): }
MIOpen(HIP): miopenStatus_t miopenCreateConvolutionDescriptor(miopenConvolutionDescriptor_t *){
MIOpen(HIP): 	convDesc = 0x7ffd68b9e790
MIOpen(HIP): }
MIOpen(HIP): miopenStatus_t miopenInitConvolutionNdDescriptor(miopenConvolutionDescriptor_t, int, const int *, const int *, const int *, miopenConvolutionMode_t){
MIOpen(HIP): 	convDesc = conv2d, miopenConvolution, miopenPaddingDefault, {0, 0}, {1, 1}, {1, 1}, 
MIOpen(HIP): 	spatialDim = 3
MIOpen(HIP): 	pads = { 0 0 0 }
MIOpen(HIP): 	strides = { 1 1 1 }
MIOpen(HIP): 	dilations = { 1 1 1 }
MIOpen(HIP): 	c_mode = 0
MIOpen(HIP): }
MIOpen(HIP): miopenStatus_t miopenSetConvolutionGroupCount(miopenConvolutionDescriptor_t, int){
MIOpen(HIP): 	convDesc = conv3d, miopenConvolution, miopenPaddingDefault, {0, 0, 0}, {1, 1, 1}, {1, 1, 1}, 
MIOpen(HIP): 	groupCount = 1
MIOpen(HIP): }
MIOpen(HIP): miopenStatus_t miopenSetConvolutionAttribute(miopenConvolutionDescriptor_t, const miopenConvolutionAttrib_t, const int){
MIOpen(HIP): 	convDesc = conv3d, miopenConvolution, miopenPaddingDefault, {0, 0, 0}, {1, 1, 1}, {1, 1, 1}, 
MIOpen(HIP): 	attr = 1
MIOpen(HIP): 	value = 0
MIOpen(HIP): }
MIOpen(HIP): miopenStatus_t miopenConvolutionForward(miopenHandle_t, const void *, const miopenTensorDescriptor_t, const void *, const miopenTensorDescriptor_t, const void *, const miopenConvolutionDescriptor_t, miopenConvFwdAlgorithm_t, const void *, const miopenTensorDescriptor_t, void *, void *, size_t){
MIOpen(HIP): 	handle = stream: 0, device_id: 0
MIOpen(HIP): 	alpha = 0x7ffd68b9e4d8
MIOpen(HIP): 	xDesc = {1, 640, 3, 70, 52}, {6988800, 1, 2329600, 33280, 640}, packed, 
MIOpen(HIP): 	x = 0x7d7022e00000
MIOpen(HIP): 	wDesc = {640, 640, 3, 3, 3}, {17280, 1, 5760, 1920, 640}, packed, 
MIOpen(HIP): 	w = 0x7d701ffb7000
MIOpen(HIP): 	convDesc = conv3d, miopenConvolution, miopenPaddingDefault, {0, 0, 0}, {1, 1, 1}, {1, 1, 1}, 
MIOpen(HIP): 	algo = 5
MIOpen(HIP): 	beta = 0x7ffd68b9e4e0
MIOpen(HIP): 	yDesc = {1, 640, 1, 68, 50}, {2176000, 1, 2176000, 32000, 640}, packed, 
MIOpen(HIP): 	y = 0x7d7013579000
MIOpen(HIP): 	workSpace = nullptr
MIOpen(HIP): 	workSpaceSize = 0
MIOpen(HIP): }
MIOpen(HIP): Command [LogCmdConvolution] ./bin/MIOpenDriver convbfp16 -n 1 -c 640 --in_d 3 -H 70 -W 52 -k 640 --fil_d 3 -y 3 -x 3 --pad_d 0 -p 0 -q 0 --conv_stride_d 1 -u 1 -v 1 --dilation_d 1 -l 1 -j 1 --spatial_dim 3 --in_layout NDHWC --fil_layout NDHWC --out_layout NDHWC -m conv -g 1 -F 1 -t 1
MIOpen(HIP): Info [ConvolutionForward] algo = 5, workspace = 0
MIOpen(HIP): Info2 [GetInvoker] Returning an invoker for problem 640x3x70x52x3x3x3x640x1x68x50x1xNDHWCxNDHWCxNDHWCxBF16x0x0x0x1x1x1x1x1x1x1xFxDefault and algorithm miopenConvolutionFwdAlgoImplicitGEMM
MIOpen(HIP): miopenStatus_t miopenDestroyConvolutionDescriptor(miopenConvolutionDescriptor_t){
MIOpen(HIP): 	convDesc = conv3d, miopenConvolution, miopenPaddingDefault, {0, 0, 0}, {1, 1, 1}, {1, 1, 1}, 
MIOpen(HIP): }
MIOpen(HIP): miopenStatus_t miopenDestroyTensorDescriptor(miopenTensorDescriptor_t){
MIOpen(HIP): 	tensorDesc = {640, 640, 3, 3, 3}, {17280, 1, 5760, 1920, 640}, packed, 
MIOpen(HIP): }
MIOpen(HIP): miopenStatus_t miopenDestroyTensorDescriptor(miopenTensorDescriptor_t){
MIOpen(HIP): 	tensorDesc = {1, 640, 1, 68, 50}, {2176000, 1, 2176000, 32000, 640}, packed, 
MIOpen(HIP): }
MIOpen(HIP): miopenStatus_t miopenDestroyTensorDescriptor(miopenTensorDescriptor_t){
MIOpen(HIP): 	tensorDesc = {1, 640, 3, 70, 52}, {6988800, 1, 2329600, 33280, 640}, packed, 
MIOpen(HIP): }
MIOpen(HIP): Info [get_device_name] Raw device name: gfx1100
MIOpen(HIP): Info [SetStream] stream: 0, device_id: 0
MIOpen(HIP): miopenStatus_t miopenCreateTensorDescriptor(miopenTensorDescriptor_t *){
MIOpen(HIP): 	tensorDesc = 0x5
MIOpen(HIP): }
MIOpen(HIP): miopenStatus_t miopenSetTensorDescriptor(miopenTensorDescriptor_t, miopenDataType_t, int, const int *, const int *){
MIOpen(HIP): 	tensorDesc = {}, {}, packed, 
MIOpen(HIP): 	dataType = 5
MIOpen(HIP): 	nbDims = 5
MIOpen(HIP): 	dim.values = { 1 640 3 70 52 }
MIOpen(HIP): 	stride.values = { 6988800 1 2329600 33280 640 }
MIOpen(HIP): }
MIOpen(HIP): miopenStatus_t miopenCreateTensorDescriptor(miopenTensorDescriptor_t *){
MIOpen(HIP): 	tensorDesc = 0x820000238c00
MIOpen(HIP): }
MIOpen(HIP): miopenStatus_t miopenSetTensorDescriptor(miopenTensorDescriptor_t, miopenDataType_t, int, const int *, const int *){
MIOpen(HIP): 	tensorDesc = {}, {}, packed, 
MIOpen(HIP): 	dataType = 5
MIOpen(HIP): 	nbDims = 5
MIOpen(HIP): 	dim.values = { 640 640 3 3 3 }
MIOpen(HIP): 	stride.values = { 17280 1 5760 1920 640 }
MIOpen(HIP): }
MIOpen(HIP): miopenStatus_t miopenCreateTensorDescriptor(miopenTensorDescriptor_t *){
MIOpen(HIP): 	tensorDesc = 0x7d7626d37df6
MIOpen(HIP): }
MIOpen(HIP): miopenStatus_t miopenSetTensorDescriptor(miopenTensorDescriptor_t, miopenDataType_t, int, const int *, const int *){
MIOpen(HIP): 	tensorDesc = {}, {}, packed, 
MIOpen(HIP): 	dataType = 5
MIOpen(HIP): 	nbDims = 5
MIOpen(HIP): 	dim.values = { 1 640 1 68 50 }
MIOpen(HIP): 	stride.values = { 2176000 1 2176000 32000 640 }
MIOpen(HIP): }
MIOpen(HIP): miopenStatus_t miopenCreateConvolutionDescriptor(miopenConvolutionDescriptor_t *){
MIOpen(HIP): 	convDesc = 0x7ffd68b9e790
MIOpen(HIP): }
MIOpen(HIP): miopenStatus_t miopenInitConvolutionNdDescriptor(miopenConvolutionDescriptor_t, int, const int *, const int *, const int *, miopenConvolutionMode_t){
MIOpen(HIP): 	convDesc = conv2d, miopenConvolution, miopenPaddingDefault, {0, 0}, {1, 1}, {1, 1}, 
MIOpen(HIP): 	spatialDim = 3
MIOpen(HIP): 	pads = { 0 0 0 }
MIOpen(HIP): 	strides = { 1 1 1 }
MIOpen(HIP): 	dilations = { 1 1 1 }
MIOpen(HIP): 	c_mode = 0
MIOpen(HIP): }
MIOpen(HIP): miopenStatus_t miopenSetConvolutionGroupCount(miopenConvolutionDescriptor_t, int){
MIOpen(HIP): 	convDesc = conv3d, miopenConvolution, miopenPaddingDefault, {0, 0, 0}, {1, 1, 1}, {1, 1, 1}, 
MIOpen(HIP): 	groupCount = 1
MIOpen(HIP): }
MIOpen(HIP): miopenStatus_t miopenSetConvolutionAttribute(miopenConvolutionDescriptor_t, const miopenConvolutionAttrib_t, const int){
MIOpen(HIP): 	convDesc = conv3d, miopenConvolution, miopenPaddingDefault, {0, 0, 0}, {1, 1, 1}, {1, 1, 1}, 
MIOpen(HIP): 	attr = 1
MIOpen(HIP): 	value = 0
MIOpen(HIP): }
MIOpen(HIP): miopenStatus_t miopenConvolutionForward(miopenHandle_t, const void *, const miopenTensorDescriptor_t, const void *, const miopenTensorDescriptor_t, const void *, const miopenConvolutionDescriptor_t, miopenConvFwdAlgorithm_t, const void *, const miopenTensorDescriptor_t, void *, void *, size_t){
MIOpen(HIP): 	handle = stream: 0, device_id: 0
MIOpen(HIP): 	alpha = 0x7ffd68b9e4d8
MIOpen(HIP): 	xDesc = {1, 640, 3, 70, 52}, {6988800, 1, 2329600, 33280, 640}, packed, 
MIOpen(HIP): 	x = 0x7d7022e00000
MIOpen(HIP): 	wDesc = {640, 640, 3, 3, 3}, {17280, 1, 5760, 1920, 640}, packed, 
MIOpen(HIP): 	w = 0x7d701ffb7000
MIOpen(HIP): 	convDesc = conv3d, miopenConvolution, miopenPaddingDefault, {0, 0, 0}, {1, 1, 1}, {1, 1, 1}, 
MIOpen(HIP): 	algo = 5
MIOpen(HIP): 	beta = 0x7ffd68b9e4e0
MIOpen(HIP): 	yDesc = {1, 640, 1, 68, 50}, {2176000, 1, 2176000, 32000, 640}, packed, 
MIOpen(HIP): 	y = 0x7d7013579000
MIOpen(HIP): 	workSpace = nullptr
MIOpen(HIP): 	workSpaceSize = 0
MIOpen(HIP): }
MIOpen(HIP): Command [LogCmdConvolution] ./bin/MIOpenDriver convbfp16 -n 1 -c 640 --in_d 3 -H 70 -W 52 -k 640 --fil_d 3 -y 3 -x 3 --pad_d 0 -p 0 -q 0 --conv_stride_d 1 -u 1 -v 1 --dilation_d 1 -l 1 -j 1 --spatial_dim 3 --in_layout NDHWC --fil_layout NDHWC --out_layout NDHWC -m conv -g 1 -F 1 -t 1
MIOpen(HIP): Info [ConvolutionForward] algo = 5, workspace = 0
MIOpen(HIP): Info2 [GetInvoker] Returning an invoker for problem 640x3x70x52x3x3x3x640x1x68x50x1xNDHWCxNDHWCxNDHWCxBF16x0x0x0x1x1x1x1x1x1x1xFxDefault and algorithm miopenConvolutionFwdAlgoImplicitGEMM
MIOpen(HIP): miopenStatus_t miopenDestroyConvolutionDescriptor(miopenConvolutionDescriptor_t){
MIOpen(HIP): 	convDesc = conv3d, miopenConvolution, miopenPaddingDefault, {0, 0, 0}, {1, 1, 1}, {1, 1, 1}, 
MIOpen(HIP): }
MIOpen(HIP): miopenStatus_t miopenDestroyTensorDescriptor(miopenTensorDescriptor_t){
MIOpen(HIP): 	tensorDesc = {640, 640, 3, 3, 3}, {17280, 1, 5760, 1920, 640}, packed, 
MIOpen(HIP): }
MIOpen(HIP): miopenStatus_t miopenDestroyTensorDescriptor(miopenTensorDescriptor_t){
MIOpen(HIP): 	tensorDesc = {1, 640, 1, 68, 50}, {2176000, 1, 2176000, 32000, 640}, packed, 
MIOpen(HIP): }
MIOpen(HIP): miopenStatus_t miopenDestroyTensorDescriptor(miopenTensorDescriptor_t){
MIOpen(HIP): 	tensorDesc = {1, 640, 3, 70, 52}, {6988800, 1, 2329600, 33280, 640}, packed, 
MIOpen(HIP): }
MIOpen(HIP): Info [get_device_name] Raw device name: gfx1100
MIOpen(HIP): Info [SetStream] stream: 0, device_id: 0
MIOpen(HIP): miopenStatus_t miopenCreateTensorDescriptor(miopenTensorDescriptor_t *){
MIOpen(HIP): 	tensorDesc = 0x5
MIOpen(HIP): }
MIOpen(HIP): miopenStatus_t miopenSetTensorDescriptor(miopenTensorDescriptor_t, miopenDataType_t, int, const int *, const int *){
MIOpen(HIP): 	tensorDesc = {}, {}, packed, 
MIOpen(HIP): 	dataType = 5
MIOpen(HIP): 	nbDims = 5
MIOpen(HIP): 	dim.values = { 1 640 3 70 52 }
MIOpen(HIP): 	stride.values = { 6988800 1 2329600 33280 640 }
MIOpen(HIP): }
MIOpen(HIP): miopenStatus_t miopenCreateTensorDescriptor(miopenTensorDescriptor_t *){
MIOpen(HIP): 	tensorDesc = 0x820000238c00
MIOpen(HIP): }
MIOpen(HIP): miopenStatus_t miopenSetTensorDescriptor(miopenTensorDescriptor_t, miopenDataType_t, int, const int *, const int *){
MIOpen(HIP): 	tensorDesc = {}, {}, packed, 
MIOpen(HIP): 	dataType = 5
MIOpen(HIP): 	nbDims = 5
MIOpen(HIP): 	dim.values = { 640 640 3 3 3 }
MIOpen(HIP): 	stride.values = { 17280 1 5760 1920 640 }
MIOpen(HIP): }
MIOpen(HIP): miopenStatus_t miopenCreateTensorDescriptor(miopenTensorDescriptor_t *){
MIOpen(HIP): 	tensorDesc = 0x7d7626d37df6
MIOpen(HIP): }
MIOpen(HIP): miopenStatus_t miopenSetTensorDescriptor(miopenTensorDescriptor_t, miopenDataType_t, int, const int *, const int *){
MIOpen(HIP): 	tensorDesc = {}, {}, packed, 
MIOpen(HIP): 	dataType = 5
MIOpen(HIP): 	nbDims = 5
MIOpen(HIP): 	dim.values = { 1 640 1 68 50 }
MIOpen(HIP): 	stride.values = { 2176000 1 2176000 32000 640 }
MIOpen(HIP): }
MIOpen(HIP): miopenStatus_t miopenCreateConvolutionDescriptor(miopenConvolutionDescriptor_t *){
MIOpen(HIP): 	convDesc = 0x7ffd68b9efd0
MIOpen(HIP): }
MIOpen(HIP): miopenStatus_t miopenInitConvolutionNdDescriptor(miopenConvolutionDescriptor_t, int, const int *, const int *, const int *, miopenConvolutionMode_t){
MIOpen(HIP): 	convDesc = conv2d, miopenConvolution, miopenPaddingDefault, {0, 0}, {1, 1}, {1, 1}, 
MIOpen(HIP): 	spatialDim = 3
MIOpen(HIP): 	pads = { 0 0 0 }
MIOpen(HIP): 	strides = { 1 1 1 }
MIOpen(HIP): 	dilations = { 1 1 1 }
MIOpen(HIP): 	c_mode = 0
MIOpen(HIP): }
MIOpen(HIP): miopenStatus_t miopenSetConvolutionGroupCount(miopenConvolutionDescriptor_t, int){
MIOpen(HIP): 	convDesc = conv3d, miopenConvolution, miopenPaddingDefault, {0, 0, 0}, {1, 1, 1}, {1, 1, 1}, 
MIOpen(HIP): 	groupCount = 1
MIOpen(HIP): }
MIOpen(HIP): miopenStatus_t miopenSetConvolutionAttribute(miopenConvolutionDescriptor_t, const miopenConvolutionAttrib_t, const int){
MIOpen(HIP): 	convDesc = conv3d, miopenConvolution, miopenPaddingDefault, {0, 0, 0}, {1, 1, 1}, {1, 1, 1}, 
MIOpen(HIP): 	attr = 1
MIOpen(HIP): 	value = 0
MIOpen(HIP): }
MIOpen(HIP): miopenStatus_t miopenConvolutionForward(miopenHandle_t, const void *, const miopenTensorDescriptor_t, const void *, const miopenTensorDescriptor_t, const void *, const miopenConvolutionDescriptor_t, miopenConvFwdAlgorithm_t, const void *, const miopenTensorDescriptor_t, void *, void *, size_t){
MIOpen(HIP): 	handle = stream: 0, device_id: 0
MIOpen(HIP): 	alpha = 0x7ffd68b9ed18
MIOpen(HIP): 	xDesc = {1, 640, 3, 70, 52}, {6988800, 1, 2329600, 33280, 640}, packed, 
MIOpen(HIP): 	x = 0x7d7012b6a000
MIOpen(HIP): 	wDesc = {640, 640, 3, 3, 3}, {17280, 1, 5760, 1920, 640}, packed, 
MIOpen(HIP): 	w = 0x7d7022e00000
MIOpen(HIP): 	convDesc = conv3d, miopenConvolution, miopenPaddingDefault, {0, 0, 0}, {1, 1, 1}, {1, 1, 1}, 
MIOpen(HIP): 	algo = 5
MIOpen(HIP): 	beta = 0x7ffd68b9ed20
MIOpen(HIP): 	yDesc = {1, 640, 1, 68, 50}, {2176000, 1, 2176000, 32000, 640}, packed, 
MIOpen(HIP): 	y = 0x7d701e6d0000
MIOpen(HIP): 	workSpace = nullptr
MIOpen(HIP): 	workSpaceSize = 0
MIOpen(HIP): }
MIOpen(HIP): Command [LogCmdConvolution] ./bin/MIOpenDriver convbfp16 -n 1 -c 640 --in_d 3 -H 70 -W 52 -k 640 --fil_d 3 -y 3 -x 3 --pad_d 0 -p 0 -q 0 --conv_stride_d 1 -u 1 -v 1 --dilation_d 1 -l 1 -j 1 --spatial_dim 3 --in_layout NDHWC --fil_layout NDHWC --out_layout NDHWC -m conv -g 1 -F 1 -t 1
MIOpen(HIP): Info [ConvolutionForward] algo = 5, workspace = 0
MIOpen(HIP): Info2 [GetInvoker] Returning an invoker for problem 640x3x70x52x3x3x3x640x1x68x50x1xNDHWCxNDHWCxNDHWCxBF16x0x0x0x1x1x1x1x1x1x1xFxDefault and algorithm miopenConvolutionFwdAlgoImplicitGEMM
MIOpen(HIP): miopenStatus_t miopenDestroyConvolutionDescriptor(miopenConvolutionDescriptor_t){
MIOpen(HIP): 	convDesc = conv3d, miopenConvolution, miopenPaddingDefault, {0, 0, 0}, {1, 1, 1}, {1, 1, 1}, 
MIOpen(HIP): }
MIOpen(HIP): miopenStatus_t miopenDestroyTensorDescriptor(miopenTensorDescriptor_t){
MIOpen(HIP): 	tensorDesc = {640, 640, 3, 3, 3}, {17280, 1, 5760, 1920, 640}, packed, 
MIOpen(HIP): }
MIOpen(HIP): miopenStatus_t miopenDestroyTensorDescriptor(miopenTensorDescriptor_t){
MIOpen(HIP): 	tensorDesc = {1, 640, 1, 68, 50}, {2176000, 1, 2176000, 32000, 640}, packed, 
MIOpen(HIP): }
MIOpen(HIP): miopenStatus_t miopenDestroyTensorDescriptor(miopenTensorDescriptor_t){
MIOpen(HIP): 	tensorDesc = {1, 640, 3, 70, 52}, {6988800, 1, 2329600, 33280, 640}, packed, 
MIOpen(HIP): }
MIOpen(HIP): Info [get_device_name] Raw device name: gfx1100
MIOpen(HIP): Info [SetStream] stream: 0, device_id: 0
MIOpen(HIP): miopenStatus_t miopenCreateTensorDescriptor(miopenTensorDescriptor_t *){
MIOpen(HIP): 	tensorDesc = 0x5
MIOpen(HIP): }
MIOpen(HIP): miopenStatus_t miopenSetTensorDescriptor(miopenTensorDescriptor_t, miopenDataType_t, int, const int *, const int *){
MIOpen(HIP): 	tensorDesc = {}, {}, packed, 
MIOpen(HIP): 	dataType = 5
MIOpen(HIP): 	nbDims = 5
MIOpen(HIP): 	dim.values = { 1 640 3 70 52 }
MIOpen(HIP): 	stride.values = { 6988800 1 2329600 33280 640 }
MIOpen(HIP): }
MIOpen(HIP): miopenStatus_t miopenCreateTensorDescriptor(miopenTensorDescriptor_t *){
MIOpen(HIP): 	tensorDesc = 0x820000238c00
MIOpen(HIP): }
MIOpen(HIP): miopenStatus_t miopenSetTensorDescriptor(miopenTensorDescriptor_t, miopenDataType_t, int, const int *, const int *){
MIOpen(HIP): 	tensorDesc = {}, {}, packed, 
MIOpen(HIP): 	dataType = 5
MIOpen(HIP): 	nbDims = 5
MIOpen(HIP): 	dim.values = { 640 640 3 3 3 }
MIOpen(HIP): 	stride.values = { 17280 1 5760 1920 640 }
MIOpen(HIP): }
MIOpen(HIP): miopenStatus_t miopenCreateTensorDescriptor(miopenTensorDescriptor_t *){
MIOpen(HIP): 	tensorDesc = 0x7d7626d37df6
MIOpen(HIP): }
MIOpen(HIP): miopenStatus_t miopenSetTensorDescriptor(miopenTensorDescriptor_t, miopenDataType_t, int, const int *, const int *){
MIOpen(HIP): 	tensorDesc = {}, {}, packed, 
MIOpen(HIP): 	dataType = 5
MIOpen(HIP): 	nbDims = 5
MIOpen(HIP): 	dim.values = { 1 640 1 68 50 }
MIOpen(HIP): 	stride.values = { 2176000 1 2176000 32000 640 }
MIOpen(HIP): }
MIOpen(HIP): miopenStatus_t miopenCreateConvolutionDescriptor(miopenConvolutionDescriptor_t *){
MIOpen(HIP): 	convDesc = 0x7ffd68b9efd0
MIOpen(HIP): }
MIOpen(HIP): miopenStatus_t miopenInitConvolutionNdDescriptor(miopenConvolutionDescriptor_t, int, const int *, const int *, const int *, miopenConvolutionMode_t){
MIOpen(HIP): 	convDesc = conv2d, miopenConvolution, miopenPaddingDefault, {0, 0}, {1, 1}, {1, 1}, 
MIOpen(HIP): 	spatialDim = 3
MIOpen(HIP): 	pads = { 0 0 0 }
MIOpen(HIP): 	strides = { 1 1 1 }
MIOpen(HIP): 	dilations = { 1 1 1 }
MIOpen(HIP): 	c_mode = 0
MIOpen(HIP): }
MIOpen(HIP): miopenStatus_t miopenSetConvolutionGroupCount(miopenConvolutionDescriptor_t, int){
MIOpen(HIP): 	convDesc = conv3d, miopenConvolution, miopenPaddingDefault, {0, 0, 0}, {1, 1, 1}, {1, 1, 1}, 
MIOpen(HIP): 	groupCount = 1
MIOpen(HIP): }
MIOpen(HIP): miopenStatus_t miopenSetConvolutionAttribute(miopenConvolutionDescriptor_t, const miopenConvolutionAttrib_t, const int){
MIOpen(HIP): 	convDesc = conv3d, miopenConvolution, miopenPaddingDefault, {0, 0, 0}, {1, 1, 1}, {1, 1, 1}, 
MIOpen(HIP): 	attr = 1
MIOpen(HIP): 	value = 0
MIOpen(HIP): }
MIOpen(HIP): miopenStatus_t miopenConvolutionForward(miopenHandle_t, const void *, const miopenTensorDescriptor_t, const void *, const miopenTensorDescriptor_t, const void *, const miopenConvolutionDescriptor_t, miopenConvFwdAlgorithm_t, const void *, const miopenTensorDescriptor_t, void *, void *, size_t){
MIOpen(HIP): 	handle = stream: 0, device_id: 0
MIOpen(HIP): 	alpha = 0x7ffd68b9ed18
MIOpen(HIP): 	xDesc = {1, 640, 3, 70, 52}, {6988800, 1, 2329600, 33280, 640}, packed, 
MIOpen(HIP): 	x = 0x7d7048ad0000
MIOpen(HIP): 	wDesc = {640, 640, 3, 3, 3}, {17280, 1, 5760, 1920, 640}, packed, 
MIOpen(HIP): 	w = 0x7d7022e00000
MIOpen(HIP): 	convDesc = conv3d, miopenConvolution, miopenPaddingDefault, {0, 0, 0}, {1, 1, 1}, {1, 1, 1}, 
MIOpen(HIP): 	algo = 5
MIOpen(HIP): 	beta = 0x7ffd68b9ed20
MIOpen(HIP): 	yDesc = {1, 640, 1, 68, 50}, {2176000, 1, 2176000, 32000, 640}, packed, 
MIOpen(HIP): 	y = 0x7d701e6d0000
MIOpen(HIP): 	workSpace = nullptr
MIOpen(HIP): 	workSpaceSize = 0
MIOpen(HIP): }
MIOpen(HIP): Command [LogCmdConvolution] ./bin/MIOpenDriver convbfp16 -n 1 -c 640 --in_d 3 -H 70 -W 52 -k 640 --fil_d 3 -y 3 -x 3 --pad_d 0 -p 0 -q 0 --conv_stride_d 1 -u 1 -v 1 --dilation_d 1 -l 1 -j 1 --spatial_dim 3 --in_layout NDHWC --fil_layout NDHWC --out_layout NDHWC -m conv -g 1 -F 1 -t 1
MIOpen(HIP): Info [ConvolutionForward] algo = 5, workspace = 0
MIOpen(HIP): Info2 [GetInvoker] Returning an invoker for problem 640x3x70x52x3x3x3x640x1x68x50x1xNDHWCxNDHWCxNDHWCxBF16x0x0x0x1x1x1x1x1x1x1xFxDefault and algorithm miopenConvolutionFwdAlgoImplicitGEMM
MIOpen(HIP): miopenStatus_t miopenDestroyConvolutionDescriptor(miopenConvolutionDescriptor_t){
MIOpen(HIP): 	convDesc = conv3d, miopenConvolution, miopenPaddingDefault, {0, 0, 0}, {1, 1, 1}, {1, 1, 1}, 
MIOpen(HIP): }
MIOpen(HIP): miopenStatus_t miopenDestroyTensorDescriptor(miopenTensorDescriptor_t){
MIOpen(HIP): 	tensorDesc = {640, 640, 3, 3, 3}, {17280, 1, 5760, 1920, 640}, packed, 
MIOpen(HIP): }
MIOpen(HIP): miopenStatus_t miopenDestroyTensorDescriptor(miopenTensorDescriptor_t){
MIOpen(HIP): 	tensorDesc = {1, 640, 1, 68, 50}, {2176000, 1, 2176000, 32000, 640}, packed, 
MIOpen(HIP): }
MIOpen(HIP): miopenStatus_t miopenDestroyTensorDescriptor(miopenTensorDescriptor_t){
MIOpen(HIP): 	tensorDesc = {1, 640, 3, 70, 52}, {6988800, 1, 2329600, 33280, 640}, packed, 
MIOpen(HIP): }
MIOpen(HIP): Info [get_device_name] Raw device name: gfx1100
MIOpen(HIP): Info [SetStream] stream: 0, device_id: 0
MIOpen(HIP): miopenStatus_t miopenCreateTensorDescriptor(miopenTensorDescriptor_t *){
MIOpen(HIP): 	tensorDesc = 0x4
MIOpen(HIP): }
MIOpen(HIP): miopenStatus_t miopenSetTensorDescriptor(miopenTensorDescriptor_t, miopenDataType_t, int, const int *, const int *){
MIOpen(HIP): 	tensorDesc = {}, {}, packed, 
MIOpen(HIP): 	dataType = 5
MIOpen(HIP): 	nbDims = 4
MIOpen(HIP): 	dim.values = { 1 640 68 50 }
MIOpen(HIP): 	stride.values = { 2176000 3400 50 1 }
MIOpen(HIP): }
MIOpen(HIP): miopenStatus_t miopenCreateTensorDescriptor(miopenTensorDescriptor_t *){
MIOpen(HIP): 	tensorDesc = 0x100000032
MIOpen(HIP): }
MIOpen(HIP): miopenStatus_t miopenSetTensorDescriptor(miopenTensorDescriptor_t, miopenDataType_t, int, const int *, const int *){
MIOpen(HIP): 	tensorDesc = {}, {}, packed, 
MIOpen(HIP): 	dataType = 5
MIOpen(HIP): 	nbDims = 4
MIOpen(HIP): 	dim.values = { 1920 640 1 1 }
MIOpen(HIP): 	stride.values = { 640 1 1 1 }
MIOpen(HIP): }
MIOpen(HIP): miopenStatus_t miopenCreateTensorDescriptor(miopenTensorDescriptor_t *){
MIOpen(HIP): 	tensorDesc = 0x7d7626d37df6
MIOpen(HIP): }
MIOpen(HIP): miopenStatus_t miopenSetTensorDescriptor(miopenTensorDescriptor_t, miopenDataType_t, int, const int *, const int *){
MIOpen(HIP): 	tensorDesc = {}, {}, packed, 
MIOpen(HIP): 	dataType = 5
MIOpen(HIP): 	nbDims = 4
MIOpen(HIP): 	dim.values = { 1 1920 68 50 }
MIOpen(HIP): 	stride.values = { 6528000 3400 50 1 }
MIOpen(HIP): }
MIOpen(HIP): miopenStatus_t miopenCreateConvolutionDescriptor(miopenConvolutionDescriptor_t *){
MIOpen(HIP): 	convDesc = 0x7ffd68b9eff0
MIOpen(HIP): }
MIOpen(HIP): miopenStatus_t miopenInitConvolutionNdDescriptor(miopenConvolutionDescriptor_t, int, const int *, const int *, const int *, miopenConvolutionMode_t){
MIOpen(HIP): 	convDesc = conv2d, miopenConvolution, miopenPaddingDefault, {0, 0}, {1, 1}, {1, 1}, 
MIOpen(HIP): 	spatialDim = 2
MIOpen(HIP): 	pads = { 0 0 }
MIOpen(HIP): 	strides = { 1 1 }
MIOpen(HIP): 	dilations = { 1 1 }
MIOpen(HIP): 	c_mode = 0
MIOpen(HIP): }
MIOpen(HIP): miopenStatus_t miopenSetConvolutionGroupCount(miopenConvolutionDescriptor_t, int){
MIOpen(HIP): 	convDesc = conv2d, miopenConvolution, miopenPaddingDefault, {0, 0}, {1, 1}, {1, 1}, 
MIOpen(HIP): 	groupCount = 1
MIOpen(HIP): }
MIOpen(HIP): miopenStatus_t miopenSetConvolutionAttribute(miopenConvolutionDescriptor_t, const miopenConvolutionAttrib_t, const int){
MIOpen(HIP): 	convDesc = conv2d, miopenConvolution, miopenPaddingDefault, {0, 0}, {1, 1}, {1, 1}, 
MIOpen(HIP): 	attr = 1
MIOpen(HIP): 	value = 0
MIOpen(HIP): }
MIOpen(HIP): miopenStatus_t miopenConvolutionForwardGetWorkSpaceSize(miopenHandle_t, const miopenTensorDescriptor_t, const miopenTensorDescriptor_t, const miopenConvolutionDescriptor_t, const miopenTensorDescriptor_t, size_t *){
MIOpen(HIP): 	handle = stream: 0, device_id: 0
MIOpen(HIP): 	wDesc = {1920, 640, 1, 1}, {640, 1, 1, 1}, packed, 
MIOpen(HIP): 	xDesc = {1, 640, 68, 50}, {2176000, 3400, 50, 1}, packed, 
MIOpen(HIP): 	convDesc = conv2d, miopenConvolution, miopenPaddingDefault, {0, 0}, {1, 1}, {1, 1}, 
MIOpen(HIP): 	yDesc = {1, 1920, 68, 50}, {6528000, 3400, 50, 1}, packed, 
MIOpen(HIP): }
MIOpen(HIP): Info2 [GetWorkSpaceSize] 
MIOpen(HIP): Info [GetSolutions] 
MIOpen(HIP): Info2 [ValidateUnsafe] DB file is older than cache: 534845152696299, 537696530279241
MIOpen(HIP): Info2 [FindRecordUnsafe] Looking for key 640-68-50-1x1-1920-68-50-1-0x0-1x1-1x1-0-NCHW-BF16-F in cache for file "/root/.config/miopen/gfx1100_48.HIP.3_5_1_41dcdea279-dirty.ufdb.txt"
MIOpen(HIP): Info2 [Measure] Db::FindRecord time: 0.048852 ms
MIOpen(HIP): Info2 [GetSolutions] GemmFwd1x1_0_1
MIOpen(HIP): Info [GetWorkSpaceSize] 0
MIOpen(HIP): miopenStatus_t miopenFindConvolutionForwardAlgorithm(miopenHandle_t, const miopenTensorDescriptor_t, const void *, const miopenTensorDescriptor_t, const void *, const miopenConvolutionDescriptor_t, const miopenTensorDescriptor_t, void *, const int, int *, miopenConvAlgoPerf_t *, void *, size_t, bool){
MIOpen(HIP): 	handle = stream: 0, device_id: 0
MIOpen(HIP): 	xDesc = {1, 640, 68, 50}, {2176000, 3400, 50, 1}, packed, 
MIOpen(HIP): 	x = 0x7d7011ef6800
MIOpen(HIP): 	wDesc = {1920, 640, 1, 1}, {640, 1, 1, 1}, packed, 
MIOpen(HIP): 	w = 0x7d6df6d08000
MIOpen(HIP): 	convDesc = conv2d, miopenConvolution, miopenPaddingDefault, {0, 0}, {1, 1}, {1, 1}, 
MIOpen(HIP): 	yDesc = {1, 1920, 68, 50}, {6528000, 3400, 50, 1}, packed, 
MIOpen(HIP): 	y = 0x7d701f76a000
MIOpen(HIP): 	requestAlgoCount = 1
MIOpen(HIP): 	returnedAlgoCount = 32765
MIOpen(HIP): 	perfResults = 
MIOpen(HIP): 	workSpace = nullptr
MIOpen(HIP): 	workSpaceSize = 0
MIOpen(HIP): 	exhaustiveSearch = 0
MIOpen(HIP): }
MIOpen(HIP): Command [LogCmdFindConvolution] ./bin/MIOpenDriver convbfp16 -n 1 -c 640 -H 68 -W 50 -k 1920 -y 1 -x 1 -p 0 -q 0 -u 1 -v 1 -l 1 -j 1 -m conv -g 1 -F 1 -t 1
MIOpen(HIP): Info [FindConvFwdAlgorithm] requestAlgoCount = 1, workspace = 0
MIOpen(HIP): Info [GetSolutions] 
MIOpen(HIP): Info2 [ValidateUnsafe] DB file is older than cache: 534845152696299, 537696530279241
MIOpen(HIP): Info2 [FindRecordUnsafe] Looking for key 640-68-50-1x1-1920-68-50-1-0x0-1x1-1x1-0-NCHW-BF16-F in cache for file "/root/.config/miopen/gfx1100_48.HIP.3_5_1_41dcdea279-dirty.ufdb.txt"
MIOpen(HIP): Info2 [Measure] Db::FindRecord time: 0.038462 ms
MIOpen(HIP): Info2 [GetSolutions] GemmFwd1x1_0_1
MIOpen(HIP): Info2 [GetInvoker] Returning an invoker for problem 640x68x50x1x1x1920x68x50x1xNCHWxBF16x0x0x1x1x1x1x1xFxDefault and solver GemmFwd1x1_0_1
MIOpen(HIP): Info [FindSolutionImpl] GemmFwd1x1_0_1 (not searchable)
MIOpen(HIP): auto miopen::solver::conv::GemmFwd1x1_0_1::GetSolution(const ExecutionContext &, const ProblemDescription &)::(anonymous class)::operator()(const std::vector<Kernel> &) const{
MIOpen(HIP): 	"convolution, 1x1" = convolution, 1x1
MIOpen(HIP): }
MIOpen(HIP): Info2 [Register] Invoker registered for algorithm 640x68x50x1x1x1920x68x50x1xNCHWxBF16x0x0x1x1x1x1x1xFxDefault and solver GemmFwd1x1_0_1
MIOpen(HIP): Info2 [SetAsFound1_0] Solver GemmFwd1x1_0_1 registered as find 1.0 best for miopenConvolutionFwdAlgoGEMM in 640x68x50x1x1x1920x68x50x1xNCHWxBF16x0x0x1x1x1x1x1xFxDefault
MIOpen(HIP): Info [FindConvolution] miopenConvolutionFwdAlgoGEMM	0.116453	0
MIOpen(HIP): Info [FillFindReturnParameters] FW Chosen Algorithm: GemmFwd1x1_0_1 , 0, 0.116453
MIOpen(HIP): miopenStatus_t miopenConvolutionForward(miopenHandle_t, const void *, const miopenTensorDescriptor_t, const void *, const miopenTensorDescriptor_t, const void *, const miopenConvolutionDescriptor_t, miopenConvFwdAlgorithm_t, const void *, const miopenTensorDescriptor_t, void *, void *, size_t){
MIOpen(HIP): 	handle = stream: 0, device_id: 0
MIOpen(HIP): 	alpha = 0x7ffd68b9ed38
MIOpen(HIP): 	xDesc = {1, 640, 68, 50}, {2176000, 3400, 50, 1}, packed, 
MIOpen(HIP): 	x = 0x7d7011ef6800
MIOpen(HIP): 	wDesc = {1920, 640, 1, 1}, {640, 1, 1, 1}, packed, 
MIOpen(HIP): 	w = 0x7d6df6d08000
MIOpen(HIP): 	convDesc = conv2d, miopenConvolution, miopenPaddingDefault, {0, 0}, {1, 1}, {1, 1}, 
MIOpen(HIP): 	algo = 0
MIOpen(HIP): 	beta = 0x7ffd68b9ed40
MIOpen(HIP): 	yDesc = {1, 1920, 68, 50}, {6528000, 3400, 50, 1}, packed, 
MIOpen(HIP): 	y = 0x7d701f76a000
MIOpen(HIP): 	workSpace = nullptr
MIOpen(HIP): 	workSpaceSize = 0
MIOpen(HIP): }
MIOpen(HIP): Command [LogCmdConvolution] ./bin/MIOpenDriver convbfp16 -n 1 -c 640 -H 68 -W 50 -k 1920 -y 1 -x 1 -p 0 -q 0 -u 1 -v 1 -l 1 -j 1 -m conv -g 1 -F 1 -t 1
MIOpen(HIP): Info [ConvolutionForward] algo = 0, workspace = 0
MIOpen(HIP): Info2 [GetInvoker] Returning an invoker for problem 640x68x50x1x1x1920x68x50x1xNCHWxBF16x0x0x1x1x1x1x1xFxDefault and algorithm miopenConvolutionFwdAlgoGEMM
MIOpen(HIP): auto miopen::solver::conv::GemmFwd1x1_0_1::GetSolution(const ExecutionContext &, const ProblemDescription &)::(anonymous class)::operator()(const std::vector<Kernel> &)::(anonymous class)::operator()(const Handle &, const AnyInvokeParams &) const{
MIOpen(HIP): 	"convolution, 1x1" = convolution, 1x1
MIOpen(HIP): }
MIOpen(HIP): Info2 [CallGemmStridedBatched] gemm_desc: {isColMajor 0, transA 0, transB 0, m 1920, n 3400, k 640, lda 640, ldb 3400, ldc 3400, batch_count 1, strideA 0, strideB 2176000, strideC 6528000, alpha 1, beta 0, dataType bfloat16, a_cast_type bfloat16, b_cast_type bfloat16} 
MIOpen(HIP): Info2 [CallGemmStridedBatched] rocBLAS
MIOpen(HIP): miopenStatus_t miopenDestroyConvolutionDescriptor(miopenConvolutionDescriptor_t){
MIOpen(HIP): 	convDesc = conv2d, miopenConvolution, miopenPaddingDefault, {0, 0}, {1, 1}, {1, 1}, 
MIOpen(HIP): }
MIOpen(HIP): miopenStatus_t miopenDestroyTensorDescriptor(miopenTensorDescriptor_t){
MIOpen(HIP): 	tensorDesc = {1920, 640, 1, 1}, {640, 1, 1, 1}, packed, 
MIOpen(HIP): }
MIOpen(HIP): miopenStatus_t miopenDestroyTensorDescriptor(miopenTensorDescriptor_t){
MIOpen(HIP): 	tensorDesc = {1, 1920, 68, 50}, {6528000, 3400, 50, 1}, packed, 
MIOpen(HIP): }
MIOpen(HIP): miopenStatus_t miopenDestroyTensorDescriptor(miopenTensorDescriptor_t){
MIOpen(HIP): 	tensorDesc = {1, 640, 68, 50}, {2176000, 3400, 50, 1}, packed, 
MIOpen(HIP): }
MIOpen(HIP): Info [get_device_name] Raw device name: gfx1100
MIOpen(HIP): Info [SetStream] stream: 0, device_id: 0
MIOpen(HIP): miopenStatus_t miopenCreateTensorDescriptor(miopenTensorDescriptor_t *){
MIOpen(HIP): 	tensorDesc = 0x4
MIOpen(HIP): }
MIOpen(HIP): miopenStatus_t miopenSetTensorDescriptor(miopenTensorDescriptor_t, miopenDataType_t, int, const int *, const int *){
MIOpen(HIP): 	tensorDesc = {}, {}, packed, 
MIOpen(HIP): 	dataType = 5
MIOpen(HIP): 	nbDims = 4
MIOpen(HIP): 	dim.values = { 1 640 68 50 }
MIOpen(HIP): 	stride.values = { 2176000 3400 50 1 }
MIOpen(HIP): }
MIOpen(HIP): miopenStatus_t miopenCreateTensorDescriptor(miopenTensorDescriptor_t *){
MIOpen(HIP): 	tensorDesc = 0x100000032
MIOpen(HIP): }
MIOpen(HIP): miopenStatus_t miopenSetTensorDescriptor(miopenTensorDescriptor_t, miopenDataType_t, int, const int *, const int *){
MIOpen(HIP): 	tensorDesc = {}, {}, packed, 
MIOpen(HIP): 	dataType = 5
MIOpen(HIP): 	nbDims = 4
MIOpen(HIP): 	dim.values = { 640 640 1 1 }
MIOpen(HIP): 	stride.values = { 640 1 1 1 }
MIOpen(HIP): }
MIOpen(HIP): miopenStatus_t miopenCreateTensorDescriptor(miopenTensorDescriptor_t *){
MIOpen(HIP): 	tensorDesc = 0x7d7626d37df6
MIOpen(HIP): }
MIOpen(HIP): miopenStatus_t miopenSetTensorDescriptor(miopenTensorDescriptor_t, miopenDataType_t, int, const int *, const int *){
MIOpen(HIP): 	tensorDesc = {}, {}, packed, 
MIOpen(HIP): 	dataType = 5
MIOpen(HIP): 	nbDims = 4
MIOpen(HIP): 	dim.values = { 1 640 68 50 }
MIOpen(HIP): 	stride.values = { 2176000 3400 50 1 }
MIOpen(HIP): }
MIOpen(HIP): miopenStatus_t miopenCreateConvolutionDescriptor(miopenConvolutionDescriptor_t *){
MIOpen(HIP): 	convDesc = 0x7ffd68b9eff0
MIOpen(HIP): }
MIOpen(HIP): miopenStatus_t miopenInitConvolutionNdDescriptor(miopenConvolutionDescriptor_t, int, const int *, const int *, const int *, miopenConvolutionMode_t){
MIOpen(HIP): 	convDesc = conv2d, miopenConvolution, miopenPaddingDefault, {0, 0}, {1, 1}, {1, 1}, 
MIOpen(HIP): 	spatialDim = 2
MIOpen(HIP): 	pads = { 0 0 }
MIOpen(HIP): 	strides = { 1 1 }
MIOpen(HIP): 	dilations = { 1 1 }
MIOpen(HIP): 	c_mode = 0
MIOpen(HIP): }
MIOpen(HIP): miopenStatus_t miopenSetConvolutionGroupCount(miopenConvolutionDescriptor_t, int){
MIOpen(HIP): 	convDesc = conv2d, miopenConvolution, miopenPaddingDefault, {0, 0}, {1, 1}, {1, 1}, 
MIOpen(HIP): 	groupCount = 1
MIOpen(HIP): }
MIOpen(HIP): miopenStatus_t miopenSetConvolutionAttribute(miopenConvolutionDescriptor_t, const miopenConvolutionAttrib_t, const int){
MIOpen(HIP): 	convDesc = conv2d, miopenConvolution, miopenPaddingDefault, {0, 0}, {1, 1}, {1, 1}, 
MIOpen(HIP): 	attr = 1
MIOpen(HIP): 	value = 0
MIOpen(HIP): }
MIOpen(HIP): miopenStatus_t miopenConvolutionForwardGetWorkSpaceSize(miopenHandle_t, const miopenTensorDescriptor_t, const miopenTensorDescriptor_t, const miopenConvolutionDescriptor_t, const miopenTensorDescriptor_t, size_t *){
MIOpen(HIP): 	handle = stream: 0, device_id: 0
MIOpen(HIP): 	wDesc = {640, 640, 1, 1}, {640, 1, 1, 1}, packed, 
MIOpen(HIP): 	xDesc = {1, 640, 68, 50}, {2176000, 3400, 50, 1}, packed, 
MIOpen(HIP): 	convDesc = conv2d, miopenConvolution, miopenPaddingDefault, {0, 0}, {1, 1}, {1, 1}, 
MIOpen(HIP): 	yDesc = {1, 640, 68, 50}, {2176000, 3400, 50, 1}, packed, 
MIOpen(HIP): }
MIOpen(HIP): Info2 [GetWorkSpaceSize] 
MIOpen(HIP): Info [GetSolutions] 
MIOpen(HIP): Info2 [ValidateUnsafe] DB file is older than cache: 534845152696299, 537696530279241
MIOpen(HIP): Info2 [FindRecordUnsafe] Looking for key 640-68-50-1x1-640-68-50-1-0x0-1x1-1x1-0-NCHW-BF16-F in cache for file "/root/.config/miopen/gfx1100_48.HIP.3_5_1_41dcdea279-dirty.ufdb.txt"
MIOpen(HIP): Info2 [Measure] Db::FindRecord time: 0.090375 ms
MIOpen(HIP): Info2 [GetSolutions] GemmFwd1x1_0_1
MIOpen(HIP): Info [GetWorkSpaceSize] 0
MIOpen(HIP): miopenStatus_t miopenFindConvolutionForwardAlgorithm(miopenHandle_t, const miopenTensorDescriptor_t, const void *, const miopenTensorDescriptor_t, const void *, const miopenConvolutionDescriptor_t, const miopenTensorDescriptor_t, void *, const int, int *, miopenConvAlgoPerf_t *, void *, size_t, bool){
MIOpen(HIP): 	handle = stream: 0, device_id: 0
MIOpen(HIP): 	xDesc = {1, 640, 68, 50}, {2176000, 3400, 50, 1}, packed, 
MIOpen(HIP): 	x = 0x7d7011ad0000
MIOpen(HIP): 	wDesc = {640, 640, 1, 1}, {640, 1, 1, 1}, packed, 
MIOpen(HIP): 	w = 0x7d6ded200000
MIOpen(HIP): 	convDesc = conv2d, miopenConvolution, miopenPaddingDefault, {0, 0}, {1, 1}, {1, 1}, 
MIOpen(HIP): 	yDesc = {1, 640, 68, 50}, {2176000, 3400, 50, 1}, packed, 
MIOpen(HIP): 	y = 0x7d7011ef6800
MIOpen(HIP): 	requestAlgoCount = 1
MIOpen(HIP): 	returnedAlgoCount = 32765
MIOpen(HIP): 	perfResults = 
MIOpen(HIP): 	workSpace = nullptr
MIOpen(HIP): 	workSpaceSize = 0
MIOpen(HIP): 	exhaustiveSearch = 0
MIOpen(HIP): }
MIOpen(HIP): Command [LogCmdFindConvolution] ./bin/MIOpenDriver convbfp16 -n 1 -c 640 -H 68 -W 50 -k 640 -y 1 -x 1 -p 0 -q 0 -u 1 -v 1 -l 1 -j 1 -m conv -g 1 -F 1 -t 1
MIOpen(HIP): Info [FindConvFwdAlgorithm] requestAlgoCount = 1, workspace = 0
MIOpen(HIP): Info [GetSolutions] 
MIOpen(HIP): Info2 [ValidateUnsafe] DB file is older than cache: 534845152696299, 537696530279241
MIOpen(HIP): Info2 [FindRecordUnsafe] Looking for key 640-68-50-1x1-640-68-50-1-0x0-1x1-1x1-0-NCHW-BF16-F in cache for file "/root/.config/miopen/gfx1100_48.HIP.3_5_1_41dcdea279-dirty.ufdb.txt"
MIOpen(HIP): Info2 [Measure] Db::FindRecord time: 0.040402 ms
MIOpen(HIP): Info2 [GetSolutions] GemmFwd1x1_0_1
MIOpen(HIP): Info2 [GetInvoker] Returning an invoker for problem 640x68x50x1x1x640x68x50x1xNCHWxBF16x0x0x1x1x1x1x1xFxDefault and solver GemmFwd1x1_0_1
MIOpen(HIP): Info [FindSolutionImpl] GemmFwd1x1_0_1 (not searchable)
MIOpen(HIP): auto miopen::solver::conv::GemmFwd1x1_0_1::GetSolution(const ExecutionContext &, const ProblemDescription &)::(anonymous class)::operator()(const std::vector<Kernel> &) const{
MIOpen(HIP): 	"convolution, 1x1" = convolution, 1x1
MIOpen(HIP): }
MIOpen(HIP): Info2 [Register] Invoker registered for algorithm 640x68x50x1x1x640x68x50x1xNCHWxBF16x0x0x1x1x1x1x1xFxDefault and solver GemmFwd1x1_0_1
MIOpen(HIP): Info2 [SetAsFound1_0] Solver GemmFwd1x1_0_1 registered as find 1.0 best for miopenConvolutionFwdAlgoGEMM in 640x68x50x1x1x640x68x50x1xNCHWxBF16x0x0x1x1x1x1x1xFxDefault
MIOpen(HIP): Info [FindConvolution] miopenConvolutionFwdAlgoGEMM	0.0467827	0
MIOpen(HIP): Info [FillFindReturnParameters] FW Chosen Algorithm: GemmFwd1x1_0_1 , 0, 0.0467827
MIOpen(HIP): miopenStatus_t miopenConvolutionForward(miopenHandle_t, const void *, const miopenTensorDescriptor_t, const void *, const miopenTensorDescriptor_t, const void *, const miopenConvolutionDescriptor_t, miopenConvFwdAlgorithm_t, const void *, const miopenTensorDescriptor_t, void *, void *, size_t){
MIOpen(HIP): 	handle = stream: 0, device_id: 0
MIOpen(HIP): 	alpha = 0x7ffd68b9ed38
MIOpen(HIP): 	xDesc = {1, 640, 68, 50}, {2176000, 3400, 50, 1}, packed, 
MIOpen(HIP): 	x = 0x7d7011ad0000
MIOpen(HIP): 	wDesc = {640, 640, 1, 1}, {640, 1, 1, 1}, packed, 
MIOpen(HIP): 	w = 0x7d6ded200000
MIOpen(HIP): 	convDesc = conv2d, miopenConvolution, miopenPaddingDefault, {0, 0}, {1, 1}, {1, 1}, 
MIOpen(HIP): 	algo = 0
MIOpen(HIP): 	beta = 0x7ffd68b9ed40
MIOpen(HIP): 	yDesc = {1, 640, 68, 50}, {2176000, 3400, 50, 1}, packed, 
MIOpen(HIP): 	y = 0x7d7011ef6800
MIOpen(HIP): 	workSpace = nullptr
MIOpen(HIP): 	workSpaceSize = 0
MIOpen(HIP): }
MIOpen(HIP): Command [LogCmdConvolution] ./bin/MIOpenDriver convbfp16 -n 1 -c 640 -H 68 -W 50 -k 640 -y 1 -x 1 -p 0 -q 0 -u 1 -v 1 -l 1 -j 1 -m conv -g 1 -F 1 -t 1
MIOpen(HIP): Info [ConvolutionForward] algo = 0, workspace = 0
MIOpen(HIP): Info2 [GetInvoker] Returning an invoker for problem 640x68x50x1x1x640x68x50x1xNCHWxBF16x0x0x1x1x1x1x1xFxDefault and algorithm miopenConvolutionFwdAlgoGEMM
MIOpen(HIP): auto miopen::solver::conv::GemmFwd1x1_0_1::GetSolution(const ExecutionContext &, const ProblemDescription &)::(anonymous class)::operator()(const std::vector<Kernel> &)::(anonymous class)::operator()(const Handle &, const AnyInvokeParams &) const{
MIOpen(HIP): 	"convolution, 1x1" = convolution, 1x1
MIOpen(HIP): }
MIOpen(HIP): Info2 [CallGemmStridedBatched] gemm_desc: {isColMajor 0, transA 0, transB 0, m 640, n 3400, k 640, lda 640, ldb 3400, ldc 3400, batch_count 1, strideA 0, strideB 2176000, strideC 2176000, alpha 1, beta 0, dataType bfloat16, a_cast_type bfloat16, b_cast_type bfloat16} 
MIOpen(HIP): Info2 [CallGemmStridedBatched] rocBLAS
MIOpen(HIP): miopenStatus_t miopenDestroyConvolutionDescriptor(miopenConvolutionDescriptor_t){
MIOpen(HIP): 	convDesc = conv2d, miopenConvolution, miopenPaddingDefault, {0, 0}, {1, 1}, {1, 1}, 
MIOpen(HIP): }
MIOpen(HIP): miopenStatus_t miopenDestroyTensorDescriptor(miopenTensorDescriptor_t){
MIOpen(HIP): 	tensorDesc = {640, 640, 1, 1}, {640, 1, 1, 1}, packed, 
MIOpen(HIP): }
MIOpen(HIP): miopenStatus_t miopenDestroyTensorDescriptor(miopenTensorDescriptor_t){
MIOpen(HIP): 	tensorDesc = {1, 640, 68, 50}, {2176000, 3400, 50, 1}, packed, 
MIOpen(HIP): }
MIOpen(HIP): miopenStatus_t miopenDestroyTensorDescriptor(miopenTensorDescriptor_t){
MIOpen(HIP): 	tensorDesc = {1, 640, 68, 50}, {2176000, 3400, 50, 1}, packed, 
MIOpen(HIP): }
MIOpen(HIP): Info [get_device_name] Raw device name: gfx1100
MIOpen(HIP): Info [SetStream] stream: 0, device_id: 0
MIOpen(HIP): miopenStatus_t miopenCreateTensorDescriptor(miopenTensorDescriptor_t *){
MIOpen(HIP): 	tensorDesc = 0x5
MIOpen(HIP): }
MIOpen(HIP): miopenStatus_t miopenSetTensorDescriptor(miopenTensorDescriptor_t, miopenDataType_t, int, const int *, const int *){
MIOpen(HIP): 	tensorDesc = {}, {}, packed, 
MIOpen(HIP): 	dataType = 5
MIOpen(HIP): 	nbDims = 5
MIOpen(HIP): 	dim.values = { 1 640 3 70 52 }
MIOpen(HIP): 	stride.values = { 6988800 1 2329600 33280 640 }
MIOpen(HIP): }
MIOpen(HIP): miopenStatus_t miopenCreateTensorDescriptor(miopenTensorDescriptor_t *){
MIOpen(HIP): 	tensorDesc = 0x820000238c00
MIOpen(HIP): }
MIOpen(HIP): miopenStatus_t miopenSetTensorDescriptor(miopenTensorDescriptor_t, miopenDataType_t, int, const int *, const int *){
MIOpen(HIP): 	tensorDesc = {}, {}, packed, 
MIOpen(HIP): 	dataType = 5
MIOpen(HIP): 	nbDims = 5
MIOpen(HIP): 	dim.values = { 640 640 3 3 3 }
MIOpen(HIP): 	stride.values = { 17280 1 5760 1920 640 }
MIOpen(HIP): }
MIOpen(HIP): miopenStatus_t miopenCreateTensorDescriptor(miopenTensorDescriptor_t *){
MIOpen(HIP): 	tensorDesc = 0x7d7626d37df6
MIOpen(HIP): }
MIOpen(HIP): miopenStatus_t miopenSetTensorDescriptor(miopenTensorDescriptor_t, miopenDataType_t, int, const int *, const int *){
MIOpen(HIP): 	tensorDesc = {}, {}, packed, 
MIOpen(HIP): 	dataType = 5
MIOpen(HIP): 	nbDims = 5
MIOpen(HIP): 	dim.values = { 1 640 1 68 50 }
MIOpen(HIP): 	stride.values = { 2176000 1 2176000 32000 640 }
MIOpen(HIP): }
MIOpen(HIP): miopenStatus_t miopenCreateConvolutionDescriptor(miopenConvolutionDescriptor_t *){
MIOpen(HIP): 	convDesc = 0x7ffd68b9efd0
MIOpen(HIP): }
MIOpen(HIP): miopenStatus_t miopenInitConvolutionNdDescriptor(miopenConvolutionDescriptor_t, int, const int *, const int *, const int *, miopenConvolutionMode_t){
MIOpen(HIP): 	convDesc = conv2d, miopenConvolution, miopenPaddingDefault, {0, 0}, {1, 1}, {1, 1}, 
MIOpen(HIP): 	spatialDim = 3
MIOpen(HIP): 	pads = { 0 0 0 }
MIOpen(HIP): 	strides = { 1 1 1 }
MIOpen(HIP): 	dilations = { 1 1 1 }
MIOpen(HIP): 	c_mode = 0
MIOpen(HIP): }
MIOpen(HIP): miopenStatus_t miopenSetConvolutionGroupCount(miopenConvolutionDescriptor_t, int){
MIOpen(HIP): 	convDesc = conv3d, miopenConvolution, miopenPaddingDefault, {0, 0, 0}, {1, 1, 1}, {1, 1, 1}, 
MIOpen(HIP): 	groupCount = 1
MIOpen(HIP): }
MIOpen(HIP): miopenStatus_t miopenSetConvolutionAttribute(miopenConvolutionDescriptor_t, const miopenConvolutionAttrib_t, const int){
MIOpen(HIP): 	convDesc = conv3d, miopenConvolution, miopenPaddingDefault, {0, 0, 0}, {1, 1, 1}, {1, 1, 1}, 
MIOpen(HIP): 	attr = 1
MIOpen(HIP): 	value = 0
MIOpen(HIP): }
MIOpen(HIP): miopenStatus_t miopenConvolutionForward(miopenHandle_t, const void *, const miopenTensorDescriptor_t, const void *, const miopenTensorDescriptor_t, const void *, const miopenConvolutionDescriptor_t, miopenConvFwdAlgorithm_t, const void *, const miopenTensorDescriptor_t, void *, void *, size_t){
MIOpen(HIP): 	handle = stream: 0, device_id: 0
MIOpen(HIP): 	alpha = 0x7ffd68b9ed18
MIOpen(HIP): 	xDesc = {1, 640, 3, 70, 52}, {6988800, 1, 2329600, 33280, 640}, packed, 
MIOpen(HIP): 	x = 0x7d7048ad0000
MIOpen(HIP): 	wDesc = {640, 640, 3, 3, 3}, {17280, 1, 5760, 1920, 640}, packed, 
MIOpen(HIP): 	w = 0x7d701f76a000
MIOpen(HIP): 	convDesc = conv3d, miopenConvolution, miopenPaddingDefault, {0, 0, 0}, {1, 1, 1}, {1, 1, 1}, 
MIOpen(HIP): 	algo = 5
MIOpen(HIP): 	beta = 0x7ffd68b9ed20
MIOpen(HIP): 	yDesc = {1, 640, 1, 68, 50}, {2176000, 1, 2176000, 32000, 640}, packed, 
MIOpen(HIP): 	y = 0x7d7011ef6800
MIOpen(HIP): 	workSpace = nullptr
MIOpen(HIP): 	workSpaceSize = 0
MIOpen(HIP): }
MIOpen(HIP): Command [LogCmdConvolution] ./bin/MIOpenDriver convbfp16 -n 1 -c 640 --in_d 3 -H 70 -W 52 -k 640 --fil_d 3 -y 3 -x 3 --pad_d 0 -p 0 -q 0 --conv_stride_d 1 -u 1 -v 1 --dilation_d 1 -l 1 -j 1 --spatial_dim 3 --in_layout NDHWC --fil_layout NDHWC --out_layout NDHWC -m conv -g 1 -F 1 -t 1
MIOpen(HIP): Info [ConvolutionForward] algo = 5, workspace = 0
MIOpen(HIP): Info2 [GetInvoker] Returning an invoker for problem 640x3x70x52x3x3x3x640x1x68x50x1xNDHWCxNDHWCxNDHWCxBF16x0x0x0x1x1x1x1x1x1x1xFxDefault and algorithm miopenConvolutionFwdAlgoImplicitGEMM
MIOpen(HIP): miopenStatus_t miopenDestroyConvolutionDescriptor(miopenConvolutionDescriptor_t){
MIOpen(HIP): 	convDesc = conv3d, miopenConvolution, miopenPaddingDefault, {0, 0, 0}, {1, 1, 1}, {1, 1, 1}, 
MIOpen(HIP): }
MIOpen(HIP): miopenStatus_t miopenDestroyTensorDescriptor(miopenTensorDescriptor_t){
MIOpen(HIP): 	tensorDesc = {640, 640, 3, 3, 3}, {17280, 1, 5760, 1920, 640}, packed, 
MIOpen(HIP): }
MIOpen(HIP): miopenStatus_t miopenDestroyTensorDescriptor(miopenTensorDescriptor_t){
MIOpen(HIP): 	tensorDesc = {1, 640, 1, 68, 50}, {2176000, 1, 2176000, 32000, 640}, packed, 
MIOpen(HIP): }
MIOpen(HIP): miopenStatus_t miopenDestroyTensorDescriptor(miopenTensorDescriptor_t){
MIOpen(HIP): 	tensorDesc = {1, 640, 3, 70, 52}, {6988800, 1, 2329600, 33280, 640}, packed, 
MIOpen(HIP): }
MIOpen(HIP): Info [get_device_name] Raw device name: gfx1100
MIOpen(HIP): Info [SetStream] stream: 0, device_id: 0
MIOpen(HIP): miopenStatus_t miopenCreateTensorDescriptor(miopenTensorDescriptor_t *){
MIOpen(HIP): 	tensorDesc = 0x5
MIOpen(HIP): }
MIOpen(HIP): miopenStatus_t miopenSetTensorDescriptor(miopenTensorDescriptor_t, miopenDataType_t, int, const int *, const int *){
MIOpen(HIP): 	tensorDesc = {}, {}, packed, 
MIOpen(HIP): 	dataType = 5
MIOpen(HIP): 	nbDims = 5
MIOpen(HIP): 	dim.values = { 1 640 3 70 52 }
MIOpen(HIP): 	stride.values = { 6988800 1 2329600 33280 640 }
MIOpen(HIP): }
MIOpen(HIP): miopenStatus_t miopenCreateTensorDescriptor(miopenTensorDescriptor_t *){
MIOpen(HIP): 	tensorDesc = 0x820000238c00
MIOpen(HIP): }
MIOpen(HIP): miopenStatus_t miopenSetTensorDescriptor(miopenTensorDescriptor_t, miopenDataType_t, int, const int *, const int *){
MIOpen(HIP): 	tensorDesc = {}, {}, packed, 
MIOpen(HIP): 	dataType = 5
MIOpen(HIP): 	nbDims = 5
MIOpen(HIP): 	dim.values = { 640 640 3 3 3 }
MIOpen(HIP): 	stride.values = { 17280 1 5760 1920 640 }
MIOpen(HIP): }
MIOpen(HIP): miopenStatus_t miopenCreateTensorDescriptor(miopenTensorDescriptor_t *){
MIOpen(HIP): 	tensorDesc = 0x7d7626d37df6
MIOpen(HIP): }
MIOpen(HIP): miopenStatus_t miopenSetTensorDescriptor(miopenTensorDescriptor_t, miopenDataType_t, int, const int *, const int *){
MIOpen(HIP): 	tensorDesc = {}, {}, packed, 
MIOpen(HIP): 	dataType = 5
MIOpen(HIP): 	nbDims = 5
MIOpen(HIP): 	dim.values = { 1 640 1 68 50 }
MIOpen(HIP): 	stride.values = { 2176000 1 2176000 32000 640 }
MIOpen(HIP): }
MIOpen(HIP): miopenStatus_t miopenCreateConvolutionDescriptor(miopenConvolutionDescriptor_t *){
MIOpen(HIP): 	convDesc = 0x7ffd68b9efd0
MIOpen(HIP): }
MIOpen(HIP): miopenStatus_t miopenInitConvolutionNdDescriptor(miopenConvolutionDescriptor_t, int, const int *, const int *, const int *, miopenConvolutionMode_t){
MIOpen(HIP): 	convDesc = conv2d, miopenConvolution, miopenPaddingDefault, {0, 0}, {1, 1}, {1, 1}, 
MIOpen(HIP): 	spatialDim = 3
MIOpen(HIP): 	pads = { 0 0 0 }
MIOpen(HIP): 	strides = { 1 1 1 }
MIOpen(HIP): 	dilations = { 1 1 1 }
MIOpen(HIP): 	c_mode = 0
MIOpen(HIP): }
MIOpen(HIP): miopenStatus_t miopenSetConvolutionGroupCount(miopenConvolutionDescriptor_t, int){
MIOpen(HIP): 	convDesc = conv3d, miopenConvolution, miopenPaddingDefault, {0, 0, 0}, {1, 1, 1}, {1, 1, 1}, 
MIOpen(HIP): 	groupCount = 1
MIOpen(HIP): }
MIOpen(HIP): miopenStatus_t miopenSetConvolutionAttribute(miopenConvolutionDescriptor_t, const miopenConvolutionAttrib_t, const int){
MIOpen(HIP): 	convDesc = conv3d, miopenConvolution, miopenPaddingDefault, {0, 0, 0}, {1, 1, 1}, {1, 1, 1}, 
MIOpen(HIP): 	attr = 1
MIOpen(HIP): 	value = 0
MIOpen(HIP): }
MIOpen(HIP): miopenStatus_t miopenConvolutionForward(miopenHandle_t, const void *, const miopenTensorDescriptor_t, const void *, const miopenTensorDescriptor_t, const void *, const miopenConvolutionDescriptor_t, miopenConvFwdAlgorithm_t, const void *, const miopenTensorDescriptor_t, void *, void *, size_t){
MIOpen(HIP): 	handle = stream: 0, device_id: 0
MIOpen(HIP): 	alpha = 0x7ffd68b9ed18
MIOpen(HIP): 	xDesc = {1, 640, 3, 70, 52}, {6988800, 1, 2329600, 33280, 640}, packed, 
MIOpen(HIP): 	x = 0x7d7048ad0000
MIOpen(HIP): 	wDesc = {640, 640, 3, 3, 3}, {17280, 1, 5760, 1920, 640}, packed, 
MIOpen(HIP): 	w = 0x7d701ffb7000
MIOpen(HIP): 	convDesc = conv3d, miopenConvolution, miopenPaddingDefault, {0, 0, 0}, {1, 1, 1}, {1, 1, 1}, 
MIOpen(HIP): 	algo = 5
MIOpen(HIP): 	beta = 0x7ffd68b9ed20
MIOpen(HIP): 	yDesc = {1, 640, 1, 68, 50}, {2176000, 1, 2176000, 32000, 640}, packed, 
MIOpen(HIP): 	y = 0x7d7011ef6800
MIOpen(HIP): 	workSpace = nullptr
MIOpen(HIP): 	workSpaceSize = 0
MIOpen(HIP): }
MIOpen(HIP): Command [LogCmdConvolution] ./bin/MIOpenDriver convbfp16 -n 1 -c 640 --in_d 3 -H 70 -W 52 -k 640 --fil_d 3 -y 3 -x 3 --pad_d 0 -p 0 -q 0 --conv_stride_d 1 -u 1 -v 1 --dilation_d 1 -l 1 -j 1 --spatial_dim 3 --in_layout NDHWC --fil_layout NDHWC --out_layout NDHWC -m conv -g 1 -F 1 -t 1
MIOpen(HIP): Info [ConvolutionForward] algo = 5, workspace = 0
MIOpen(HIP): Info2 [GetInvoker] Returning an invoker for problem 640x3x70x52x3x3x3x640x1x68x50x1xNDHWCxNDHWCxNDHWCxBF16x0x0x0x1x1x1x1x1x1x1xFxDefault and algorithm miopenConvolutionFwdAlgoImplicitGEMM
MIOpen(HIP): miopenStatus_t miopenDestroyConvolutionDescriptor(miopenConvolutionDescriptor_t){
MIOpen(HIP): 	convDesc = conv3d, miopenConvolution, miopenPaddingDefault, {0, 0, 0}, {1, 1, 1}, {1, 1, 1}, 
MIOpen(HIP): }
MIOpen(HIP): miopenStatus_t miopenDestroyTensorDescriptor(miopenTensorDescriptor_t){
MIOpen(HIP): 	tensorDesc = {640, 640, 3, 3, 3}, {17280, 1, 5760, 1920, 640}, packed, 
MIOpen(HIP): }
MIOpen(HIP): miopenStatus_t miopenDestroyTensorDescriptor(miopenTensorDescriptor_t){
MIOpen(HIP): 	tensorDesc = {1, 640, 1, 68, 50}, {2176000, 1, 2176000, 32000, 640}, packed, 
MIOpen(HIP): }
MIOpen(HIP): miopenStatus_t miopenDestroyTensorDescriptor(miopenTensorDescriptor_t){
MIOpen(HIP): 	tensorDesc = {1, 640, 3, 70, 52}, {6988800, 1, 2329600, 33280, 640}, packed, 
MIOpen(HIP): }
MIOpen(HIP): Info [get_device_name] Raw device name: gfx1100
MIOpen(HIP): Info [SetStream] stream: 0, device_id: 0
MIOpen(HIP): miopenStatus_t miopenCreateTensorDescriptor(miopenTensorDescriptor_t *){
MIOpen(HIP): 	tensorDesc = 0x5
MIOpen(HIP): }
MIOpen(HIP): miopenStatus_t miopenSetTensorDescriptor(miopenTensorDescriptor_t, miopenDataType_t, int, const int *, const int *){
MIOpen(HIP): 	tensorDesc = {}, {}, packed, 
MIOpen(HIP): 	dataType = 5
MIOpen(HIP): 	nbDims = 5
MIOpen(HIP): 	dim.values = { 1 640 3 70 52 }
MIOpen(HIP): 	stride.values = { 6988800 1 2329600 33280 640 }
MIOpen(HIP): }
MIOpen(HIP): miopenStatus_t miopenCreateTensorDescriptor(miopenTensorDescriptor_t *){
MIOpen(HIP): 	tensorDesc = 0x820000238c00
MIOpen(HIP): }
MIOpen(HIP): miopenStatus_t miopenSetTensorDescriptor(miopenTensorDescriptor_t, miopenDataType_t, int, const int *, const int *){
MIOpen(HIP): 	tensorDesc = {}, {}, packed, 
MIOpen(HIP): 	dataType = 5
MIOpen(HIP): 	nbDims = 5
MIOpen(HIP): 	dim.values = { 96 640 3 3 3 }
MIOpen(HIP): 	stride.values = { 17280 1 5760 1920 640 }
MIOpen(HIP): }
MIOpen(HIP): miopenStatus_t miopenCreateTensorDescriptor(miopenTensorDescriptor_t *){
MIOpen(HIP): 	tensorDesc = 0x7d7626d37df6
MIOpen(HIP): }
MIOpen(HIP): miopenStatus_t miopenSetTensorDescriptor(miopenTensorDescriptor_t, miopenDataType_t, int, const int *, const int *){
MIOpen(HIP): 	tensorDesc = {}, {}, packed, 
MIOpen(HIP): 	dataType = 5
MIOpen(HIP): 	nbDims = 5
MIOpen(HIP): 	dim.values = { 1 96 1 68 50 }
MIOpen(HIP): 	stride.values = { 326400 1 326400 4800 96 }
MIOpen(HIP): }
MIOpen(HIP): miopenStatus_t miopenCreateConvolutionDescriptor(miopenConvolutionDescriptor_t *){
MIOpen(HIP): 	convDesc = 0x7ffd68b9f810
MIOpen(HIP): }
MIOpen(HIP): miopenStatus_t miopenInitConvolutionNdDescriptor(miopenConvolutionDescriptor_t, int, const int *, const int *, const int *, miopenConvolutionMode_t){
MIOpen(HIP): 	convDesc = conv2d, miopenConvolution, miopenPaddingDefault, {0, 0}, {1, 1}, {1, 1}, 
MIOpen(HIP): 	spatialDim = 3
MIOpen(HIP): 	pads = { 0 0 0 }
MIOpen(HIP): 	strides = { 1 1 1 }
MIOpen(HIP): 	dilations = { 1 1 1 }
MIOpen(HIP): 	c_mode = 0
MIOpen(HIP): }
MIOpen(HIP): miopenStatus_t miopenSetConvolutionGroupCount(miopenConvolutionDescriptor_t, int){
MIOpen(HIP): 	convDesc = conv3d, miopenConvolution, miopenPaddingDefault, {0, 0, 0}, {1, 1, 1}, {1, 1, 1}, 
MIOpen(HIP): 	groupCount = 1
MIOpen(HIP): }
MIOpen(HIP): miopenStatus_t miopenSetConvolutionAttribute(miopenConvolutionDescriptor_t, const miopenConvolutionAttrib_t, const int){
MIOpen(HIP): 	convDesc = conv3d, miopenConvolution, miopenPaddingDefault, {0, 0, 0}, {1, 1, 1}, {1, 1, 1}, 
MIOpen(HIP): 	attr = 1
MIOpen(HIP): 	value = 0
MIOpen(HIP): }
MIOpen(HIP): miopenStatus_t miopenConvolutionForwardGetWorkSpaceSize(miopenHandle_t, const miopenTensorDescriptor_t, const miopenTensorDescriptor_t, const miopenConvolutionDescriptor_t, const miopenTensorDescriptor_t, size_t *){
MIOpen(HIP): 	handle = stream: 0, device_id: 0
MIOpen(HIP): 	wDesc = {96, 640, 3, 3, 3}, {17280, 1, 5760, 1920, 640}, packed, 
MIOpen(HIP): 	xDesc = {1, 640, 3, 70, 52}, {6988800, 1, 2329600, 33280, 640}, packed, 
MIOpen(HIP): 	convDesc = conv3d, miopenConvolution, miopenPaddingDefault, {0, 0, 0}, {1, 1, 1}, {1, 1, 1}, 
MIOpen(HIP): 	yDesc = {1, 96, 1, 68, 50}, {326400, 1, 326400, 4800, 96}, packed, 
MIOpen(HIP): }
MIOpen(HIP): Info2 [GetWorkSpaceSize] 
MIOpen(HIP): Info [GetSolutions] 
MIOpen(HIP): Info2 [ValidateUnsafe] DB file is older than cache: 534845152696299, 537696530279241
MIOpen(HIP): Info2 [FindRecordUnsafe] Looking for key 640-3-70-52-3x3x3-96-1-68-50-1-0x0x0-1x1x1-1x1x1-0-NDHWC-NDHWC-NDHWC-BF16-F in cache for file "/root/.config/miopen/gfx1100_48.HIP.3_5_1_41dcdea279-dirty.ufdb.txt"
MIOpen(HIP): Info2 [Measure] Db::FindRecord time: 0.049592 ms
MIOpen(HIP): Info2 [GetSolutions] ConvHipImplicitGemm3DChannelLastFwdWmmaops
MIOpen(HIP): Info [GetWorkSpaceSize] 0
MIOpen(HIP): miopenStatus_t miopenFindConvolutionForwardAlgorithm(miopenHandle_t, const miopenTensorDescriptor_t, const void *, const miopenTensorDescriptor_t, const void *, const miopenConvolutionDescriptor_t, const miopenTensorDescriptor_t, void *, const int, int *, miopenConvAlgoPerf_t *, void *, size_t, bool){
MIOpen(HIP): 	handle = stream: 0, device_id: 0
MIOpen(HIP): 	xDesc = {1, 640, 3, 70, 52}, {6988800, 1, 2329600, 33280, 640}, packed, 
MIOpen(HIP): 	x = 0x7d701ffb7000
MIOpen(HIP): 	wDesc = {96, 640, 3, 3, 3}, {17280, 1, 5760, 1920, 640}, packed, 
MIOpen(HIP): 	w = 0x7d6dd9c20000
MIOpen(HIP): 	convDesc = conv3d, miopenConvolution, miopenPaddingDefault, {0, 0, 0}, {1, 1, 1}, {1, 1, 1}, 
MIOpen(HIP): 	yDesc = {1, 96, 1, 68, 50}, {326400, 1, 326400, 4800, 96}, packed, 
MIOpen(HIP): 	y = 0x7d6dffcdf600
MIOpen(HIP): 	requestAlgoCount = 1
MIOpen(HIP): 	returnedAlgoCount = 32765
MIOpen(HIP): 	perfResults = 
MIOpen(HIP): 	workSpace = nullptr
MIOpen(HIP): 	workSpaceSize = 0
MIOpen(HIP): 	exhaustiveSearch = 0
MIOpen(HIP): }
MIOpen(HIP): Command [LogCmdFindConvolution] ./bin/MIOpenDriver convbfp16 -n 1 -c 640 --in_d 3 -H 70 -W 52 -k 96 --fil_d 3 -y 3 -x 3 --pad_d 0 -p 0 -q 0 --conv_stride_d 1 -u 1 -v 1 --dilation_d 1 -l 1 -j 1 --spatial_dim 3 --in_layout NDHWC --fil_layout NDHWC --out_layout NDHWC -m conv -g 1 -F 1 -t 1
MIOpen(HIP): Info [FindConvFwdAlgorithm] requestAlgoCount = 1, workspace = 0
MIOpen(HIP): Info [GetSolutions] 
MIOpen(HIP): Info2 [ValidateUnsafe] DB file is older than cache: 534845152696299, 537696530279241
MIOpen(HIP): Info2 [FindRecordUnsafe] Looking for key 640-3-70-52-3x3x3-96-1-68-50-1-0x0x0-1x1x1-1x1x1-0-NDHWC-NDHWC-NDHWC-BF16-F in cache for file "/root/.config/miopen/gfx1100_48.HIP.3_5_1_41dcdea279-dirty.ufdb.txt"
MIOpen(HIP): Info2 [Measure] Db::FindRecord time: 0.038212 ms
MIOpen(HIP): Info2 [GetSolutions] ConvHipImplicitGemm3DChannelLastFwdWmmaops
MIOpen(HIP): Info2 [GetInvoker] Returning an invoker for problem 640x3x70x52x3x3x3x96x1x68x50x1xNDHWCxNDHWCxNDHWCxBF16x0x0x0x1x1x1x1x1x1x1xFxDefault and solver ConvHipImplicitGemm3DChannelLastFwdWmmaops
MIOpen(HIP): Info [FindSolutionImpl] ConvHipImplicitGemm3DChannelLastFwdWmmaops
MIOpen(HIP): Info2 [FindRecordUnsafe] Looking for key 3x640x70x52x3x3x3x3x96x1x0x0x0x1x1x1x1x1x1x0x1xNDHWCxBF16xF in cache for file "/root/.config/miopen/gfx1100_48.HIP.3_5_1_41dcdea279-dirty.udb.txt"
MIOpen(HIP): Info2 [FindRecord] Looking for key 640-3-70-52-3x3x3-96-1-68-50-1-0x0x0-1x1x1-1x1x1-0-NDHWC-NDHWC-NDHWC-BF16-F in file ""
MIOpen(HIP): Info2 [Measure] Db::Load time: 0.023561 ms
MIOpen(HIP): Info [FindSolutionImpl] Perf Db: record not found for: ConvHipImplicitGemm3DChannelLastFwdWmmaops
MIOpen(HIP): Info2 [Register] Invoker registered for algorithm 640x3x70x52x3x3x3x96x1x68x50x1xNDHWCxNDHWCxNDHWCxBF16x0x0x0x1x1x1x1x1x1x1xFxDefault and solver ConvHipImplicitGemm3DChannelLastFwdWmmaops
MIOpen(HIP): Info2 [SetAsFound1_0] Solver ConvHipImplicitGemm3DChannelLastFwdWmmaops registered as find 1.0 best for miopenConvolutionFwdAlgoImplicitGEMM in 640x3x70x52x3x3x3x96x1x68x50x1xNDHWCxNDHWCxNDHWCxBF16x0x0x0x1x1x1x1x1x1x1xFxDefault
MIOpen(HIP): Info [FindConvolution] miopenConvolutionFwdAlgoImplicitGEMM	2.48844	0
MIOpen(HIP): Info [FillFindReturnParameters] FW Chosen Algorithm: ConvHipImplicitGemm3DChannelLastFwdWmmaops , 0, 2.48844
MIOpen(HIP): miopenStatus_t miopenConvolutionForward(miopenHandle_t, const void *, const miopenTensorDescriptor_t, const void *, const miopenTensorDescriptor_t, const void *, const miopenConvolutionDescriptor_t, miopenConvFwdAlgorithm_t, const void *, const miopenTensorDescriptor_t, void *, void *, size_t){
MIOpen(HIP): 	handle = stream: 0, device_id: 0
MIOpen(HIP): 	alpha = 0x7ffd68b9f558
MIOpen(HIP): 	xDesc = {1, 640, 3, 70, 52}, {6988800, 1, 2329600, 33280, 640}, packed, 
MIOpen(HIP): 	x = 0x7d701ffb7000
MIOpen(HIP): 	wDesc = {96, 640, 3, 3, 3}, {17280, 1, 5760, 1920, 640}, packed, 
MIOpen(HIP): 	w = 0x7d6dd9c20000
MIOpen(HIP): 	convDesc = conv3d, miopenConvolution, miopenPaddingDefault, {0, 0, 0}, {1, 1, 1}, {1, 1, 1}, 
MIOpen(HIP): 	algo = 5
MIOpen(HIP): 	beta = 0x7ffd68b9f560
MIOpen(HIP): 	yDesc = {1, 96, 1, 68, 50}, {326400, 1, 326400, 4800, 96}, packed, 
MIOpen(HIP): 	y = 0x7d6dffcdf600
MIOpen(HIP): 	workSpace = nullptr
MIOpen(HIP): 	workSpaceSize = 0
MIOpen(HIP): }
MIOpen(HIP): Command [LogCmdConvolution] ./bin/MIOpenDriver convbfp16 -n 1 -c 640 --in_d 3 -H 70 -W 52 -k 96 --fil_d 3 -y 3 -x 3 --pad_d 0 -p 0 -q 0 --conv_stride_d 1 -u 1 -v 1 --dilation_d 1 -l 1 -j 1 --spatial_dim 3 --in_layout NDHWC --fil_layout NDHWC --out_layout NDHWC -m conv -g 1 -F 1 -t 1
MIOpen(HIP): Info [ConvolutionForward] algo = 5, workspace = 0
MIOpen(HIP): Info2 [GetInvoker] Returning an invoker for problem 640x3x70x52x3x3x3x96x1x68x50x1xNDHWCxNDHWCxNDHWCxBF16x0x0x0x1x1x1x1x1x1x1xFxDefault and algorithm miopenConvolutionFwdAlgoImplicitGEMM
MIOpen(HIP): miopenStatus_t miopenDestroyConvolutionDescriptor(miopenConvolutionDescriptor_t){
MIOpen(HIP): 	convDesc = conv3d, miopenConvolution, miopenPaddingDefault, {0, 0, 0}, {1, 1, 1}, {1, 1, 1}, 
MIOpen(HIP): }
MIOpen(HIP): miopenStatus_t miopenDestroyTensorDescriptor(miopenTensorDescriptor_t){
MIOpen(HIP): 	tensorDesc = {96, 640, 3, 3, 3}, {17280, 1, 5760, 1920, 640}, packed, 
MIOpen(HIP): }
MIOpen(HIP): miopenStatus_t miopenDestroyTensorDescriptor(miopenTensorDescriptor_t){
MIOpen(HIP): 	tensorDesc = {1, 96, 1, 68, 50}, {326400, 1, 326400, 4800, 96}, packed, 
MIOpen(HIP): }
MIOpen(HIP): miopenStatus_t miopenDestroyTensorDescriptor(miopenTensorDescriptor_t){
MIOpen(HIP): 	tensorDesc = {1, 640, 3, 70, 52}, {6988800, 1, 2329600, 33280, 640}, packed, 
MIOpen(HIP): }
MIOpen(HIP): Info [get_device_name] Raw device name: gfx1100
MIOpen(HIP): Info [SetStream] stream: 0, device_id: 0
MIOpen(HIP): miopenStatus_t miopenCreateTensorDescriptor(miopenTensorDescriptor_t *){
MIOpen(HIP): 	tensorDesc = 0x5
MIOpen(HIP): }
MIOpen(HIP): miopenStatus_t miopenSetTensorDescriptor(miopenTensorDescriptor_t, miopenDataType_t, int, const int *, const int *){
MIOpen(HIP): 	tensorDesc = {}, {}, packed, 
MIOpen(HIP): 	dataType = 5
MIOpen(HIP): 	nbDims = 5
MIOpen(HIP): 	dim.values = { 1 96 1 68 50 }
MIOpen(HIP): 	stride.values = { 326400 1 326400 4800 96 }
MIOpen(HIP): }
MIOpen(HIP): miopenStatus_t miopenCreateTensorDescriptor(miopenTensorDescriptor_t *){
MIOpen(HIP): 	tensorDesc = 0x12c00004fb00
MIOpen(HIP): }
MIOpen(HIP): miopenStatus_t miopenSetTensorDescriptor(miopenTensorDescriptor_t, miopenDataType_t, int, const int *, const int *){
MIOpen(HIP): 	tensorDesc = {}, {}, packed, 
MIOpen(HIP): 	dataType = 5
MIOpen(HIP): 	nbDims = 5
MIOpen(HIP): 	dim.values = { 96 96 1 1 1 }
MIOpen(HIP): 	stride.values = { 96 1 96 96 96 }
MIOpen(HIP): }
MIOpen(HIP): miopenStatus_t miopenCreateTensorDescriptor(miopenTensorDescriptor_t *){
MIOpen(HIP): 	tensorDesc = 0x7d7626d37df6
MIOpen(HIP): }
MIOpen(HIP): miopenStatus_t miopenSetTensorDescriptor(miopenTensorDescriptor_t, miopenDataType_t, int, const int *, const int *){
MIOpen(HIP): 	tensorDesc = {}, {}, packed, 
MIOpen(HIP): 	dataType = 5
MIOpen(HIP): 	nbDims = 5
MIOpen(HIP): 	dim.values = { 1 96 1 68 50 }
MIOpen(HIP): 	stride.values = { 326400 1 326400 4800 96 }
MIOpen(HIP): }
MIOpen(HIP): miopenStatus_t miopenCreateConvolutionDescriptor(miopenConvolutionDescriptor_t *){
MIOpen(HIP): 	convDesc = 0x7ffd68ba01d0
MIOpen(HIP): }
MIOpen(HIP): miopenStatus_t miopenInitConvolutionNdDescriptor(miopenConvolutionDescriptor_t, int, const int *, const int *, const int *, miopenConvolutionMode_t){
MIOpen(HIP): 	convDesc = conv2d, miopenConvolution, miopenPaddingDefault, {0, 0}, {1, 1}, {1, 1}, 
MIOpen(HIP): 	spatialDim = 3
MIOpen(HIP): 	pads = { 0 0 0 }
MIOpen(HIP): 	strides = { 1 1 1 }
MIOpen(HIP): 	dilations = { 1 1 1 }
MIOpen(HIP): 	c_mode = 0
MIOpen(HIP): }
MIOpen(HIP): miopenStatus_t miopenSetConvolutionGroupCount(miopenConvolutionDescriptor_t, int){
MIOpen(HIP): 	convDesc = conv3d, miopenConvolution, miopenPaddingDefault, {0, 0, 0}, {1, 1, 1}, {1, 1, 1}, 
MIOpen(HIP): 	groupCount = 1
MIOpen(HIP): }
MIOpen(HIP): miopenStatus_t miopenSetConvolutionAttribute(miopenConvolutionDescriptor_t, const miopenConvolutionAttrib_t, const int){
MIOpen(HIP): 	convDesc = conv3d, miopenConvolution, miopenPaddingDefault, {0, 0, 0}, {1, 1, 1}, {1, 1, 1}, 
MIOpen(HIP): 	attr = 1
MIOpen(HIP): 	value = 0
MIOpen(HIP): }
MIOpen(HIP): miopenStatus_t miopenConvolutionForwardGetWorkSpaceSize(miopenHandle_t, const miopenTensorDescriptor_t, const miopenTensorDescriptor_t, const miopenConvolutionDescriptor_t, const miopenTensorDescriptor_t, size_t *){
MIOpen(HIP): 	handle = stream: 0, device_id: 0
MIOpen(HIP): 	wDesc = {96, 96, 1, 1, 1}, {96, 1, 96, 96, 96}, packed, 
MIOpen(HIP): 	xDesc = {1, 96, 1, 68, 50}, {326400, 1, 326400, 4800, 96}, packed, 
MIOpen(HIP): 	convDesc = conv3d, miopenConvolution, miopenPaddingDefault, {0, 0, 0}, {1, 1, 1}, {1, 1, 1}, 
MIOpen(HIP): 	yDesc = {1, 96, 1, 68, 50}, {326400, 1, 326400, 4800, 96}, packed, 
MIOpen(HIP): }
MIOpen(HIP): Info2 [GetWorkSpaceSize] 
MIOpen(HIP): Info [GetSolutions] 
MIOpen(HIP): Info2 [ValidateUnsafe] DB file is older than cache: 534845152696299, 537696530279241
MIOpen(HIP): Info2 [FindRecordUnsafe] Looking for key 96-1-68-50-1x1x1-96-1-68-50-1-0x0x0-1x1x1-1x1x1-0-NDHWC-NDHWC-NDHWC-BF16-F in cache for file "/root/.config/miopen/gfx1100_48.HIP.3_5_1_41dcdea279-dirty.ufdb.txt"
MIOpen(HIP): Info2 [Measure] Db::FindRecord time: 0.048162 ms
MIOpen(HIP): Info2 [GetSolutions] ConvHipImplicitGemm3DChannelLastFwdWmmaops
MIOpen(HIP): Info [GetWorkSpaceSize] 0
MIOpen(HIP): miopenStatus_t miopenFindConvolutionForwardAlgorithm(miopenHandle_t, const miopenTensorDescriptor_t, const void *, const miopenTensorDescriptor_t, const void *, const miopenConvolutionDescriptor_t, const miopenTensorDescriptor_t, void *, const int, int *, miopenConvAlgoPerf_t *, void *, size_t, bool){
MIOpen(HIP): 	handle = stream: 0, device_id: 0
MIOpen(HIP): 	xDesc = {1, 96, 1, 68, 50}, {326400, 1, 326400, 4800, 96}, packed, 
MIOpen(HIP): 	x = 0x7d7063000000
MIOpen(HIP): 	wDesc = {96, 96, 1, 1, 1}, {96, 1, 96, 96, 96}, packed, 
MIOpen(HIP): 	w = 0x7d6e3c9f7800
MIOpen(HIP): 	convDesc = conv3d, miopenConvolution, miopenPaddingDefault, {0, 0, 0}, {1, 1, 1}, {1, 1, 1}, 
MIOpen(HIP): 	yDesc = {1, 96, 1, 68, 50}, {326400, 1, 326400, 4800, 96}, packed, 
MIOpen(HIP): 	y = 0x7d706309f600
MIOpen(HIP): 	requestAlgoCount = 1
MIOpen(HIP): 	returnedAlgoCount = 32765
MIOpen(HIP): 	perfResults = 
MIOpen(HIP): 	workSpace = nullptr
MIOpen(HIP): 	workSpaceSize = 0
MIOpen(HIP): 	exhaustiveSearch = 0
MIOpen(HIP): }
MIOpen(HIP): Command [LogCmdFindConvolution] ./bin/MIOpenDriver convbfp16 -n 1 -c 96 --in_d 1 -H 68 -W 50 -k 96 --fil_d 1 -y 1 -x 1 --pad_d 0 -p 0 -q 0 --conv_stride_d 1 -u 1 -v 1 --dilation_d 1 -l 1 -j 1 --spatial_dim 3 --in_layout NDHWC --fil_layout NDHWC --out_layout NDHWC -m conv -g 1 -F 1 -t 1
MIOpen(HIP): Info [FindConvFwdAlgorithm] requestAlgoCount = 1, workspace = 0
MIOpen(HIP): Info [GetSolutions] 
MIOpen(HIP): Info2 [ValidateUnsafe] DB file is older than cache: 534845152696299, 537696530279241
MIOpen(HIP): Info2 [FindRecordUnsafe] Looking for key 96-1-68-50-1x1x1-96-1-68-50-1-0x0x0-1x1x1-1x1x1-0-NDHWC-NDHWC-NDHWC-BF16-F in cache for file "/root/.config/miopen/gfx1100_48.HIP.3_5_1_41dcdea279-dirty.ufdb.txt"
MIOpen(HIP): Info2 [Measure] Db::FindRecord time: 0.039132 ms
MIOpen(HIP): Info2 [GetSolutions] ConvHipImplicitGemm3DChannelLastFwdWmmaops
MIOpen(HIP): Info2 [GetInvoker] Returning an invoker for problem 96x1x68x50x1x1x1x96x1x68x50x1xNDHWCxNDHWCxNDHWCxBF16x0x0x0x1x1x1x1x1x1x1xFxDefault and solver ConvHipImplicitGemm3DChannelLastFwdWmmaops
MIOpen(HIP): Info [FindSolutionImpl] ConvHipImplicitGemm3DChannelLastFwdWmmaops
MIOpen(HIP): Info2 [FindRecordUnsafe] Looking for key 3x96x68x50x1x1x1x1x96x1x0x0x0x1x1x1x1x1x1x0x1xNDHWCxBF16xF in cache for file "/root/.config/miopen/gfx1100_48.HIP.3_5_1_41dcdea279-dirty.udb.txt"
MIOpen(HIP): Info2 [FindRecord] Looking for key 96-1-68-50-1x1x1-96-1-68-50-1-0x0x0-1x1x1-1x1x1-0-NDHWC-NDHWC-NDHWC-BF16-F in file ""
MIOpen(HIP): Info2 [Measure] Db::Load time: 0.020441 ms
MIOpen(HIP): Info [FindSolutionImpl] Perf Db: record not found for: ConvHipImplicitGemm3DChannelLastFwdWmmaops
MIOpen(HIP): Info2 [Register] Invoker registered for algorithm 96x1x68x50x1x1x1x96x1x68x50x1xNDHWCxNDHWCxNDHWCxBF16x0x0x0x1x1x1x1x1x1x1xFxDefault and solver ConvHipImplicitGemm3DChannelLastFwdWmmaops
MIOpen(HIP): Info2 [SetAsFound1_0] Solver ConvHipImplicitGemm3DChannelLastFwdWmmaops registered as find 1.0 best for miopenConvolutionFwdAlgoImplicitGEMM in 96x1x68x50x1x1x1x96x1x68x50x1xNDHWCxNDHWCxNDHWCxBF16x0x0x0x1x1x1x1x1x1x1xFxDefault
MIOpen(HIP): Info [FindConvolution] miopenConvolutionFwdAlgoImplicitGEMM	0.0190146	0
MIOpen(HIP): Info [FillFindReturnParameters] FW Chosen Algorithm: ConvHipImplicitGemm3DChannelLastFwdWmmaops , 0, 0.0190146
MIOpen(HIP): miopenStatus_t miopenConvolutionForward(miopenHandle_t, const void *, const miopenTensorDescriptor_t, const void *, const miopenTensorDescriptor_t, const void *, const miopenConvolutionDescriptor_t, miopenConvFwdAlgorithm_t, const void *, const miopenTensorDescriptor_t, void *, void *, size_t){
MIOpen(HIP): 	handle = stream: 0, device_id: 0
MIOpen(HIP): 	alpha = 0x7ffd68b9ff18
MIOpen(HIP): 	xDesc = {1, 96, 1, 68, 50}, {326400, 1, 326400, 4800, 96}, packed, 
MIOpen(HIP): 	x = 0x7d7063000000
MIOpen(HIP): 	wDesc = {96, 96, 1, 1, 1}, {96, 1, 96, 96, 96}, packed, 
MIOpen(HIP): 	w = 0x7d6e3c9f7800
MIOpen(HIP): 	convDesc = conv3d, miopenConvolution, miopenPaddingDefault, {0, 0, 0}, {1, 1, 1}, {1, 1, 1}, 
MIOpen(HIP): 	algo = 5
MIOpen(HIP): 	beta = 0x7ffd68b9ff20
MIOpen(HIP): 	yDesc = {1, 96, 1, 68, 50}, {326400, 1, 326400, 4800, 96}, packed, 
MIOpen(HIP): 	y = 0x7d706309f600
MIOpen(HIP): 	workSpace = nullptr
MIOpen(HIP): 	workSpaceSize = 0
MIOpen(HIP): }
MIOpen(HIP): Command [LogCmdConvolution] ./bin/MIOpenDriver convbfp16 -n 1 -c 96 --in_d 1 -H 68 -W 50 -k 96 --fil_d 1 -y 1 -x 1 --pad_d 0 -p 0 -q 0 --conv_stride_d 1 -u 1 -v 1 --dilation_d 1 -l 1 -j 1 --spatial_dim 3 --in_layout NDHWC --fil_layout NDHWC --out_layout NDHWC -m conv -g 1 -F 1 -t 1
MIOpen(HIP): Info [ConvolutionForward] algo = 5, workspace = 0
MIOpen(HIP): Info2 [GetInvoker] Returning an invoker for problem 96x1x68x50x1x1x1x96x1x68x50x1xNDHWCxNDHWCxNDHWCxBF16x0x0x0x1x1x1x1x1x1x1xFxDefault and algorithm miopenConvolutionFwdAlgoImplicitGEMM
MIOpen(HIP): miopenStatus_t miopenDestroyConvolutionDescriptor(miopenConvolutionDescriptor_t){
MIOpen(HIP): 	convDesc = conv3d, miopenConvolution, miopenPaddingDefault, {0, 0, 0}, {1, 1, 1}, {1, 1, 1}, 
MIOpen(HIP): }
MIOpen(HIP): miopenStatus_t miopenDestroyTensorDescriptor(miopenTensorDescriptor_t){
MIOpen(HIP): 	tensorDesc = {96, 96, 1, 1, 1}, {96, 1, 96, 96, 96}, packed, 
MIOpen(HIP): }
MIOpen(HIP): miopenStatus_t miopenDestroyTensorDescriptor(miopenTensorDescriptor_t){
MIOpen(HIP): 	tensorDesc = {1, 96, 1, 68, 50}, {326400, 1, 326400, 4800, 96}, packed, 
MIOpen(HIP): }
MIOpen(HIP): miopenStatus_t miopenDestroyTensorDescriptor(miopenTensorDescriptor_t){
MIOpen(HIP): 	tensorDesc = {1, 96, 1, 68, 50}, {326400, 1, 326400, 4800, 96}, packed, 
MIOpen(HIP): }
  0%|          | 0/50 [00:00<?, ?it/s]MIOpen(HIP): Info [get_device_name] Raw device name: gfx1100
MIOpen(HIP): Info [SetStream] stream: 0, device_id: 0
MIOpen(HIP): miopenStatus_t miopenCreateTensorDescriptor(miopenTensorDescriptor_t *){
MIOpen(HIP): 	tensorDesc = 0x5
MIOpen(HIP): }
MIOpen(HIP): miopenStatus_t miopenSetTensorDescriptor(miopenTensorDescriptor_t, miopenDataType_t, int, const int *, const int *){
MIOpen(HIP): 	tensorDesc = {}, {}, packed, 
MIOpen(HIP): 	dataType = 5
MIOpen(HIP): 	nbDims = 5
MIOpen(HIP): 	dim.values = { 1 48 1 68 50 }
MIOpen(HIP): 	stride.values = { 163200 1 163200 2400 48 }
MIOpen(HIP): }
MIOpen(HIP): miopenStatus_t miopenCreateTensorDescriptor(miopenTensorDescriptor_t *){
MIOpen(HIP): 	tensorDesc = 0x96000027d80
MIOpen(HIP): }
MIOpen(HIP): miopenStatus_t miopenSetTensorDescriptor(miopenTensorDescriptor_t, miopenDataType_t, int, const int *, const int *){
MIOpen(HIP): 	tensorDesc = {}, {}, packed, 
MIOpen(HIP): 	dataType = 5
MIOpen(HIP): 	nbDims = 5
MIOpen(HIP): 	dim.values = { 3072 48 1 2 2 }
MIOpen(HIP): 	stride.values = { 192 1 192 96 48 }
MIOpen(HIP): }
MIOpen(HIP): miopenStatus_t miopenCreateTensorDescriptor(miopenTensorDescriptor_t *){
MIOpen(HIP): 	tensorDesc = 0x7d7626d37df6
MIOpen(HIP): }
MIOpen(HIP): miopenStatus_t miopenSetTensorDescriptor(miopenTensorDescriptor_t, miopenDataType_t, int, const int *, const int *){
MIOpen(HIP): 	tensorDesc = {}, {}, packed, 
MIOpen(HIP): 	dataType = 5
MIOpen(HIP): 	nbDims = 5
MIOpen(HIP): 	dim.values = { 1 3072 1 34 25 }
MIOpen(HIP): 	stride.values = { 2611200 1 2611200 76800 3072 }
MIOpen(HIP): }
MIOpen(HIP): miopenStatus_t miopenCreateConvolutionDescriptor(miopenConvolutionDescriptor_t *){
MIOpen(HIP): 	convDesc = 0x7ffd68b9f800
MIOpen(HIP): }
MIOpen(HIP): miopenStatus_t miopenInitConvolutionNdDescriptor(miopenConvolutionDescriptor_t, int, const int *, const int *, const int *, miopenConvolutionMode_t){
MIOpen(HIP): 	convDesc = conv2d, miopenConvolution, miopenPaddingDefault, {0, 0}, {1, 1}, {1, 1}, 
MIOpen(HIP): 	spatialDim = 3
MIOpen(HIP): 	pads = { 0 0 0 }
MIOpen(HIP): 	strides = { 1 2 2 }
MIOpen(HIP): 	dilations = { 1 1 1 }
MIOpen(HIP): 	c_mode = 0
MIOpen(HIP): }
MIOpen(HIP): miopenStatus_t miopenSetConvolutionGroupCount(miopenConvolutionDescriptor_t, int){
MIOpen(HIP): 	convDesc = conv3d, miopenConvolution, miopenPaddingDefault, {0, 0, 0}, {1, 2, 2}, {1, 1, 1}, 
MIOpen(HIP): 	groupCount = 1
MIOpen(HIP): }
MIOpen(HIP): miopenStatus_t miopenSetConvolutionAttribute(miopenConvolutionDescriptor_t, const miopenConvolutionAttrib_t, const int){
MIOpen(HIP): 	convDesc = conv3d, miopenConvolution, miopenPaddingDefault, {0, 0, 0}, {1, 2, 2}, {1, 1, 1}, 
MIOpen(HIP): 	attr = 1
MIOpen(HIP): 	value = 0
MIOpen(HIP): }
MIOpen(HIP): miopenStatus_t miopenConvolutionForwardGetWorkSpaceSize(miopenHandle_t, const miopenTensorDescriptor_t, const miopenTensorDescriptor_t, const miopenConvolutionDescriptor_t, const miopenTensorDescriptor_t, size_t *){
MIOpen(HIP): 	handle = stream: 0, device_id: 0
MIOpen(HIP): 	wDesc = {3072, 48, 1, 2, 2}, {192, 1, 192, 96, 48}, packed, 
MIOpen(HIP): 	xDesc = {1, 48, 1, 68, 50}, {163200, 1, 163200, 2400, 48}, packed, 
MIOpen(HIP): 	convDesc = conv3d, miopenConvolution, miopenPaddingDefault, {0, 0, 0}, {1, 2, 2}, {1, 1, 1}, 
MIOpen(HIP): 	yDesc = {1, 3072, 1, 34, 25}, {2611200, 1, 2611200, 76800, 3072}, packed, 
MIOpen(HIP): }
MIOpen(HIP): Info2 [GetWorkSpaceSize] 
MIOpen(HIP): Info [GetSolutions] 
MIOpen(HIP): Info2 [ValidateUnsafe] DB file is older than cache: 534845152696299, 537696530279241
MIOpen(HIP): Info2 [FindRecordUnsafe] Looking for key 48-1-68-50-1x2x2-3072-1-34-25-1-0x0x0-1x2x2-1x1x1-0-NDHWC-NDHWC-NDHWC-BF16-F in cache for file "/root/.config/miopen/gfx1100_48.HIP.3_5_1_41dcdea279-dirty.ufdb.txt"
MIOpen(HIP): Info2 [Measure] Db::FindRecord time: 0.069013 ms
MIOpen(HIP): Info2 [GetSolutions] ConvHipImplicitGemm3DChannelLastFwdWmmaops
MIOpen(HIP): Info [GetWorkSpaceSize] 0
MIOpen(HIP): miopenStatus_t miopenFindConvolutionForwardAlgorithm(miopenHandle_t, const miopenTensorDescriptor_t, const void *, const miopenTensorDescriptor_t, const void *, const miopenConvolutionDescriptor_t, const miopenTensorDescriptor_t, void *, const int, int *, miopenConvAlgoPerf_t *, void *, size_t, bool){
MIOpen(HIP): 	handle = stream: 0, device_id: 0
MIOpen(HIP): 	xDesc = {1, 48, 1, 68, 50}, {163200, 1, 163200, 2400, 48}, packed, 
MIOpen(HIP): 	x = 0x7d705db9f600
MIOpen(HIP): 	wDesc = {3072, 48, 1, 2, 2}, {192, 1, 192, 96, 48}, packed, 
MIOpen(HIP): 	w = 0x7d6e34e00000
MIOpen(HIP): 	convDesc = conv3d, miopenConvolution, miopenPaddingDefault, {0, 0, 0}, {1, 2, 2}, {1, 1, 1}, 
MIOpen(HIP): 	yDesc = {1, 3072, 1, 34, 25}, {2611200, 1, 2611200, 76800, 3072}, packed, 
MIOpen(HIP): 	y = 0x7d6dd9c20000
MIOpen(HIP): 	requestAlgoCount = 1
MIOpen(HIP): 	returnedAlgoCount = 32765
MIOpen(HIP): 	perfResults = 
MIOpen(HIP): 	workSpace = nullptr
MIOpen(HIP): 	workSpaceSize = 0
MIOpen(HIP): 	exhaustiveSearch = 0
MIOpen(HIP): }
MIOpen(HIP): Command [LogCmdFindConvolution] ./bin/MIOpenDriver convbfp16 -n 1 -c 48 --in_d 1 -H 68 -W 50 -k 3072 --fil_d 1 -y 2 -x 2 --pad_d 0 -p 0 -q 0 --conv_stride_d 1 -u 2 -v 2 --dilation_d 1 -l 1 -j 1 --spatial_dim 3 --in_layout NDHWC --fil_layout NDHWC --out_layout NDHWC -m conv -g 1 -F 1 -t 1
MIOpen(HIP): Info [FindConvFwdAlgorithm] requestAlgoCount = 1, workspace = 0
MIOpen(HIP): Info [GetSolutions] 
MIOpen(HIP): Info2 [ValidateUnsafe] DB file is older than cache: 534845152696299, 537696530279241
MIOpen(HIP): Info2 [FindRecordUnsafe] Looking for key 48-1-68-50-1x2x2-3072-1-34-25-1-0x0x0-1x2x2-1x1x1-0-NDHWC-NDHWC-NDHWC-BF16-F in cache for file "/root/.config/miopen/gfx1100_48.HIP.3_5_1_41dcdea279-dirty.ufdb.txt"
MIOpen(HIP): Info2 [Measure] Db::FindRecord time: 0.035332 ms
MIOpen(HIP): Info2 [GetSolutions] ConvHipImplicitGemm3DChannelLastFwdWmmaops
MIOpen(HIP): Info2 [GetInvoker] Returning an invoker for problem 48x1x68x50x1x2x2x3072x1x34x25x1xNDHWCxNDHWCxNDHWCxBF16x0x0x0x1x2x2x1x1x1x1xFxDefault and solver ConvHipImplicitGemm3DChannelLastFwdWmmaops
MIOpen(HIP): Info [FindSolutionImpl] ConvHipImplicitGemm3DChannelLastFwdWmmaops
MIOpen(HIP): Info2 [FindRecordUnsafe] Looking for key 3x48x68x50x1x2x2x1x3072x1x0x0x0x2x2x1x1x1x1x0x1xNDHWCxBF16xF in cache for file "/root/.config/miopen/gfx1100_48.HIP.3_5_1_41dcdea279-dirty.udb.txt"
MIOpen(HIP): Info2 [FindRecord] Looking for key 48-1-68-50-1x2x2-3072-1-34-25-1-0x0x0-1x2x2-1x1x1-0-NDHWC-NDHWC-NDHWC-BF16-F in file ""
MIOpen(HIP): Info2 [Measure] Db::Load time: 0.020881 ms
MIOpen(HIP): Info [FindSolutionImpl] Perf Db: record not found for: ConvHipImplicitGemm3DChannelLastFwdWmmaops
MIOpen(HIP): Info2 [Register] Invoker registered for algorithm 48x1x68x50x1x2x2x3072x1x34x25x1xNDHWCxNDHWCxNDHWCxBF16x0x0x0x1x2x2x1x1x1x1xFxDefault and solver ConvHipImplicitGemm3DChannelLastFwdWmmaops
MIOpen(HIP): Info2 [SetAsFound1_0] Solver ConvHipImplicitGemm3DChannelLastFwdWmmaops registered as find 1.0 best for miopenConvolutionFwdAlgoImplicitGEMM in 48x1x68x50x1x2x2x3072x1x34x25x1xNDHWCxNDHWCxNDHWCxBF16x0x0x0x1x2x2x1x1x1x1xFxDefault
MIOpen(HIP): Info [FindConvolution] miopenConvolutionFwdAlgoImplicitGEMM	0.191765	0
MIOpen(HIP): Info [FillFindReturnParameters] FW Chosen Algorithm: ConvHipImplicitGemm3DChannelLastFwdWmmaops , 0, 0.191765
MIOpen(HIP): miopenStatus_t miopenConvolutionForward(miopenHandle_t, const void *, const miopenTensorDescriptor_t, const void *, const miopenTensorDescriptor_t, const void *, const miopenConvolutionDescriptor_t, miopenConvFwdAlgorithm_t, const void *, const miopenTensorDescriptor_t, void *, void *, size_t){
MIOpen(HIP): 	handle = stream: 0, device_id: 0
MIOpen(HIP): 	alpha = 0x7ffd68b9f548
MIOpen(HIP): 	xDesc = {1, 48, 1, 68, 50}, {163200, 1, 163200, 2400, 48}, packed, 
MIOpen(HIP): 	x = 0x7d705db9f600
MIOpen(HIP): 	wDesc = {3072, 48, 1, 2, 2}, {192, 1, 192, 96, 48}, packed, 
MIOpen(HIP): 	w = 0x7d6e34e00000
MIOpen(HIP): 	convDesc = conv3d, miopenConvolution, miopenPaddingDefault, {0, 0, 0}, {1, 2, 2}, {1, 1, 1}, 
MIOpen(HIP): 	algo = 5
MIOpen(HIP): 	beta = 0x7ffd68b9f550
MIOpen(HIP): 	yDesc = {1, 3072, 1, 34, 25}, {2611200, 1, 2611200, 76800, 3072}, packed, 
MIOpen(HIP): 	y = 0x7d6dd9c20000
MIOpen(HIP): 	workSpace = nullptr
MIOpen(HIP): 	workSpaceSize = 0
MIOpen(HIP): }
MIOpen(HIP): Command [LogCmdConvolution] ./bin/MIOpenDriver convbfp16 -n 1 -c 48 --in_d 1 -H 68 -W 50 -k 3072 --fil_d 1 -y 2 -x 2 --pad_d 0 -p 0 -q 0 --conv_stride_d 1 -u 2 -v 2 --dilation_d 1 -l 1 -j 1 --spatial_dim 3 --in_layout NDHWC --fil_layout NDHWC --out_layout NDHWC -m conv -g 1 -F 1 -t 1
MIOpen(HIP): Info [ConvolutionForward] algo = 5, workspace = 0
MIOpen(HIP): Info2 [GetInvoker] Returning an invoker for problem 48x1x68x50x1x2x2x3072x1x34x25x1xNDHWCxNDHWCxNDHWCxBF16x0x0x0x1x2x2x1x1x1x1xFxDefault and algorithm miopenConvolutionFwdAlgoImplicitGEMM
MIOpen(HIP): miopenStatus_t miopenDestroyConvolutionDescriptor(miopenConvolutionDescriptor_t){
MIOpen(HIP): 	convDesc = conv3d, miopenConvolution, miopenPaddingDefault, {0, 0, 0}, {1, 2, 2}, {1, 1, 1}, 
MIOpen(HIP): }
MIOpen(HIP): miopenStatus_t miopenDestroyTensorDescriptor(miopenTensorDescriptor_t){
MIOpen(HIP): 	tensorDesc = {3072, 48, 1, 2, 2}, {192, 1, 192, 96, 48}, packed, 
MIOpen(HIP): }
MIOpen(HIP): miopenStatus_t miopenDestroyTensorDescriptor(miopenTensorDescriptor_t){
MIOpen(HIP): 	tensorDesc = {1, 3072, 1, 34, 25}, {2611200, 1, 2611200, 76800, 3072}, packed, 
MIOpen(HIP): }
MIOpen(HIP): miopenStatus_t miopenDestroyTensorDescriptor(miopenTensorDescriptor_t){
MIOpen(HIP): 	tensorDesc = {1, 48, 1, 68, 50}, {163200, 1, 163200, 2400, 48}, packed, 
MIOpen(HIP): }
MIOpen(HIP): Info [get_device_name] Raw device name: gfx1100
MIOpen(HIP): Info [SetStream] stream: 0, device_id: 0
MIOpen(HIP): miopenStatus_t miopenCreateTensorDescriptor(miopenTensorDescriptor_t *){
MIOpen(HIP): 	tensorDesc = 0x5
MIOpen(HIP): }
MIOpen(HIP): miopenStatus_t miopenSetTensorDescriptor(miopenTensorDescriptor_t, miopenDataType_t, int, const int *, const int *){
MIOpen(HIP): 	tensorDesc = {}, {}, packed, 
MIOpen(HIP): 	dataType = 5
MIOpen(HIP): 	nbDims = 5
MIOpen(HIP): 	dim.values = { 1 48 1 68 50 }
MIOpen(HIP): 	stride.values = { 163200 1 163200 2400 48 }
MIOpen(HIP): }
MIOpen(HIP): miopenStatus_t miopenCreateTensorDescriptor(miopenTensorDescriptor_t *){
MIOpen(HIP): 	tensorDesc = 0x96000027d80
MIOpen(HIP): }
MIOpen(HIP): miopenStatus_t miopenSetTensorDescriptor(miopenTensorDescriptor_t, miopenDataType_t, int, const int *, const int *){
MIOpen(HIP): 	tensorDesc = {}, {}, packed, 
MIOpen(HIP): 	dataType = 5
MIOpen(HIP): 	nbDims = 5
MIOpen(HIP): 	dim.values = { 3072 48 1 2 2 }
MIOpen(HIP): 	stride.values = { 192 1 192 96 48 }
MIOpen(HIP): }
MIOpen(HIP): miopenStatus_t miopenCreateTensorDescriptor(miopenTensorDescriptor_t *){
MIOpen(HIP): 	tensorDesc = 0x7d7626d37df6
MIOpen(HIP): }
MIOpen(HIP): miopenStatus_t miopenSetTensorDescriptor(miopenTensorDescriptor_t, miopenDataType_t, int, const int *, const int *){
MIOpen(HIP): 	tensorDesc = {}, {}, packed, 
MIOpen(HIP): 	dataType = 5
MIOpen(HIP): 	nbDims = 5
MIOpen(HIP): 	dim.values = { 1 3072 1 34 25 }
MIOpen(HIP): 	stride.values = { 2611200 1 2611200 76800 3072 }
MIOpen(HIP): }
MIOpen(HIP): miopenStatus_t miopenCreateConvolutionDescriptor(miopenConvolutionDescriptor_t *){
MIOpen(HIP): 	convDesc = 0x7ffd68b9f800
MIOpen(HIP): }
MIOpen(HIP): miopenStatus_t miopenInitConvolutionNdDescriptor(miopenConvolutionDescriptor_t, int, const int *, const int *, const int *, miopenConvolutionMode_t){
MIOpen(HIP): 	convDesc = conv2d, miopenConvolution, miopenPaddingDefault, {0, 0}, {1, 1}, {1, 1}, 
MIOpen(HIP): 	spatialDim = 3
MIOpen(HIP): 	pads = { 0 0 0 }
MIOpen(HIP): 	strides = { 1 2 2 }
MIOpen(HIP): 	dilations = { 1 1 1 }
MIOpen(HIP): 	c_mode = 0
MIOpen(HIP): }
MIOpen(HIP): miopenStatus_t miopenSetConvolutionGroupCount(miopenConvolutionDescriptor_t, int){
MIOpen(HIP): 	convDesc = conv3d, miopenConvolution, miopenPaddingDefault, {0, 0, 0}, {1, 2, 2}, {1, 1, 1}, 
MIOpen(HIP): 	groupCount = 1
MIOpen(HIP): }
MIOpen(HIP): miopenStatus_t miopenSetConvolutionAttribute(miopenConvolutionDescriptor_t, const miopenConvolutionAttrib_t, const int){
MIOpen(HIP): 	convDesc = conv3d, miopenConvolution, miopenPaddingDefault, {0, 0, 0}, {1, 2, 2}, {1, 1, 1}, 
MIOpen(HIP): 	attr = 1
MIOpen(HIP): 	value = 0
MIOpen(HIP): }
MIOpen(HIP): miopenStatus_t miopenConvolutionForward(miopenHandle_t, const void *, const miopenTensorDescriptor_t, const void *, const miopenTensorDescriptor_t, const void *, const miopenConvolutionDescriptor_t, miopenConvFwdAlgorithm_t, const void *, const miopenTensorDescriptor_t, void *, void *, size_t){
MIOpen(HIP): 	handle = stream: 0, device_id: 0
MIOpen(HIP): 	alpha = 0x7ffd68b9f548
MIOpen(HIP): 	xDesc = {1, 48, 1, 68, 50}, {163200, 1, 163200, 2400, 48}, packed, 
MIOpen(HIP): 	x = 0x7d705db9f600
MIOpen(HIP): 	wDesc = {3072, 48, 1, 2, 2}, {192, 1, 192, 96, 48}, packed, 
MIOpen(HIP): 	w = 0x7d6e34e00000
MIOpen(HIP): 	convDesc = conv3d, miopenConvolution, miopenPaddingDefault, {0, 0, 0}, {1, 2, 2}, {1, 1, 1}, 
MIOpen(HIP): 	algo = 5
MIOpen(HIP): 	beta = 0x7ffd68b9f550
MIOpen(HIP): 	yDesc = {1, 3072, 1, 34, 25}, {2611200, 1, 2611200, 76800, 3072}, packed, 
MIOpen(HIP): 	y = 0x7d6dd9c20000
MIOpen(HIP): 	workSpace = nullptr
MIOpen(HIP): 	workSpaceSize = 0
MIOpen(HIP): }
MIOpen(HIP): Command [LogCmdConvolution] ./bin/MIOpenDriver convbfp16 -n 1 -c 48 --in_d 1 -H 68 -W 50 -k 3072 --fil_d 1 -y 2 -x 2 --pad_d 0 -p 0 -q 0 --conv_stride_d 1 -u 2 -v 2 --dilation_d 1 -l 1 -j 1 --spatial_dim 3 --in_layout NDHWC --fil_layout NDHWC --out_layout NDHWC -m conv -g 1 -F 1 -t 1
MIOpen(HIP): Info [ConvolutionForward] algo = 5, workspace = 0
MIOpen(HIP): Info2 [GetInvoker] Returning an invoker for problem 48x1x68x50x1x2x2x3072x1x34x25x1xNDHWCxNDHWCxNDHWCxBF16x0x0x0x1x2x2x1x1x1x1xFxDefault and algorithm miopenConvolutionFwdAlgoImplicitGEMM
MIOpen(HIP): miopenStatus_t miopenDestroyConvolutionDescriptor(miopenConvolutionDescriptor_t){
MIOpen(HIP): 	convDesc = conv3d, miopenConvolution, miopenPaddingDefault, {0, 0, 0}, {1, 2, 2}, {1, 1, 1}, 
MIOpen(HIP): }
MIOpen(HIP): miopenStatus_t miopenDestroyTensorDescriptor(miopenTensorDescriptor_t){
MIOpen(HIP): 	tensorDesc = {3072, 48, 1, 2, 2}, {192, 1, 192, 96, 48}, packed, 
MIOpen(HIP): }
MIOpen(HIP): miopenStatus_t miopenDestroyTensorDescriptor(miopenTensorDescriptor_t){
MIOpen(HIP): 	tensorDesc = {1, 3072, 1, 34, 25}, {2611200, 1, 2611200, 76800, 3072}, packed, 
MIOpen(HIP): }
MIOpen(HIP): miopenStatus_t miopenDestroyTensorDescriptor(miopenTensorDescriptor_t){
MIOpen(HIP): 	tensorDesc = {1, 48, 1, 68, 50}, {163200, 1, 163200, 2400, 48}, packed, 
MIOpen(HIP): }
  2%|▏         | 1/50 [00:01<00:55,  1.13s/it]MIOpen(HIP): Info [get_device_name] Raw device name: gfx1100
MIOpen(HIP): Info [SetStream] stream: 0, device_id: 0
MIOpen(HIP): miopenStatus_t miopenCreateTensorDescriptor(miopenTensorDescriptor_t *){
MIOpen(HIP): 	tensorDesc = 0x5
MIOpen(HIP): }
MIOpen(HIP): miopenStatus_t miopenSetTensorDescriptor(miopenTensorDescriptor_t, miopenDataType_t, int, const int *, const int *){
MIOpen(HIP): 	tensorDesc = {}, {}, packed, 
MIOpen(HIP): 	dataType = 5
MIOpen(HIP): 	nbDims = 5
MIOpen(HIP): 	dim.values = { 1 48 1 68 50 }
MIOpen(HIP): 	stride.values = { 163200 1 163200 2400 48 }
MIOpen(HIP): }
MIOpen(HIP): miopenStatus_t miopenCreateTensorDescriptor(miopenTensorDescriptor_t *){
MIOpen(HIP): 	tensorDesc = 0x96000027d80
MIOpen(HIP): }
MIOpen(HIP): miopenStatus_t miopenSetTensorDescriptor(miopenTensorDescriptor_t, miopenDataType_t, int, const int *, const int *){
MIOpen(HIP): 	tensorDesc = {}, {}, packed, 
MIOpen(HIP): 	dataType = 5
MIOpen(HIP): 	nbDims = 5
MIOpen(HIP): 	dim.values = { 3072 48 1 2 2 }
MIOpen(HIP): 	stride.values = { 192 1 192 96 48 }
MIOpen(HIP): }
MIOpen(HIP): miopenStatus_t miopenCreateTensorDescriptor(miopenTensorDescriptor_t *){
MIOpen(HIP): 	tensorDesc = 0x7d7626d37df6
MIOpen(HIP): }
MIOpen(HIP): miopenStatus_t miopenSetTensorDescriptor(miopenTensorDescriptor_t, miopenDataType_t, int, const int *, const int *){
MIOpen(HIP): 	tensorDesc = {}, {}, packed, 
MIOpen(HIP): 	dataType = 5
MIOpen(HIP): 	nbDims = 5
MIOpen(HIP): 	dim.values = { 1 3072 1 34 25 }
MIOpen(HIP): 	stride.values = { 2611200 1 2611200 76800 3072 }
MIOpen(HIP): }
MIOpen(HIP): miopenStatus_t miopenCreateConvolutionDescriptor(miopenConvolutionDescriptor_t *){
MIOpen(HIP): 	convDesc = 0x7ffd68b9f800
MIOpen(HIP): }
MIOpen(HIP): miopenStatus_t miopenInitConvolutionNdDescriptor(miopenConvolutionDescriptor_t, int, const int *, const int *, const int *, miopenConvolutionMode_t){
MIOpen(HIP): 	convDesc = conv2d, miopenConvolution, miopenPaddingDefault, {0, 0}, {1, 1}, {1, 1}, 
MIOpen(HIP): 	spatialDim = 3
MIOpen(HIP): 	pads = { 0 0 0 }
MIOpen(HIP): 	strides = { 1 2 2 }
MIOpen(HIP): 	dilations = { 1 1 1 }
MIOpen(HIP): 	c_mode = 0
MIOpen(HIP): }
MIOpen(HIP): miopenStatus_t miopenSetConvolutionGroupCount(miopenConvolutionDescriptor_t, int){
MIOpen(HIP): 	convDesc = conv3d, miopenConvolution, miopenPaddingDefault, {0, 0, 0}, {1, 2, 2}, {1, 1, 1}, 
MIOpen(HIP): 	groupCount = 1
MIOpen(HIP): }
MIOpen(HIP): miopenStatus_t miopenSetConvolutionAttribute(miopenConvolutionDescriptor_t, const miopenConvolutionAttrib_t, const int){
MIOpen(HIP): 	convDesc = conv3d, miopenConvolution, miopenPaddingDefault, {0, 0, 0}, {1, 2, 2}, {1, 1, 1}, 
MIOpen(HIP): 	attr = 1
MIOpen(HIP): 	value = 0
MIOpen(HIP): }
MIOpen(HIP): miopenStatus_t miopenConvolutionForward(miopenHandle_t, const void *, const miopenTensorDescriptor_t, const void *, const miopenTensorDescriptor_t, const void *, const miopenConvolutionDescriptor_t, miopenConvFwdAlgorithm_t, const void *, const miopenTensorDescriptor_t, void *, void *, size_t){
MIOpen(HIP): 	handle = stream: 0, device_id: 0
MIOpen(HIP): 	alpha = 0x7ffd68b9f548
MIOpen(HIP): 	xDesc = {1, 48, 1, 68, 50}, {163200, 1, 163200, 2400, 48}, packed, 
MIOpen(HIP): 	x = 0x7d705db9f600
MIOpen(HIP): 	wDesc = {3072, 48, 1, 2, 2}, {192, 1, 192, 96, 48}, packed, 
MIOpen(HIP): 	w = 0x7d6e34e00000
MIOpen(HIP): 	convDesc = conv3d, miopenConvolution, miopenPaddingDefault, {0, 0, 0}, {1, 2, 2}, {1, 1, 1}, 
MIOpen(HIP): 	algo = 5
MIOpen(HIP): 	beta = 0x7ffd68b9f550
MIOpen(HIP): 	yDesc = {1, 3072, 1, 34, 25}, {2611200, 1, 2611200, 76800, 3072}, packed, 
MIOpen(HIP): 	y = 0x7d6dd9c20000
MIOpen(HIP): 	workSpace = nullptr
MIOpen(HIP): 	workSpaceSize = 0
MIOpen(HIP): }
MIOpen(HIP): Command [LogCmdConvolution] ./bin/MIOpenDriver convbfp16 -n 1 -c 48 --in_d 1 -H 68 -W 50 -k 3072 --fil_d 1 -y 2 -x 2 --pad_d 0 -p 0 -q 0 --conv_stride_d 1 -u 2 -v 2 --dilation_d 1 -l 1 -j 1 --spatial_dim 3 --in_layout NDHWC --fil_layout NDHWC --out_layout NDHWC -m conv -g 1 -F 1 -t 1
MIOpen(HIP): Info [ConvolutionForward] algo = 5, workspace = 0
MIOpen(HIP): Info2 [GetInvoker] Returning an invoker for problem 48x1x68x50x1x2x2x3072x1x34x25x1xNDHWCxNDHWCxNDHWCxBF16x0x0x0x1x2x2x1x1x1x1xFxDefault and algorithm miopenConvolutionFwdAlgoImplicitGEMM
MIOpen(HIP): miopenStatus_t miopenDestroyConvolutionDescriptor(miopenConvolutionDescriptor_t){
MIOpen(HIP): 	convDesc = conv3d, miopenConvolution, miopenPaddingDefault, {0, 0, 0}, {1, 2, 2}, {1, 1, 1}, 
MIOpen(HIP): }
MIOpen(HIP): miopenStatus_t miopenDestroyTensorDescriptor(miopenTensorDescriptor_t){
MIOpen(HIP): 	tensorDesc = {3072, 48, 1, 2, 2}, {192, 1, 192, 96, 48}, packed, 
MIOpen(HIP): }
MIOpen(HIP): miopenStatus_t miopenDestroyTensorDescriptor(miopenTensorDescriptor_t){
MIOpen(HIP): 	tensorDesc = {1, 3072, 1, 34, 25}, {2611200, 1, 2611200, 76800, 3072}, packed, 
MIOpen(HIP): }
MIOpen(HIP): miopenStatus_t miopenDestroyTensorDescriptor(miopenTensorDescriptor_t){
MIOpen(HIP): 	tensorDesc = {1, 48, 1, 68, 50}, {163200, 1, 163200, 2400, 48}, packed, 
MIOpen(HIP): }
MIOpen(HIP): Info [get_device_name] Raw device name: gfx1100
MIOpen(HIP): Info [SetStream] stream: 0, device_id: 0
MIOpen(HIP): miopenStatus_t miopenCreateTensorDescriptor(miopenTensorDescriptor_t *){
MIOpen(HIP): 	tensorDesc = 0x5
MIOpen(HIP): }
MIOpen(HIP): miopenStatus_t miopenSetTensorDescriptor(miopenTensorDescriptor_t, miopenDataType_t, int, const int *, const int *){
MIOpen(HIP): 	tensorDesc = {}, {}, packed, 
MIOpen(HIP): 	dataType = 5
MIOpen(HIP): 	nbDims = 5
MIOpen(HIP): 	dim.values = { 1 48 1 68 50 }
MIOpen(HIP): 	stride.values = { 163200 1 163200 2400 48 }
MIOpen(HIP): }
MIOpen(HIP): miopenStatus_t miopenCreateTensorDescriptor(miopenTensorDescriptor_t *){
MIOpen(HIP): 	tensorDesc = 0x96000027d80
MIOpen(HIP): }
MIOpen(HIP): miopenStatus_t miopenSetTensorDescriptor(miopenTensorDescriptor_t, miopenDataType_t, int, const int *, const int *){
MIOpen(HIP): 	tensorDesc = {}, {}, packed, 
MIOpen(HIP): 	dataType = 5
MIOpen(HIP): 	nbDims = 5
MIOpen(HIP): 	dim.values = { 3072 48 1 2 2 }
MIOpen(HIP): 	stride.values = { 192 1 192 96 48 }
MIOpen(HIP): }
MIOpen(HIP): miopenStatus_t miopenCreateTensorDescriptor(miopenTensorDescriptor_t *){
MIOpen(HIP): 	tensorDesc = 0x7d7626d37df6
MIOpen(HIP): }
MIOpen(HIP): miopenStatus_t miopenSetTensorDescriptor(miopenTensorDescriptor_t, miopenDataType_t, int, const int *, const int *){
MIOpen(HIP): 	tensorDesc = {}, {}, packed, 
MIOpen(HIP): 	dataType = 5
MIOpen(HIP): 	nbDims = 5
MIOpen(HIP): 	dim.values = { 1 3072 1 34 25 }
MIOpen(HIP): 	stride.values = { 2611200 1 2611200 76800 3072 }
MIOpen(HIP): }
MIOpen(HIP): miopenStatus_t miopenCreateConvolutionDescriptor(miopenConvolutionDescriptor_t *){
MIOpen(HIP): 	convDesc = 0x7ffd68b9f800
MIOpen(HIP): }
MIOpen(HIP): miopenStatus_t miopenInitConvolutionNdDescriptor(miopenConvolutionDescriptor_t, int, const int *, const int *, const int *, miopenConvolutionMode_t){
MIOpen(HIP): 	convDesc = conv2d, miopenConvolution, miopenPaddingDefault, {0, 0}, {1, 1}, {1, 1}, 
MIOpen(HIP): 	spatialDim = 3
MIOpen(HIP): 	pads = { 0 0 0 }
MIOpen(HIP): 	strides = { 1 2 2 }
MIOpen(HIP): 	dilations = { 1 1 1 }
MIOpen(HIP): 	c_mode = 0
MIOpen(HIP): }
MIOpen(HIP): miopenStatus_t miopenSetConvolutionGroupCount(miopenConvolutionDescriptor_t, int){
MIOpen(HIP): 	convDesc = conv3d, miopenConvolution, miopenPaddingDefault, {0, 0, 0}, {1, 2, 2}, {1, 1, 1}, 
MIOpen(HIP): 	groupCount = 1
MIOpen(HIP): }
MIOpen(HIP): miopenStatus_t miopenSetConvolutionAttribute(miopenConvolutionDescriptor_t, const miopenConvolutionAttrib_t, const int){
MIOpen(HIP): 	convDesc = conv3d, miopenConvolution, miopenPaddingDefault, {0, 0, 0}, {1, 2, 2}, {1, 1, 1}, 
MIOpen(HIP): 	attr = 1
MIOpen(HIP): 	value = 0
MIOpen(HIP): }
MIOpen(HIP): miopenStatus_t miopenConvolutionForward(miopenHandle_t, const void *, const miopenTensorDescriptor_t, const void *, const miopenTensorDescriptor_t, const void *, const miopenConvolutionDescriptor_t, miopenConvFwdAlgorithm_t, const void *, const miopenTensorDescriptor_t, void *, void *, size_t){
MIOpen(HIP): 	handle = stream: 0, device_id: 0
MIOpen(HIP): 	alpha = 0x7ffd68b9f548
MIOpen(HIP): 	xDesc = {1, 48, 1, 68, 50}, {163200, 1, 163200, 2400, 48}, packed, 
MIOpen(HIP): 	x = 0x7d705db00000
MIOpen(HIP): 	wDesc = {3072, 48, 1, 2, 2}, {192, 1, 192, 96, 48}, packed, 
MIOpen(HIP): 	w = 0x7d6e34e00000
MIOpen(HIP): 	convDesc = conv3d, miopenConvolution, miopenPaddingDefault, {0, 0, 0}, {1, 2, 2}, {1, 1, 1}, 
MIOpen(HIP): 	algo = 5
MIOpen(HIP): 	beta = 0x7ffd68b9f550
MIOpen(HIP): 	yDesc = {1, 3072, 1, 34, 25}, {2611200, 1, 2611200, 76800, 3072}, packed, 
MIOpen(HIP): 	y = 0x7d6dd9c20000
MIOpen(HIP): 	workSpace = nullptr
MIOpen(HIP): 	workSpaceSize = 0
MIOpen(HIP): }
MIOpen(HIP): Command [LogCmdConvolution] ./bin/MIOpenDriver convbfp16 -n 1 -c 48 --in_d 1 -H 68 -W 50 -k 3072 --fil_d 1 -y 2 -x 2 --pad_d 0 -p 0 -q 0 --conv_stride_d 1 -u 2 -v 2 --dilation_d 1 -l 1 -j 1 --spatial_dim 3 --in_layout NDHWC --fil_layout NDHWC --out_layout NDHWC -m conv -g 1 -F 1 -t 1
MIOpen(HIP): Info [ConvolutionForward] algo = 5, workspace = 0
MIOpen(HIP): Info2 [GetInvoker] Returning an invoker for problem 48x1x68x50x1x2x2x3072x1x34x25x1xNDHWCxNDHWCxNDHWCxBF16x0x0x0x1x2x2x1x1x1x1xFxDefault and algorithm miopenConvolutionFwdAlgoImplicitGEMM
MIOpen(HIP): miopenStatus_t miopenDestroyConvolutionDescriptor(miopenConvolutionDescriptor_t){
MIOpen(HIP): 	convDesc = conv3d, miopenConvolution, miopenPaddingDefault, {0, 0, 0}, {1, 2, 2}, {1, 1, 1}, 
MIOpen(HIP): }
MIOpen(HIP): miopenStatus_t miopenDestroyTensorDescriptor(miopenTensorDescriptor_t){
MIOpen(HIP): 	tensorDesc = {3072, 48, 1, 2, 2}, {192, 1, 192, 96, 48}, packed, 
MIOpen(HIP): }
MIOpen(HIP): miopenStatus_t miopenDestroyTensorDescriptor(miopenTensorDescriptor_t){
MIOpen(HIP): 	tensorDesc = {1, 3072, 1, 34, 25}, {2611200, 1, 2611200, 76800, 3072}, packed, 
MIOpen(HIP): }
MIOpen(HIP): miopenStatus_t miopenDestroyTensorDescriptor(miopenTensorDescriptor_t){
MIOpen(HIP): 	tensorDesc = {1, 48, 1, 68, 50}, {163200, 1, 163200, 2400, 48}, packed, 
MIOpen(HIP): }
  4%|▍         | 2/50 [00:01<00:37,  1.29it/s]MIOpen(HIP): Info [get_device_name] Raw device name: gfx1100
MIOpen(HIP): Info [SetStream] stream: 0, device_id: 0
MIOpen(HIP): miopenStatus_t miopenCreateTensorDescriptor(miopenTensorDescriptor_t *){
MIOpen(HIP): 	tensorDesc = 0x5
MIOpen(HIP): }
MIOpen(HIP): miopenStatus_t miopenSetTensorDescriptor(miopenTensorDescriptor_t, miopenDataType_t, int, const int *, const int *){
MIOpen(HIP): 	tensorDesc = {}, {}, packed, 
MIOpen(HIP): 	dataType = 5
MIOpen(HIP): 	nbDims = 5
MIOpen(HIP): 	dim.values = { 1 48 1 68 50 }
MIOpen(HIP): 	stride.values = { 163200 1 163200 2400 48 }
MIOpen(HIP): }
MIOpen(HIP): miopenStatus_t miopenCreateTensorDescriptor(miopenTensorDescriptor_t *){
MIOpen(HIP): 	tensorDesc = 0x96000027d80
MIOpen(HIP): }
MIOpen(HIP): miopenStatus_t miopenSetTensorDescriptor(miopenTensorDescriptor_t, miopenDataType_t, int, const int *, const int *){
MIOpen(HIP): 	tensorDesc = {}, {}, packed, 
MIOpen(HIP): 	dataType = 5
MIOpen(HIP): 	nbDims = 5
MIOpen(HIP): 	dim.values = { 3072 48 1 2 2 }
MIOpen(HIP): 	stride.values = { 192 1 192 96 48 }
MIOpen(HIP): }
MIOpen(HIP): miopenStatus_t miopenCreateTensorDescriptor(miopenTensorDescriptor_t *){
MIOpen(HIP): 	tensorDesc = 0x7d7626d37df6
MIOpen(HIP): }
MIOpen(HIP): miopenStatus_t miopenSetTensorDescriptor(miopenTensorDescriptor_t, miopenDataType_t, int, const int *, const int *){
MIOpen(HIP): 	tensorDesc = {}, {}, packed, 
MIOpen(HIP): 	dataType = 5
MIOpen(HIP): 	nbDims = 5
MIOpen(HIP): 	dim.values = { 1 3072 1 34 25 }
MIOpen(HIP): 	stride.values = { 2611200 1 2611200 76800 3072 }
MIOpen(HIP): }
MIOpen(HIP): miopenStatus_t miopenCreateConvolutionDescriptor(miopenConvolutionDescriptor_t *){
MIOpen(HIP): 	convDesc = 0x7ffd68b9f800
MIOpen(HIP): }
MIOpen(HIP): miopenStatus_t miopenInitConvolutionNdDescriptor(miopenConvolutionDescriptor_t, int, const int *, const int *, const int *, miopenConvolutionMode_t){
MIOpen(HIP): 	convDesc = conv2d, miopenConvolution, miopenPaddingDefault, {0, 0}, {1, 1}, {1, 1}, 
MIOpen(HIP): 	spatialDim = 3
MIOpen(HIP): 	pads = { 0 0 0 }
MIOpen(HIP): 	strides = { 1 2 2 }
MIOpen(HIP): 	dilations = { 1 1 1 }
MIOpen(HIP): 	c_mode = 0
MIOpen(HIP): }
MIOpen(HIP): miopenStatus_t miopenSetConvolutionGroupCount(miopenConvolutionDescriptor_t, int){
MIOpen(HIP): 	convDesc = conv3d, miopenConvolution, miopenPaddingDefault, {0, 0, 0}, {1, 2, 2}, {1, 1, 1}, 
MIOpen(HIP): 	groupCount = 1
MIOpen(HIP): }
MIOpen(HIP): miopenStatus_t miopenSetConvolutionAttribute(miopenConvolutionDescriptor_t, const miopenConvolutionAttrib_t, const int){
MIOpen(HIP): 	convDesc = conv3d, miopenConvolution, miopenPaddingDefault, {0, 0, 0}, {1, 2, 2}, {1, 1, 1}, 
MIOpen(HIP): 	attr = 1
MIOpen(HIP): 	value = 0
MIOpen(HIP): }
MIOpen(HIP): miopenStatus_t miopenConvolutionForward(miopenHandle_t, const void *, const miopenTensorDescriptor_t, const void *, const miopenTensorDescriptor_t, const void *, const miopenConvolutionDescriptor_t, miopenConvFwdAlgorithm_t, const void *, const miopenTensorDescriptor_t, void *, void *, size_t){
MIOpen(HIP): 	handle = stream: 0, device_id: 0
MIOpen(HIP): 	alpha = 0x7ffd68b9f548
MIOpen(HIP): 	xDesc = {1, 48, 1, 68, 50}, {163200, 1, 163200, 2400, 48}, packed, 
MIOpen(HIP): 	x = 0x7d705db9f600
MIOpen(HIP): 	wDesc = {3072, 48, 1, 2, 2}, {192, 1, 192, 96, 48}, packed, 
MIOpen(HIP): 	w = 0x7d6e34e00000
MIOpen(HIP): 	convDesc = conv3d, miopenConvolution, miopenPaddingDefault, {0, 0, 0}, {1, 2, 2}, {1, 1, 1}, 
MIOpen(HIP): 	algo = 5
MIOpen(HIP): 	beta = 0x7ffd68b9f550
MIOpen(HIP): 	yDesc = {1, 3072, 1, 34, 25}, {2611200, 1, 2611200, 76800, 3072}, packed, 
MIOpen(HIP): 	y = 0x7d6dd9c20000
MIOpen(HIP): 	workSpace = nullptr
MIOpen(HIP): 	workSpaceSize = 0
MIOpen(HIP): }
MIOpen(HIP): Command [LogCmdConvolution] ./bin/MIOpenDriver convbfp16 -n 1 -c 48 --in_d 1 -H 68 -W 50 -k 3072 --fil_d 1 -y 2 -x 2 --pad_d 0 -p 0 -q 0 --conv_stride_d 1 -u 2 -v 2 --dilation_d 1 -l 1 -j 1 --spatial_dim 3 --in_layout NDHWC --fil_layout NDHWC --out_layout NDHWC -m conv -g 1 -F 1 -t 1
MIOpen(HIP): Info [ConvolutionForward] algo = 5, workspace = 0
MIOpen(HIP): Info2 [GetInvoker] Returning an invoker for problem 48x1x68x50x1x2x2x3072x1x34x25x1xNDHWCxNDHWCxNDHWCxBF16x0x0x0x1x2x2x1x1x1x1xFxDefault and algorithm miopenConvolutionFwdAlgoImplicitGEMM
MIOpen(HIP): miopenStatus_t miopenDestroyConvolutionDescriptor(miopenConvolutionDescriptor_t){
MIOpen(HIP): 	convDesc = conv3d, miopenConvolution, miopenPaddingDefault, {0, 0, 0}, {1, 2, 2}, {1, 1, 1}, 
MIOpen(HIP): }
MIOpen(HIP): miopenStatus_t miopenDestroyTensorDescriptor(miopenTensorDescriptor_t){
MIOpen(HIP): 	tensorDesc = {3072, 48, 1, 2, 2}, {192, 1, 192, 96, 48}, packed, 
MIOpen(HIP): }
MIOpen(HIP): miopenStatus_t miopenDestroyTensorDescriptor(miopenTensorDescriptor_t){
MIOpen(HIP): 	tensorDesc = {1, 3072, 1, 34, 25}, {2611200, 1, 2611200, 76800, 3072}, packed, 
MIOpen(HIP): }
MIOpen(HIP): miopenStatus_t miopenDestroyTensorDescriptor(miopenTensorDescriptor_t){
MIOpen(HIP): 	tensorDesc = {1, 48, 1, 68, 50}, {163200, 1, 163200, 2400, 48}, packed, 
MIOpen(HIP): }
MIOpen(HIP): Info [get_device_name] Raw device name: gfx1100
MIOpen(HIP): Info [SetStream] stream: 0, device_id: 0
MIOpen(HIP): miopenStatus_t miopenCreateTensorDescriptor(miopenTensorDescriptor_t *){
MIOpen(HIP): 	tensorDesc = 0x5
MIOpen(HIP): }
MIOpen(HIP): miopenStatus_t miopenSetTensorDescriptor(miopenTensorDescriptor_t, miopenDataType_t, int, const int *, const int *){
MIOpen(HIP): 	tensorDesc = {}, {}, packed, 
MIOpen(HIP): 	dataType = 5
MIOpen(HIP): 	nbDims = 5
MIOpen(HIP): 	dim.values = { 1 48 1 68 50 }
MIOpen(HIP): 	stride.values = { 163200 1 163200 2400 48 }
MIOpen(HIP): }
MIOpen(HIP): miopenStatus_t miopenCreateTensorDescriptor(miopenTensorDescriptor_t *){
MIOpen(HIP): 	tensorDesc = 0x96000027d80
MIOpen(HIP): }
MIOpen(HIP): miopenStatus_t miopenSetTensorDescriptor(miopenTensorDescriptor_t, miopenDataType_t, int, const int *, const int *){
MIOpen(HIP): 	tensorDesc = {}, {}, packed, 
MIOpen(HIP): 	dataType = 5
MIOpen(HIP): 	nbDims = 5
MIOpen(HIP): 	dim.values = { 3072 48 1 2 2 }
MIOpen(HIP): 	stride.values = { 192 1 192 96 48 }
MIOpen(HIP): }
MIOpen(HIP): miopenStatus_t miopenCreateTensorDescriptor(miopenTensorDescriptor_t *){
MIOpen(HIP): 	tensorDesc = 0x7d7626d37df6
MIOpen(HIP): }
MIOpen(HIP): miopenStatus_t miopenSetTensorDescriptor(miopenTensorDescriptor_t, miopenDataType_t, int, const int *, const int *){
MIOpen(HIP): 	tensorDesc = {}, {}, packed, 
MIOpen(HIP): 	dataType = 5
MIOpen(HIP): 	nbDims = 5
MIOpen(HIP): 	dim.values = { 1 3072 1 34 25 }
MIOpen(HIP): 	stride.values = { 2611200 1 2611200 76800 3072 }
MIOpen(HIP): }
MIOpen(HIP): miopenStatus_t miopenCreateConvolutionDescriptor(miopenConvolutionDescriptor_t *){
MIOpen(HIP): 	convDesc = 0x7ffd68b9f800
MIOpen(HIP): }
MIOpen(HIP): miopenStatus_t miopenInitConvolutionNdDescriptor(miopenConvolutionDescriptor_t, int, const int *, const int *, const int *, miopenConvolutionMode_t){
MIOpen(HIP): 	convDesc = conv2d, miopenConvolution, miopenPaddingDefault, {0, 0}, {1, 1}, {1, 1}, 
MIOpen(HIP): 	spatialDim = 3
MIOpen(HIP): 	pads = { 0 0 0 }
MIOpen(HIP): 	strides = { 1 2 2 }
MIOpen(HIP): 	dilations = { 1 1 1 }
MIOpen(HIP): 	c_mode = 0
MIOpen(HIP): }
MIOpen(HIP): miopenStatus_t miopenSetConvolutionGroupCount(miopenConvolutionDescriptor_t, int){
MIOpen(HIP): 	convDesc = conv3d, miopenConvolution, miopenPaddingDefault, {0, 0, 0}, {1, 2, 2}, {1, 1, 1}, 
MIOpen(HIP): 	groupCount = 1
MIOpen(HIP): }
MIOpen(HIP): miopenStatus_t miopenSetConvolutionAttribute(miopenConvolutionDescriptor_t, const miopenConvolutionAttrib_t, const int){
MIOpen(HIP): 	convDesc = conv3d, miopenConvolution, miopenPaddingDefault, {0, 0, 0}, {1, 2, 2}, {1, 1, 1}, 
MIOpen(HIP): 	attr = 1
MIOpen(HIP): 	value = 0
MIOpen(HIP): }
MIOpen(HIP): miopenStatus_t miopenConvolutionForward(miopenHandle_t, const void *, const miopenTensorDescriptor_t, const void *, const miopenTensorDescriptor_t, const void *, const miopenConvolutionDescriptor_t, miopenConvFwdAlgorithm_t, const void *, const miopenTensorDescriptor_t, void *, void *, size_t){
MIOpen(HIP): 	handle = stream: 0, device_id: 0
MIOpen(HIP): 	alpha = 0x7ffd68b9f548
MIOpen(HIP): 	xDesc = {1, 48, 1, 68, 50}, {163200, 1, 163200, 2400, 48}, packed, 
MIOpen(HIP): 	x = 0x7d705db9f600
MIOpen(HIP): 	wDesc = {3072, 48, 1, 2, 2}, {192, 1, 192, 96, 48}, packed, 
MIOpen(HIP): 	w = 0x7d6e34e00000
MIOpen(HIP): 	convDesc = conv3d, miopenConvolution, miopenPaddingDefault, {0, 0, 0}, {1, 2, 2}, {1, 1, 1}, 
MIOpen(HIP): 	algo = 5
MIOpen(HIP): 	beta = 0x7ffd68b9f550
MIOpen(HIP): 	yDesc = {1, 3072, 1, 34, 25}, {2611200, 1, 2611200, 76800, 3072}, packed, 
MIOpen(HIP): 	y = 0x7d6dd9c20000
MIOpen(HIP): 	workSpace = nullptr
MIOpen(HIP): 	workSpaceSize = 0
MIOpen(HIP): }
MIOpen(HIP): Command [LogCmdConvolution] ./bin/MIOpenDriver convbfp16 -n 1 -c 48 --in_d 1 -H 68 -W 50 -k 3072 --fil_d 1 -y 2 -x 2 --pad_d 0 -p 0 -q 0 --conv_stride_d 1 -u 2 -v 2 --dilation_d 1 -l 1 -j 1 --spatial_dim 3 --in_layout NDHWC --fil_layout NDHWC --out_layout NDHWC -m conv -g 1 -F 1 -t 1
MIOpen(HIP): Info [ConvolutionForward] algo = 5, workspace = 0
MIOpen(HIP): Info2 [GetInvoker] Returning an invoker for problem 48x1x68x50x1x2x2x3072x1x34x25x1xNDHWCxNDHWCxNDHWCxBF16x0x0x0x1x2x2x1x1x1x1xFxDefault and algorithm miopenConvolutionFwdAlgoImplicitGEMM
MIOpen(HIP): miopenStatus_t miopenDestroyConvolutionDescriptor(miopenConvolutionDescriptor_t){
MIOpen(HIP): 	convDesc = conv3d, miopenConvolution, miopenPaddingDefault, {0, 0, 0}, {1, 2, 2}, {1, 1, 1}, 
MIOpen(HIP): }
MIOpen(HIP): miopenStatus_t miopenDestroyTensorDescriptor(miopenTensorDescriptor_t){
MIOpen(HIP): 	tensorDesc = {3072, 48, 1, 2, 2}, {192, 1, 192, 96, 48}, packed, 
MIOpen(HIP): }
MIOpen(HIP): miopenStatus_t miopenDestroyTensorDescriptor(miopenTensorDescriptor_t){
MIOpen(HIP): 	tensorDesc = {1, 3072, 1, 34, 25}, {2611200, 1, 2611200, 76800, 3072}, packed, 
MIOpen(HIP): }
MIOpen(HIP): miopenStatus_t miopenDestroyTensorDescriptor(miopenTensorDescriptor_t){
MIOpen(HIP): 	tensorDesc = {1, 48, 1, 68, 50}, {163200, 1, 163200, 2400, 48}, packed, 
MIOpen(HIP): }
  6%|▌         | 3/50 [00:02<00:31,  1.48it/s]MIOpen(HIP): Info [get_device_name] Raw device name: gfx1100
MIOpen(HIP): Info [SetStream] stream: 0, device_id: 0
MIOpen(HIP): miopenStatus_t miopenCreateTensorDescriptor(miopenTensorDescriptor_t *){
MIOpen(HIP): 	tensorDesc = 0x5
MIOpen(HIP): }
MIOpen(HIP): miopenStatus_t miopenSetTensorDescriptor(miopenTensorDescriptor_t, miopenDataType_t, int, const int *, const int *){
MIOpen(HIP): 	tensorDesc = {}, {}, packed, 
MIOpen(HIP): 	dataType = 5
MIOpen(HIP): 	nbDims = 5
MIOpen(HIP): 	dim.values = { 1 48 1 68 50 }
MIOpen(HIP): 	stride.values = { 163200 1 163200 2400 48 }
MIOpen(HIP): }
MIOpen(HIP): miopenStatus_t miopenCreateTensorDescriptor(miopenTensorDescriptor_t *){
MIOpen(HIP): 	tensorDesc = 0x96000027d80
MIOpen(HIP): }
MIOpen(HIP): miopenStatus_t miopenSetTensorDescriptor(miopenTensorDescriptor_t, miopenDataType_t, int, const int *, const int *){
MIOpen(HIP): 	tensorDesc = {}, {}, packed, 
MIOpen(HIP): 	dataType = 5
MIOpen(HIP): 	nbDims = 5
MIOpen(HIP): 	dim.values = { 3072 48 1 2 2 }
MIOpen(HIP): 	stride.values = { 192 1 192 96 48 }
MIOpen(HIP): }
MIOpen(HIP): miopenStatus_t miopenCreateTensorDescriptor(miopenTensorDescriptor_t *){
MIOpen(HIP): 	tensorDesc = 0x7d7626d37df6
MIOpen(HIP): }
MIOpen(HIP): miopenStatus_t miopenSetTensorDescriptor(miopenTensorDescriptor_t, miopenDataType_t, int, const int *, const int *){
MIOpen(HIP): 	tensorDesc = {}, {}, packed, 
MIOpen(HIP): 	dataType = 5
MIOpen(HIP): 	nbDims = 5
MIOpen(HIP): 	dim.values = { 1 3072 1 34 25 }
MIOpen(HIP): 	stride.values = { 2611200 1 2611200 76800 3072 }
MIOpen(HIP): }
MIOpen(HIP): miopenStatus_t miopenCreateConvolutionDescriptor(miopenConvolutionDescriptor_t *){
MIOpen(HIP): 	convDesc = 0x7ffd68b9f800
MIOpen(HIP): }
MIOpen(HIP): miopenStatus_t miopenInitConvolutionNdDescriptor(miopenConvolutionDescriptor_t, int, const int *, const int *, const int *, miopenConvolutionMode_t){
MIOpen(HIP): 	convDesc = conv2d, miopenConvolution, miopenPaddingDefault, {0, 0}, {1, 1}, {1, 1}, 
MIOpen(HIP): 	spatialDim = 3
MIOpen(HIP): 	pads = { 0 0 0 }
MIOpen(HIP): 	strides = { 1 2 2 }
MIOpen(HIP): 	dilations = { 1 1 1 }
MIOpen(HIP): 	c_mode = 0
MIOpen(HIP): }
MIOpen(HIP): miopenStatus_t miopenSetConvolutionGroupCount(miopenConvolutionDescriptor_t, int){
MIOpen(HIP): 	convDesc = conv3d, miopenConvolution, miopenPaddingDefault, {0, 0, 0}, {1, 2, 2}, {1, 1, 1}, 
MIOpen(HIP): 	groupCount = 1
MIOpen(HIP): }
MIOpen(HIP): miopenStatus_t miopenSetConvolutionAttribute(miopenConvolutionDescriptor_t, const miopenConvolutionAttrib_t, const int){
MIOpen(HIP): 	convDesc = conv3d, miopenConvolution, miopenPaddingDefault, {0, 0, 0}, {1, 2, 2}, {1, 1, 1}, 
MIOpen(HIP): 	attr = 1
MIOpen(HIP): 	value = 0
MIOpen(HIP): }
MIOpen(HIP): miopenStatus_t miopenConvolutionForward(miopenHandle_t, const void *, const miopenTensorDescriptor_t, const void *, const miopenTensorDescriptor_t, const void *, const miopenConvolutionDescriptor_t, miopenConvFwdAlgorithm_t, const void *, const miopenTensorDescriptor_t, void *, void *, size_t){
MIOpen(HIP): 	handle = stream: 0, device_id: 0
MIOpen(HIP): 	alpha = 0x7ffd68b9f548
MIOpen(HIP): 	xDesc = {1, 48, 1, 68, 50}, {163200, 1, 163200, 2400, 48}, packed, 
MIOpen(HIP): 	x = 0x7d705db9f600
MIOpen(HIP): 	wDesc = {3072, 48, 1, 2, 2}, {192, 1, 192, 96, 48}, packed, 
MIOpen(HIP): 	w = 0x7d6e34e00000
MIOpen(HIP): 	convDesc = conv3d, miopenConvolution, miopenPaddingDefault, {0, 0, 0}, {1, 2, 2}, {1, 1, 1}, 
MIOpen(HIP): 	algo = 5
MIOpen(HIP): 	beta = 0x7ffd68b9f550
MIOpen(HIP): 	yDesc = {1, 3072, 1, 34, 25}, {2611200, 1, 2611200, 76800, 3072}, packed, 
MIOpen(HIP): 	y = 0x7d6dd9c20000
MIOpen(HIP): 	workSpace = nullptr
MIOpen(HIP): 	workSpaceSize = 0
MIOpen(HIP): }
MIOpen(HIP): Command [LogCmdConvolution] ./bin/MIOpenDriver convbfp16 -n 1 -c 48 --in_d 1 -H 68 -W 50 -k 3072 --fil_d 1 -y 2 -x 2 --pad_d 0 -p 0 -q 0 --conv_stride_d 1 -u 2 -v 2 --dilation_d 1 -l 1 -j 1 --spatial_dim 3 --in_layout NDHWC --fil_layout NDHWC --out_layout NDHWC -m conv -g 1 -F 1 -t 1
MIOpen(HIP): Info [ConvolutionForward] algo = 5, workspace = 0
MIOpen(HIP): Info2 [GetInvoker] Returning an invoker for problem 48x1x68x50x1x2x2x3072x1x34x25x1xNDHWCxNDHWCxNDHWCxBF16x0x0x0x1x2x2x1x1x1x1xFxDefault and algorithm miopenConvolutionFwdAlgoImplicitGEMM
MIOpen(HIP): miopenStatus_t miopenDestroyConvolutionDescriptor(miopenConvolutionDescriptor_t){
MIOpen(HIP): 	convDesc = conv3d, miopenConvolution, miopenPaddingDefault, {0, 0, 0}, {1, 2, 2}, {1, 1, 1}, 
MIOpen(HIP): }
MIOpen(HIP): miopenStatus_t miopenDestroyTensorDescriptor(miopenTensorDescriptor_t){
MIOpen(HIP): 	tensorDesc = {3072, 48, 1, 2, 2}, {192, 1, 192, 96, 48}, packed, 
MIOpen(HIP): }
MIOpen(HIP): miopenStatus_t miopenDestroyTensorDescriptor(miopenTensorDescriptor_t){
MIOpen(HIP): 	tensorDesc = {1, 3072, 1, 34, 25}, {2611200, 1, 2611200, 76800, 3072}, packed, 
MIOpen(HIP): }
MIOpen(HIP): miopenStatus_t miopenDestroyTensorDescriptor(miopenTensorDescriptor_t){
MIOpen(HIP): 	tensorDesc = {1, 48, 1, 68, 50}, {163200, 1, 163200, 2400, 48}, packed, 
MIOpen(HIP): }
MIOpen(HIP): Info [get_device_name] Raw device name: gfx1100
MIOpen(HIP): Info [SetStream] stream: 0, device_id: 0
MIOpen(HIP): miopenStatus_t miopenCreateTensorDescriptor(miopenTensorDescriptor_t *){
MIOpen(HIP): 	tensorDesc = 0x5
MIOpen(HIP): }
MIOpen(HIP): miopenStatus_t miopenSetTensorDescriptor(miopenTensorDescriptor_t, miopenDataType_t, int, const int *, const int *){
MIOpen(HIP): 	tensorDesc = {}, {}, packed, 
MIOpen(HIP): 	dataType = 5
MIOpen(HIP): 	nbDims = 5
MIOpen(HIP): 	dim.values = { 1 48 1 68 50 }
MIOpen(HIP): 	stride.values = { 163200 1 163200 2400 48 }
MIOpen(HIP): }
MIOpen(HIP): miopenStatus_t miopenCreateTensorDescriptor(miopenTensorDescriptor_t *){
MIOpen(HIP): 	tensorDesc = 0x96000027d80
MIOpen(HIP): }
MIOpen(HIP): miopenStatus_t miopenSetTensorDescriptor(miopenTensorDescriptor_t, miopenDataType_t, int, const int *, const int *){
MIOpen(HIP): 	tensorDesc = {}, {}, packed, 
MIOpen(HIP): 	dataType = 5
MIOpen(HIP): 	nbDims = 5
MIOpen(HIP): 	dim.values = { 3072 48 1 2 2 }
MIOpen(HIP): 	stride.values = { 192 1 192 96 48 }
MIOpen(HIP): }
MIOpen(HIP): miopenStatus_t miopenCreateTensorDescriptor(miopenTensorDescriptor_t *){
MIOpen(HIP): 	tensorDesc = 0x7d7626d37df6
MIOpen(HIP): }
MIOpen(HIP): miopenStatus_t miopenSetTensorDescriptor(miopenTensorDescriptor_t, miopenDataType_t, int, const int *, const int *){
MIOpen(HIP): 	tensorDesc = {}, {}, packed, 
MIOpen(HIP): 	dataType = 5
MIOpen(HIP): 	nbDims = 5
MIOpen(HIP): 	dim.values = { 1 3072 1 34 25 }
MIOpen(HIP): 	stride.values = { 2611200 1 2611200 76800 3072 }
MIOpen(HIP): }
MIOpen(HIP): miopenStatus_t miopenCreateConvolutionDescriptor(miopenConvolutionDescriptor_t *){
MIOpen(HIP): 	convDesc = 0x7ffd68b9f800
MIOpen(HIP): }
MIOpen(HIP): miopenStatus_t miopenInitConvolutionNdDescriptor(miopenConvolutionDescriptor_t, int, const int *, const int *, const int *, miopenConvolutionMode_t){
MIOpen(HIP): 	convDesc = conv2d, miopenConvolution, miopenPaddingDefault, {0, 0}, {1, 1}, {1, 1}, 
MIOpen(HIP): 	spatialDim = 3
MIOpen(HIP): 	pads = { 0 0 0 }
MIOpen(HIP): 	strides = { 1 2 2 }
MIOpen(HIP): 	dilations = { 1 1 1 }
MIOpen(HIP): 	c_mode = 0
MIOpen(HIP): }
MIOpen(HIP): miopenStatus_t miopenSetConvolutionGroupCount(miopenConvolutionDescriptor_t, int){
MIOpen(HIP): 	convDesc = conv3d, miopenConvolution, miopenPaddingDefault, {0, 0, 0}, {1, 2, 2}, {1, 1, 1}, 
MIOpen(HIP): 	groupCount = 1
MIOpen(HIP): }
MIOpen(HIP): miopenStatus_t miopenSetConvolutionAttribute(miopenConvolutionDescriptor_t, const miopenConvolutionAttrib_t, const int){
MIOpen(HIP): 	convDesc = conv3d, miopenConvolution, miopenPaddingDefault, {0, 0, 0}, {1, 2, 2}, {1, 1, 1}, 
MIOpen(HIP): 	attr = 1
MIOpen(HIP): 	value = 0
MIOpen(HIP): }
MIOpen(HIP): miopenStatus_t miopenConvolutionForward(miopenHandle_t, const void *, const miopenTensorDescriptor_t, const void *, const miopenTensorDescriptor_t, const void *, const miopenConvolutionDescriptor_t, miopenConvFwdAlgorithm_t, const void *, const miopenTensorDescriptor_t, void *, void *, size_t){
MIOpen(HIP): 	handle = stream: 0, device_id: 0
MIOpen(HIP): 	alpha = 0x7ffd68b9f548
MIOpen(HIP): 	xDesc = {1, 48, 1, 68, 50}, {163200, 1, 163200, 2400, 48}, packed, 
MIOpen(HIP): 	x = 0x7d705db9f600
MIOpen(HIP): 	wDesc = {3072, 48, 1, 2, 2}, {192, 1, 192, 96, 48}, packed, 
MIOpen(HIP): 	w = 0x7d6e34e00000
MIOpen(HIP): 	convDesc = conv3d, miopenConvolution, miopenPaddingDefault, {0, 0, 0}, {1, 2, 2}, {1, 1, 1}, 
MIOpen(HIP): 	algo = 5
MIOpen(HIP): 	beta = 0x7ffd68b9f550
MIOpen(HIP): 	yDesc = {1, 3072, 1, 34, 25}, {2611200, 1, 2611200, 76800, 3072}, packed, 
MIOpen(HIP): 	y = 0x7d6dd9c20000
MIOpen(HIP): 	workSpace = nullptr
MIOpen(HIP): 	workSpaceSize = 0
MIOpen(HIP): }
MIOpen(HIP): Command [LogCmdConvolution] ./bin/MIOpenDriver convbfp16 -n 1 -c 48 --in_d 1 -H 68 -W 50 -k 3072 --fil_d 1 -y 2 -x 2 --pad_d 0 -p 0 -q 0 --conv_stride_d 1 -u 2 -v 2 --dilation_d 1 -l 1 -j 1 --spatial_dim 3 --in_layout NDHWC --fil_layout NDHWC --out_layout NDHWC -m conv -g 1 -F 1 -t 1
MIOpen(HIP): Info [ConvolutionForward] algo = 5, workspace = 0
MIOpen(HIP): Info2 [GetInvoker] Returning an invoker for problem 48x1x68x50x1x2x2x3072x1x34x25x1xNDHWCxNDHWCxNDHWCxBF16x0x0x0x1x2x2x1x1x1x1xFxDefault and algorithm miopenConvolutionFwdAlgoImplicitGEMM
MIOpen(HIP): miopenStatus_t miopenDestroyConvolutionDescriptor(miopenConvolutionDescriptor_t){
MIOpen(HIP): 	convDesc = conv3d, miopenConvolution, miopenPaddingDefault, {0, 0, 0}, {1, 2, 2}, {1, 1, 1}, 
MIOpen(HIP): }
MIOpen(HIP): miopenStatus_t miopenDestroyTensorDescriptor(miopenTensorDescriptor_t){
MIOpen(HIP): 	tensorDesc = {3072, 48, 1, 2, 2}, {192, 1, 192, 96, 48}, packed, 
MIOpen(HIP): }
MIOpen(HIP): miopenStatus_t miopenDestroyTensorDescriptor(miopenTensorDescriptor_t){
MIOpen(HIP): 	tensorDesc = {1, 3072, 1, 34, 25}, {2611200, 1, 2611200, 76800, 3072}, packed, 
MIOpen(HIP): }
MIOpen(HIP): miopenStatus_t miopenDestroyTensorDescriptor(miopenTensorDescriptor_t){
MIOpen(HIP): 	tensorDesc = {1, 48, 1, 68, 50}, {163200, 1, 163200, 2400, 48}, packed, 
MIOpen(HIP): }
  8%|▊         | 4/50 [00:02<00:28,  1.62it/s]MIOpen(HIP): Info [get_device_name] Raw device name: gfx1100
MIOpen(HIP): Info [SetStream] stream: 0, device_id: 0
MIOpen(HIP): miopenStatus_t miopenCreateTensorDescriptor(miopenTensorDescriptor_t *){
MIOpen(HIP): 	tensorDesc = 0x5
MIOpen(HIP): }
MIOpen(HIP): miopenStatus_t miopenSetTensorDescriptor(miopenTensorDescriptor_t, miopenDataType_t, int, const int *, const int *){
MIOpen(HIP): 	tensorDesc = {}, {}, packed, 
MIOpen(HIP): 	dataType = 5
MIOpen(HIP): 	nbDims = 5
MIOpen(HIP): 	dim.values = { 1 48 1 68 50 }
MIOpen(HIP): 	stride.values = { 163200 1 163200 2400 48 }
MIOpen(HIP): }
MIOpen(HIP): miopenStatus_t miopenCreateTensorDescriptor(miopenTensorDescriptor_t *){
MIOpen(HIP): 	tensorDesc = 0x96000027d80
MIOpen(HIP): }
MIOpen(HIP): miopenStatus_t miopenSetTensorDescriptor(miopenTensorDescriptor_t, miopenDataType_t, int, const int *, const int *){
MIOpen(HIP): 	tensorDesc = {}, {}, packed, 
MIOpen(HIP): 	dataType = 5
MIOpen(HIP): 	nbDims = 5
MIOpen(HIP): 	dim.values = { 3072 48 1 2 2 }
MIOpen(HIP): 	stride.values = { 192 1 192 96 48 }
MIOpen(HIP): }
MIOpen(HIP): miopenStatus_t miopenCreateTensorDescriptor(miopenTensorDescriptor_t *){
MIOpen(HIP): 	tensorDesc = 0x7d7626d37df6
MIOpen(HIP): }
MIOpen(HIP): miopenStatus_t miopenSetTensorDescriptor(miopenTensorDescriptor_t, miopenDataType_t, int, const int *, const int *){
MIOpen(HIP): 	tensorDesc = {}, {}, packed, 
MIOpen(HIP): 	dataType = 5
MIOpen(HIP): 	nbDims = 5
MIOpen(HIP): 	dim.values = { 1 3072 1 34 25 }
MIOpen(HIP): 	stride.values = { 2611200 1 2611200 76800 3072 }
MIOpen(HIP): }
MIOpen(HIP): miopenStatus_t miopenCreateConvolutionDescriptor(miopenConvolutionDescriptor_t *){
MIOpen(HIP): 	convDesc = 0x7ffd68b9f800
MIOpen(HIP): }
MIOpen(HIP): miopenStatus_t miopenInitConvolutionNdDescriptor(miopenConvolutionDescriptor_t, int, const int *, const int *, const int *, miopenConvolutionMode_t){
MIOpen(HIP): 	convDesc = conv2d, miopenConvolution, miopenPaddingDefault, {0, 0}, {1, 1}, {1, 1}, 
MIOpen(HIP): 	spatialDim = 3
MIOpen(HIP): 	pads = { 0 0 0 }
MIOpen(HIP): 	strides = { 1 2 2 }
MIOpen(HIP): 	dilations = { 1 1 1 }
MIOpen(HIP): 	c_mode = 0
MIOpen(HIP): }
MIOpen(HIP): miopenStatus_t miopenSetConvolutionGroupCount(miopenConvolutionDescriptor_t, int){
MIOpen(HIP): 	convDesc = conv3d, miopenConvolution, miopenPaddingDefault, {0, 0, 0}, {1, 2, 2}, {1, 1, 1}, 
MIOpen(HIP): 	groupCount = 1
MIOpen(HIP): }
MIOpen(HIP): miopenStatus_t miopenSetConvolutionAttribute(miopenConvolutionDescriptor_t, const miopenConvolutionAttrib_t, const int){
MIOpen(HIP): 	convDesc = conv3d, miopenConvolution, miopenPaddingDefault, {0, 0, 0}, {1, 2, 2}, {1, 1, 1}, 
MIOpen(HIP): 	attr = 1
MIOpen(HIP): 	value = 0
MIOpen(HIP): }
MIOpen(HIP): miopenStatus_t miopenConvolutionForward(miopenHandle_t, const void *, const miopenTensorDescriptor_t, const void *, const miopenTensorDescriptor_t, const void *, const miopenConvolutionDescriptor_t, miopenConvFwdAlgorithm_t, const void *, const miopenTensorDescriptor_t, void *, void *, size_t){
MIOpen(HIP): 	handle = stream: 0, device_id: 0
MIOpen(HIP): 	alpha = 0x7ffd68b9f548
MIOpen(HIP): 	xDesc = {1, 48, 1, 68, 50}, {163200, 1, 163200, 2400, 48}, packed, 
MIOpen(HIP): 	x = 0x7d7062c9e800
MIOpen(HIP): 	wDesc = {3072, 48, 1, 2, 2}, {192, 1, 192, 96, 48}, packed, 
MIOpen(HIP): 	w = 0x7d6e34e00000
MIOpen(HIP): 	convDesc = conv3d, miopenConvolution, miopenPaddingDefault, {0, 0, 0}, {1, 2, 2}, {1, 1, 1}, 
MIOpen(HIP): 	algo = 5
MIOpen(HIP): 	beta = 0x7ffd68b9f550
MIOpen(HIP): 	yDesc = {1, 3072, 1, 34, 25}, {2611200, 1, 2611200, 76800, 3072}, packed, 
MIOpen(HIP): 	y = 0x7d6dd9c20000
MIOpen(HIP): 	workSpace = nullptr
MIOpen(HIP): 	workSpaceSize = 0
MIOpen(HIP): }
MIOpen(HIP): Command [LogCmdConvolution] ./bin/MIOpenDriver convbfp16 -n 1 -c 48 --in_d 1 -H 68 -W 50 -k 3072 --fil_d 1 -y 2 -x 2 --pad_d 0 -p 0 -q 0 --conv_stride_d 1 -u 2 -v 2 --dilation_d 1 -l 1 -j 1 --spatial_dim 3 --in_layout NDHWC --fil_layout NDHWC --out_layout NDHWC -m conv -g 1 -F 1 -t 1
MIOpen(HIP): Info [ConvolutionForward] algo = 5, workspace = 0
MIOpen(HIP): Info2 [GetInvoker] Returning an invoker for problem 48x1x68x50x1x2x2x3072x1x34x25x1xNDHWCxNDHWCxNDHWCxBF16x0x0x0x1x2x2x1x1x1x1xFxDefault and algorithm miopenConvolutionFwdAlgoImplicitGEMM
MIOpen(HIP): miopenStatus_t miopenDestroyConvolutionDescriptor(miopenConvolutionDescriptor_t){
MIOpen(HIP): 	convDesc = conv3d, miopenConvolution, miopenPaddingDefault, {0, 0, 0}, {1, 2, 2}, {1, 1, 1}, 
MIOpen(HIP): }
MIOpen(HIP): miopenStatus_t miopenDestroyTensorDescriptor(miopenTensorDescriptor_t){
MIOpen(HIP): 	tensorDesc = {3072, 48, 1, 2, 2}, {192, 1, 192, 96, 48}, packed, 
MIOpen(HIP): }
MIOpen(HIP): miopenStatus_t miopenDestroyTensorDescriptor(miopenTensorDescriptor_t){
MIOpen(HIP): 	tensorDesc = {1, 3072, 1, 34, 25}, {2611200, 1, 2611200, 76800, 3072}, packed, 
MIOpen(HIP): }
MIOpen(HIP): miopenStatus_t miopenDestroyTensorDescriptor(miopenTensorDescriptor_t){
MIOpen(HIP): 	tensorDesc = {1, 48, 1, 68, 50}, {163200, 1, 163200, 2400, 48}, packed, 
MIOpen(HIP): }
MIOpen(HIP): Info [get_device_name] Raw device name: gfx1100
MIOpen(HIP): Info [SetStream] stream: 0, device_id: 0
MIOpen(HIP): miopenStatus_t miopenCreateTensorDescriptor(miopenTensorDescriptor_t *){
MIOpen(HIP): 	tensorDesc = 0x5
MIOpen(HIP): }
MIOpen(HIP): miopenStatus_t miopenSetTensorDescriptor(miopenTensorDescriptor_t, miopenDataType_t, int, const int *, const int *){
MIOpen(HIP): 	tensorDesc = {}, {}, packed, 
MIOpen(HIP): 	dataType = 5
MIOpen(HIP): 	nbDims = 5
MIOpen(HIP): 	dim.values = { 1 48 1 68 50 }
MIOpen(HIP): 	stride.values = { 163200 1 163200 2400 48 }
MIOpen(HIP): }
MIOpen(HIP): miopenStatus_t miopenCreateTensorDescriptor(miopenTensorDescriptor_t *){
MIOpen(HIP): 	tensorDesc = 0x96000027d80
MIOpen(HIP): }
MIOpen(HIP): miopenStatus_t miopenSetTensorDescriptor(miopenTensorDescriptor_t, miopenDataType_t, int, const int *, const int *){
MIOpen(HIP): 	tensorDesc = {}, {}, packed, 
MIOpen(HIP): 	dataType = 5
MIOpen(HIP): 	nbDims = 5
MIOpen(HIP): 	dim.values = { 3072 48 1 2 2 }
MIOpen(HIP): 	stride.values = { 192 1 192 96 48 }
MIOpen(HIP): }
MIOpen(HIP): miopenStatus_t miopenCreateTensorDescriptor(miopenTensorDescriptor_t *){
MIOpen(HIP): 	tensorDesc = 0x7d7626d37df6
MIOpen(HIP): }
MIOpen(HIP): miopenStatus_t miopenSetTensorDescriptor(miopenTensorDescriptor_t, miopenDataType_t, int, const int *, const int *){
MIOpen(HIP): 	tensorDesc = {}, {}, packed, 
MIOpen(HIP): 	dataType = 5
MIOpen(HIP): 	nbDims = 5
MIOpen(HIP): 	dim.values = { 1 3072 1 34 25 }
MIOpen(HIP): 	stride.values = { 2611200 1 2611200 76800 3072 }
MIOpen(HIP): }
MIOpen(HIP): miopenStatus_t miopenCreateConvolutionDescriptor(miopenConvolutionDescriptor_t *){
MIOpen(HIP): 	convDesc = 0x7ffd68b9f800
MIOpen(HIP): }
MIOpen(HIP): miopenStatus_t miopenInitConvolutionNdDescriptor(miopenConvolutionDescriptor_t, int, const int *, const int *, const int *, miopenConvolutionMode_t){
MIOpen(HIP): 	convDesc = conv2d, miopenConvolution, miopenPaddingDefault, {0, 0}, {1, 1}, {1, 1}, 
MIOpen(HIP): 	spatialDim = 3
MIOpen(HIP): 	pads = { 0 0 0 }
MIOpen(HIP): 	strides = { 1 2 2 }
MIOpen(HIP): 	dilations = { 1 1 1 }
MIOpen(HIP): 	c_mode = 0
MIOpen(HIP): }
MIOpen(HIP): miopenStatus_t miopenSetConvolutionGroupCount(miopenConvolutionDescriptor_t, int){
MIOpen(HIP): 	convDesc = conv3d, miopenConvolution, miopenPaddingDefault, {0, 0, 0}, {1, 2, 2}, {1, 1, 1}, 
MIOpen(HIP): 	groupCount = 1
MIOpen(HIP): }
MIOpen(HIP): miopenStatus_t miopenSetConvolutionAttribute(miopenConvolutionDescriptor_t, const miopenConvolutionAttrib_t, const int){
MIOpen(HIP): 	convDesc = conv3d, miopenConvolution, miopenPaddingDefault, {0, 0, 0}, {1, 2, 2}, {1, 1, 1}, 
MIOpen(HIP): 	attr = 1
MIOpen(HIP): 	value = 0
MIOpen(HIP): }
MIOpen(HIP): miopenStatus_t miopenConvolutionForward(miopenHandle_t, const void *, const miopenTensorDescriptor_t, const void *, const miopenTensorDescriptor_t, const void *, const miopenConvolutionDescriptor_t, miopenConvFwdAlgorithm_t, const void *, const miopenTensorDescriptor_t, void *, void *, size_t){
MIOpen(HIP): 	handle = stream: 0, device_id: 0
MIOpen(HIP): 	alpha = 0x7ffd68b9f548
MIOpen(HIP): 	xDesc = {1, 48, 1, 68, 50}, {163200, 1, 163200, 2400, 48}, packed, 
MIOpen(HIP): 	x = 0x7d7062c9e800
MIOpen(HIP): 	wDesc = {3072, 48, 1, 2, 2}, {192, 1, 192, 96, 48}, packed, 
MIOpen(HIP): 	w = 0x7d6e34e00000
MIOpen(HIP): 	convDesc = conv3d, miopenConvolution, miopenPaddingDefault, {0, 0, 0}, {1, 2, 2}, {1, 1, 1}, 
MIOpen(HIP): 	algo = 5
MIOpen(HIP): 	beta = 0x7ffd68b9f550
MIOpen(HIP): 	yDesc = {1, 3072, 1, 34, 25}, {2611200, 1, 2611200, 76800, 3072}, packed, 
MIOpen(HIP): 	y = 0x7d6dd9c20000
MIOpen(HIP): 	workSpace = nullptr
MIOpen(HIP): 	workSpaceSize = 0
MIOpen(HIP): }
MIOpen(HIP): Command [LogCmdConvolution] ./bin/MIOpenDriver convbfp16 -n 1 -c 48 --in_d 1 -H 68 -W 50 -k 3072 --fil_d 1 -y 2 -x 2 --pad_d 0 -p 0 -q 0 --conv_stride_d 1 -u 2 -v 2 --dilation_d 1 -l 1 -j 1 --spatial_dim 3 --in_layout NDHWC --fil_layout NDHWC --out_layout NDHWC -m conv -g 1 -F 1 -t 1
MIOpen(HIP): Info [ConvolutionForward] algo = 5, workspace = 0
MIOpen(HIP): Info2 [GetInvoker] Returning an invoker for problem 48x1x68x50x1x2x2x3072x1x34x25x1xNDHWCxNDHWCxNDHWCxBF16x0x0x0x1x2x2x1x1x1x1xFxDefault and algorithm miopenConvolutionFwdAlgoImplicitGEMM
MIOpen(HIP): miopenStatus_t miopenDestroyConvolutionDescriptor(miopenConvolutionDescriptor_t){
MIOpen(HIP): 	convDesc = conv3d, miopenConvolution, miopenPaddingDefault, {0, 0, 0}, {1, 2, 2}, {1, 1, 1}, 
MIOpen(HIP): }
MIOpen(HIP): miopenStatus_t miopenDestroyTensorDescriptor(miopenTensorDescriptor_t){
MIOpen(HIP): 	tensorDesc = {3072, 48, 1, 2, 2}, {192, 1, 192, 96, 48}, packed, 
MIOpen(HIP): }
MIOpen(HIP): miopenStatus_t miopenDestroyTensorDescriptor(miopenTensorDescriptor_t){
MIOpen(HIP): 	tensorDesc = {1, 3072, 1, 34, 25}, {2611200, 1, 2611200, 76800, 3072}, packed, 
MIOpen(HIP): }
MIOpen(HIP): miopenStatus_t miopenDestroyTensorDescriptor(miopenTensorDescriptor_t){
MIOpen(HIP): 	tensorDesc = {1, 48, 1, 68, 50}, {163200, 1, 163200, 2400, 48}, packed, 
MIOpen(HIP): }
 10%|█         | 5/50 [00:03<00:26,  1.70it/s]MIOpen(HIP): Info [get_device_name] Raw device name: gfx1100
MIOpen(HIP): Info [SetStream] stream: 0, device_id: 0
MIOpen(HIP): miopenStatus_t miopenCreateTensorDescriptor(miopenTensorDescriptor_t *){
MIOpen(HIP): 	tensorDesc = 0x5
MIOpen(HIP): }
MIOpen(HIP): miopenStatus_t miopenSetTensorDescriptor(miopenTensorDescriptor_t, miopenDataType_t, int, const int *, const int *){
MIOpen(HIP): 	tensorDesc = {}, {}, packed, 
MIOpen(HIP): 	dataType = 5
MIOpen(HIP): 	nbDims = 5
MIOpen(HIP): 	dim.values = { 1 48 1 68 50 }
MIOpen(HIP): 	stride.values = { 163200 1 163200 2400 48 }
MIOpen(HIP): }
MIOpen(HIP): miopenStatus_t miopenCreateTensorDescriptor(miopenTensorDescriptor_t *){
MIOpen(HIP): 	tensorDesc = 0x96000027d80
MIOpen(HIP): }
MIOpen(HIP): miopenStatus_t miopenSetTensorDescriptor(miopenTensorDescriptor_t, miopenDataType_t, int, const int *, const int *){
MIOpen(HIP): 	tensorDesc = {}, {}, packed, 
MIOpen(HIP): 	dataType = 5
MIOpen(HIP): 	nbDims = 5
MIOpen(HIP): 	dim.values = { 3072 48 1 2 2 }
MIOpen(HIP): 	stride.values = { 192 1 192 96 48 }
MIOpen(HIP): }
MIOpen(HIP): miopenStatus_t miopenCreateTensorDescriptor(miopenTensorDescriptor_t *){
MIOpen(HIP): 	tensorDesc = 0x7d7626d37df6
MIOpen(HIP): }
MIOpen(HIP): miopenStatus_t miopenSetTensorDescriptor(miopenTensorDescriptor_t, miopenDataType_t, int, const int *, const int *){
MIOpen(HIP): 	tensorDesc = {}, {}, packed, 
MIOpen(HIP): 	dataType = 5
MIOpen(HIP): 	nbDims = 5
MIOpen(HIP): 	dim.values = { 1 3072 1 34 25 }
MIOpen(HIP): 	stride.values = { 2611200 1 2611200 76800 3072 }
MIOpen(HIP): }
MIOpen(HIP): miopenStatus_t miopenCreateConvolutionDescriptor(miopenConvolutionDescriptor_t *){
MIOpen(HIP): 	convDesc = 0x7ffd68b9f800
MIOpen(HIP): }
MIOpen(HIP): miopenStatus_t miopenInitConvolutionNdDescriptor(miopenConvolutionDescriptor_t, int, const int *, const int *, const int *, miopenConvolutionMode_t){
MIOpen(HIP): 	convDesc = conv2d, miopenConvolution, miopenPaddingDefault, {0, 0}, {1, 1}, {1, 1}, 
MIOpen(HIP): 	spatialDim = 3
MIOpen(HIP): 	pads = { 0 0 0 }
MIOpen(HIP): 	strides = { 1 2 2 }
MIOpen(HIP): 	dilations = { 1 1 1 }
MIOpen(HIP): 	c_mode = 0
MIOpen(HIP): }
MIOpen(HIP): miopenStatus_t miopenSetConvolutionGroupCount(miopenConvolutionDescriptor_t, int){
MIOpen(HIP): 	convDesc = conv3d, miopenConvolution, miopenPaddingDefault, {0, 0, 0}, {1, 2, 2}, {1, 1, 1}, 
MIOpen(HIP): 	groupCount = 1
MIOpen(HIP): }
MIOpen(HIP): miopenStatus_t miopenSetConvolutionAttribute(miopenConvolutionDescriptor_t, const miopenConvolutionAttrib_t, const int){
MIOpen(HIP): 	convDesc = conv3d, miopenConvolution, miopenPaddingDefault, {0, 0, 0}, {1, 2, 2}, {1, 1, 1}, 
MIOpen(HIP): 	attr = 1
MIOpen(HIP): 	value = 0
MIOpen(HIP): }
MIOpen(HIP): miopenStatus_t miopenConvolutionForward(miopenHandle_t, const void *, const miopenTensorDescriptor_t, const void *, const miopenTensorDescriptor_t, const void *, const miopenConvolutionDescriptor_t, miopenConvFwdAlgorithm_t, const void *, const miopenTensorDescriptor_t, void *, void *, size_t){
MIOpen(HIP): 	handle = stream: 0, device_id: 0
MIOpen(HIP): 	alpha = 0x7ffd68b9f548
MIOpen(HIP): 	xDesc = {1, 48, 1, 68, 50}, {163200, 1, 163200, 2400, 48}, packed, 
MIOpen(HIP): 	x = 0x7d705db00000
MIOpen(HIP): 	wDesc = {3072, 48, 1, 2, 2}, {192, 1, 192, 96, 48}, packed, 
MIOpen(HIP): 	w = 0x7d6e34e00000
MIOpen(HIP): 	convDesc = conv3d, miopenConvolution, miopenPaddingDefault, {0, 0, 0}, {1, 2, 2}, {1, 1, 1}, 
MIOpen(HIP): 	algo = 5
MIOpen(HIP): 	beta = 0x7ffd68b9f550
MIOpen(HIP): 	yDesc = {1, 3072, 1, 34, 25}, {2611200, 1, 2611200, 76800, 3072}, packed, 
MIOpen(HIP): 	y = 0x7d6dd9c20000
MIOpen(HIP): 	workSpace = nullptr
MIOpen(HIP): 	workSpaceSize = 0
MIOpen(HIP): }
MIOpen(HIP): Command [LogCmdConvolution] ./bin/MIOpenDriver convbfp16 -n 1 -c 48 --in_d 1 -H 68 -W 50 -k 3072 --fil_d 1 -y 2 -x 2 --pad_d 0 -p 0 -q 0 --conv_stride_d 1 -u 2 -v 2 --dilation_d 1 -l 1 -j 1 --spatial_dim 3 --in_layout NDHWC --fil_layout NDHWC --out_layout NDHWC -m conv -g 1 -F 1 -t 1
MIOpen(HIP): Info [ConvolutionForward] algo = 5, workspace = 0
MIOpen(HIP): Info2 [GetInvoker] Returning an invoker for problem 48x1x68x50x1x2x2x3072x1x34x25x1xNDHWCxNDHWCxNDHWCxBF16x0x0x0x1x2x2x1x1x1x1xFxDefault and algorithm miopenConvolutionFwdAlgoImplicitGEMM
MIOpen(HIP): miopenStatus_t miopenDestroyConvolutionDescriptor(miopenConvolutionDescriptor_t){
MIOpen(HIP): 	convDesc = conv3d, miopenConvolution, miopenPaddingDefault, {0, 0, 0}, {1, 2, 2}, {1, 1, 1}, 
MIOpen(HIP): }
MIOpen(HIP): miopenStatus_t miopenDestroyTensorDescriptor(miopenTensorDescriptor_t){
MIOpen(HIP): 	tensorDesc = {3072, 48, 1, 2, 2}, {192, 1, 192, 96, 48}, packed, 
MIOpen(HIP): }
MIOpen(HIP): miopenStatus_t miopenDestroyTensorDescriptor(miopenTensorDescriptor_t){
MIOpen(HIP): 	tensorDesc = {1, 3072, 1, 34, 25}, {2611200, 1, 2611200, 76800, 3072}, packed, 
MIOpen(HIP): }
MIOpen(HIP): miopenStatus_t miopenDestroyTensorDescriptor(miopenTensorDescriptor_t){
MIOpen(HIP): 	tensorDesc = {1, 48, 1, 68, 50}, {163200, 1, 163200, 2400, 48}, packed, 
MIOpen(HIP): }
MIOpen(HIP): Info [get_device_name] Raw device name: gfx1100
MIOpen(HIP): Info [SetStream] stream: 0, device_id: 0
MIOpen(HIP): miopenStatus_t miopenCreateTensorDescriptor(miopenTensorDescriptor_t *){
MIOpen(HIP): 	tensorDesc = 0x5
MIOpen(HIP): }
MIOpen(HIP): miopenStatus_t miopenSetTensorDescriptor(miopenTensorDescriptor_t, miopenDataType_t, int, const int *, const int *){
MIOpen(HIP): 	tensorDesc = {}, {}, packed, 
MIOpen(HIP): 	dataType = 5
MIOpen(HIP): 	nbDims = 5
MIOpen(HIP): 	dim.values = { 1 48 1 68 50 }
MIOpen(HIP): 	stride.values = { 163200 1 163200 2400 48 }
MIOpen(HIP): }
MIOpen(HIP): miopenStatus_t miopenCreateTensorDescriptor(miopenTensorDescriptor_t *){
MIOpen(HIP): 	tensorDesc = 0x96000027d80
MIOpen(HIP): }
MIOpen(HIP): miopenStatus_t miopenSetTensorDescriptor(miopenTensorDescriptor_t, miopenDataType_t, int, const int *, const int *){
MIOpen(HIP): 	tensorDesc = {}, {}, packed, 
MIOpen(HIP): 	dataType = 5
MIOpen(HIP): 	nbDims = 5
MIOpen(HIP): 	dim.values = { 3072 48 1 2 2 }
MIOpen(HIP): 	stride.values = { 192 1 192 96 48 }
MIOpen(HIP): }
MIOpen(HIP): miopenStatus_t miopenCreateTensorDescriptor(miopenTensorDescriptor_t *){
MIOpen(HIP): 	tensorDesc = 0x7d7626d37df6
MIOpen(HIP): }
MIOpen(HIP): miopenStatus_t miopenSetTensorDescriptor(miopenTensorDescriptor_t, miopenDataType_t, int, const int *, const int *){
MIOpen(HIP): 	tensorDesc = {}, {}, packed, 
MIOpen(HIP): 	dataType = 5
MIOpen(HIP): 	nbDims = 5
MIOpen(HIP): 	dim.values = { 1 3072 1 34 25 }
MIOpen(HIP): 	stride.values = { 2611200 1 2611200 76800 3072 }
MIOpen(HIP): }
MIOpen(HIP): miopenStatus_t miopenCreateConvolutionDescriptor(miopenConvolutionDescriptor_t *){
MIOpen(HIP): 	convDesc = 0x7ffd68b9f800
MIOpen(HIP): }
MIOpen(HIP): miopenStatus_t miopenInitConvolutionNdDescriptor(miopenConvolutionDescriptor_t, int, const int *, const int *, const int *, miopenConvolutionMode_t){
MIOpen(HIP): 	convDesc = conv2d, miopenConvolution, miopenPaddingDefault, {0, 0}, {1, 1}, {1, 1}, 
MIOpen(HIP): 	spatialDim = 3
MIOpen(HIP): 	pads = { 0 0 0 }
MIOpen(HIP): 	strides = { 1 2 2 }
MIOpen(HIP): 	dilations = { 1 1 1 }
MIOpen(HIP): 	c_mode = 0
MIOpen(HIP): }
MIOpen(HIP): miopenStatus_t miopenSetConvolutionGroupCount(miopenConvolutionDescriptor_t, int){
MIOpen(HIP): 	convDesc = conv3d, miopenConvolution, miopenPaddingDefault, {0, 0, 0}, {1, 2, 2}, {1, 1, 1}, 
MIOpen(HIP): 	groupCount = 1
MIOpen(HIP): }
MIOpen(HIP): miopenStatus_t miopenSetConvolutionAttribute(miopenConvolutionDescriptor_t, const miopenConvolutionAttrib_t, const int){
MIOpen(HIP): 	convDesc = conv3d, miopenConvolution, miopenPaddingDefault, {0, 0, 0}, {1, 2, 2}, {1, 1, 1}, 
MIOpen(HIP): 	attr = 1
MIOpen(HIP): 	value = 0
MIOpen(HIP): }
MIOpen(HIP): miopenStatus_t miopenConvolutionForward(miopenHandle_t, const void *, const miopenTensorDescriptor_t, const void *, const miopenTensorDescriptor_t, const void *, const miopenConvolutionDescriptor_t, miopenConvFwdAlgorithm_t, const void *, const miopenTensorDescriptor_t, void *, void *, size_t){
MIOpen(HIP): 	handle = stream: 0, device_id: 0
MIOpen(HIP): 	alpha = 0x7ffd68b9f548
MIOpen(HIP): 	xDesc = {1, 48, 1, 68, 50}, {163200, 1, 163200, 2400, 48}, packed, 
MIOpen(HIP): 	x = 0x7d705db00000
MIOpen(HIP): 	wDesc = {3072, 48, 1, 2, 2}, {192, 1, 192, 96, 48}, packed, 
MIOpen(HIP): 	w = 0x7d6e34e00000
MIOpen(HIP): 	convDesc = conv3d, miopenConvolution, miopenPaddingDefault, {0, 0, 0}, {1, 2, 2}, {1, 1, 1}, 
MIOpen(HIP): 	algo = 5
MIOpen(HIP): 	beta = 0x7ffd68b9f550
MIOpen(HIP): 	yDesc = {1, 3072, 1, 34, 25}, {2611200, 1, 2611200, 76800, 3072}, packed, 
MIOpen(HIP): 	y = 0x7d6dd9c20000
MIOpen(HIP): 	workSpace = nullptr
MIOpen(HIP): 	workSpaceSize = 0
MIOpen(HIP): }
MIOpen(HIP): Command [LogCmdConvolution] ./bin/MIOpenDriver convbfp16 -n 1 -c 48 --in_d 1 -H 68 -W 50 -k 3072 --fil_d 1 -y 2 -x 2 --pad_d 0 -p 0 -q 0 --conv_stride_d 1 -u 2 -v 2 --dilation_d 1 -l 1 -j 1 --spatial_dim 3 --in_layout NDHWC --fil_layout NDHWC --out_layout NDHWC -m conv -g 1 -F 1 -t 1
MIOpen(HIP): Info [ConvolutionForward] algo = 5, workspace = 0
MIOpen(HIP): Info2 [GetInvoker] Returning an invoker for problem 48x1x68x50x1x2x2x3072x1x34x25x1xNDHWCxNDHWCxNDHWCxBF16x0x0x0x1x2x2x1x1x1x1xFxDefault and algorithm miopenConvolutionFwdAlgoImplicitGEMM
MIOpen(HIP): miopenStatus_t miopenDestroyConvolutionDescriptor(miopenConvolutionDescriptor_t){
MIOpen(HIP): 	convDesc = conv3d, miopenConvolution, miopenPaddingDefault, {0, 0, 0}, {1, 2, 2}, {1, 1, 1}, 
MIOpen(HIP): }
MIOpen(HIP): miopenStatus_t miopenDestroyTensorDescriptor(miopenTensorDescriptor_t){
MIOpen(HIP): 	tensorDesc = {3072, 48, 1, 2, 2}, {192, 1, 192, 96, 48}, packed, 
MIOpen(HIP): }
MIOpen(HIP): miopenStatus_t miopenDestroyTensorDescriptor(miopenTensorDescriptor_t){
MIOpen(HIP): 	tensorDesc = {1, 3072, 1, 34, 25}, {2611200, 1, 2611200, 76800, 3072}, packed, 
MIOpen(HIP): }
MIOpen(HIP): miopenStatus_t miopenDestroyTensorDescriptor(miopenTensorDescriptor_t){
MIOpen(HIP): 	tensorDesc = {1, 48, 1, 68, 50}, {163200, 1, 163200, 2400, 48}, packed, 
MIOpen(HIP): }
 12%|█▏        | 6/50 [00:03<00:25,  1.76it/s]MIOpen(HIP): Info [get_device_name] Raw device name: gfx1100
MIOpen(HIP): Info [SetStream] stream: 0, device_id: 0
MIOpen(HIP): miopenStatus_t miopenCreateTensorDescriptor(miopenTensorDescriptor_t *){
MIOpen(HIP): 	tensorDesc = 0x5
MIOpen(HIP): }
MIOpen(HIP): miopenStatus_t miopenSetTensorDescriptor(miopenTensorDescriptor_t, miopenDataType_t, int, const int *, const int *){
MIOpen(HIP): 	tensorDesc = {}, {}, packed, 
MIOpen(HIP): 	dataType = 5
MIOpen(HIP): 	nbDims = 5
MIOpen(HIP): 	dim.values = { 1 48 1 68 50 }
MIOpen(HIP): 	stride.values = { 163200 1 163200 2400 48 }
MIOpen(HIP): }
MIOpen(HIP): miopenStatus_t miopenCreateTensorDescriptor(miopenTensorDescriptor_t *){
MIOpen(HIP): 	tensorDesc = 0x96000027d80
MIOpen(HIP): }
MIOpen(HIP): miopenStatus_t miopenSetTensorDescriptor(miopenTensorDescriptor_t, miopenDataType_t, int, const int *, const int *){
MIOpen(HIP): 	tensorDesc = {}, {}, packed, 
MIOpen(HIP): 	dataType = 5
MIOpen(HIP): 	nbDims = 5
MIOpen(HIP): 	dim.values = { 3072 48 1 2 2 }
MIOpen(HIP): 	stride.values = { 192 1 192 96 48 }
MIOpen(HIP): }
MIOpen(HIP): miopenStatus_t miopenCreateTensorDescriptor(miopenTensorDescriptor_t *){
MIOpen(HIP): 	tensorDesc = 0x7d7626d37df6
MIOpen(HIP): }
MIOpen(HIP): miopenStatus_t miopenSetTensorDescriptor(miopenTensorDescriptor_t, miopenDataType_t, int, const int *, const int *){
MIOpen(HIP): 	tensorDesc = {}, {}, packed, 
MIOpen(HIP): 	dataType = 5
MIOpen(HIP): 	nbDims = 5
MIOpen(HIP): 	dim.values = { 1 3072 1 34 25 }
MIOpen(HIP): 	stride.values = { 2611200 1 2611200 76800 3072 }
MIOpen(HIP): }
MIOpen(HIP): miopenStatus_t miopenCreateConvolutionDescriptor(miopenConvolutionDescriptor_t *){
MIOpen(HIP): 	convDesc = 0x7ffd68b9f800
MIOpen(HIP): }
MIOpen(HIP): miopenStatus_t miopenInitConvolutionNdDescriptor(miopenConvolutionDescriptor_t, int, const int *, const int *, const int *, miopenConvolutionMode_t){
MIOpen(HIP): 	convDesc = conv2d, miopenConvolution, miopenPaddingDefault, {0, 0}, {1, 1}, {1, 1}, 
MIOpen(HIP): 	spatialDim = 3
MIOpen(HIP): 	pads = { 0 0 0 }
MIOpen(HIP): 	strides = { 1 2 2 }
MIOpen(HIP): 	dilations = { 1 1 1 }
MIOpen(HIP): 	c_mode = 0
MIOpen(HIP): }
MIOpen(HIP): miopenStatus_t miopenSetConvolutionGroupCount(miopenConvolutionDescriptor_t, int){
MIOpen(HIP): 	convDesc = conv3d, miopenConvolution, miopenPaddingDefault, {0, 0, 0}, {1, 2, 2}, {1, 1, 1}, 
MIOpen(HIP): 	groupCount = 1
MIOpen(HIP): }
MIOpen(HIP): miopenStatus_t miopenSetConvolutionAttribute(miopenConvolutionDescriptor_t, const miopenConvolutionAttrib_t, const int){
MIOpen(HIP): 	convDesc = conv3d, miopenConvolution, miopenPaddingDefault, {0, 0, 0}, {1, 2, 2}, {1, 1, 1}, 
MIOpen(HIP): 	attr = 1
MIOpen(HIP): 	value = 0
MIOpen(HIP): }
MIOpen(HIP): miopenStatus_t miopenConvolutionForward(miopenHandle_t, const void *, const miopenTensorDescriptor_t, const void *, const miopenTensorDescriptor_t, const void *, const miopenConvolutionDescriptor_t, miopenConvFwdAlgorithm_t, const void *, const miopenTensorDescriptor_t, void *, void *, size_t){
MIOpen(HIP): 	handle = stream: 0, device_id: 0
MIOpen(HIP): 	alpha = 0x7ffd68b9f548
MIOpen(HIP): 	xDesc = {1, 48, 1, 68, 50}, {163200, 1, 163200, 2400, 48}, packed, 
MIOpen(HIP): 	x = 0x7d705db9f600
MIOpen(HIP): 	wDesc = {3072, 48, 1, 2, 2}, {192, 1, 192, 96, 48}, packed, 
MIOpen(HIP): 	w = 0x7d6e34e00000
MIOpen(HIP): 	convDesc = conv3d, miopenConvolution, miopenPaddingDefault, {0, 0, 0}, {1, 2, 2}, {1, 1, 1}, 
MIOpen(HIP): 	algo = 5
MIOpen(HIP): 	beta = 0x7ffd68b9f550
MIOpen(HIP): 	yDesc = {1, 3072, 1, 34, 25}, {2611200, 1, 2611200, 76800, 3072}, packed, 
MIOpen(HIP): 	y = 0x7d6dd9c20000
MIOpen(HIP): 	workSpace = nullptr
MIOpen(HIP): 	workSpaceSize = 0
MIOpen(HIP): }
MIOpen(HIP): Command [LogCmdConvolution] ./bin/MIOpenDriver convbfp16 -n 1 -c 48 --in_d 1 -H 68 -W 50 -k 3072 --fil_d 1 -y 2 -x 2 --pad_d 0 -p 0 -q 0 --conv_stride_d 1 -u 2 -v 2 --dilation_d 1 -l 1 -j 1 --spatial_dim 3 --in_layout NDHWC --fil_layout NDHWC --out_layout NDHWC -m conv -g 1 -F 1 -t 1
MIOpen(HIP): Info [ConvolutionForward] algo = 5, workspace = 0
MIOpen(HIP): Info2 [GetInvoker] Returning an invoker for problem 48x1x68x50x1x2x2x3072x1x34x25x1xNDHWCxNDHWCxNDHWCxBF16x0x0x0x1x2x2x1x1x1x1xFxDefault and algorithm miopenConvolutionFwdAlgoImplicitGEMM
MIOpen(HIP): miopenStatus_t miopenDestroyConvolutionDescriptor(miopenConvolutionDescriptor_t){
MIOpen(HIP): 	convDesc = conv3d, miopenConvolution, miopenPaddingDefault, {0, 0, 0}, {1, 2, 2}, {1, 1, 1}, 
MIOpen(HIP): }
MIOpen(HIP): miopenStatus_t miopenDestroyTensorDescriptor(miopenTensorDescriptor_t){
MIOpen(HIP): 	tensorDesc = {3072, 48, 1, 2, 2}, {192, 1, 192, 96, 48}, packed, 
MIOpen(HIP): }
MIOpen(HIP): miopenStatus_t miopenDestroyTensorDescriptor(miopenTensorDescriptor_t){
MIOpen(HIP): 	tensorDesc = {1, 3072, 1, 34, 25}, {2611200, 1, 2611200, 76800, 3072}, packed, 
MIOpen(HIP): }
MIOpen(HIP): miopenStatus_t miopenDestroyTensorDescriptor(miopenTensorDescriptor_t){
MIOpen(HIP): 	tensorDesc = {1, 48, 1, 68, 50}, {163200, 1, 163200, 2400, 48}, packed, 
MIOpen(HIP): }
MIOpen(HIP): Info [get_device_name] Raw device name: gfx1100
MIOpen(HIP): Info [SetStream] stream: 0, device_id: 0
MIOpen(HIP): miopenStatus_t miopenCreateTensorDescriptor(miopenTensorDescriptor_t *){
MIOpen(HIP): 	tensorDesc = 0x5
MIOpen(HIP): }
MIOpen(HIP): miopenStatus_t miopenSetTensorDescriptor(miopenTensorDescriptor_t, miopenDataType_t, int, const int *, const int *){
MIOpen(HIP): 	tensorDesc = {}, {}, packed, 
MIOpen(HIP): 	dataType = 5
MIOpen(HIP): 	nbDims = 5
MIOpen(HIP): 	dim.values = { 1 48 1 68 50 }
MIOpen(HIP): 	stride.values = { 163200 1 163200 2400 48 }
MIOpen(HIP): }
MIOpen(HIP): miopenStatus_t miopenCreateTensorDescriptor(miopenTensorDescriptor_t *){
MIOpen(HIP): 	tensorDesc = 0x96000027d80
MIOpen(HIP): }
MIOpen(HIP): miopenStatus_t miopenSetTensorDescriptor(miopenTensorDescriptor_t, miopenDataType_t, int, const int *, const int *){
MIOpen(HIP): 	tensorDesc = {}, {}, packed, 
MIOpen(HIP): 	dataType = 5
MIOpen(HIP): 	nbDims = 5
MIOpen(HIP): 	dim.values = { 3072 48 1 2 2 }
MIOpen(HIP): 	stride.values = { 192 1 192 96 48 }
MIOpen(HIP): }
MIOpen(HIP): miopenStatus_t miopenCreateTensorDescriptor(miopenTensorDescriptor_t *){
MIOpen(HIP): 	tensorDesc = 0x7d7626d37df6
MIOpen(HIP): }
MIOpen(HIP): miopenStatus_t miopenSetTensorDescriptor(miopenTensorDescriptor_t, miopenDataType_t, int, const int *, const int *){
MIOpen(HIP): 	tensorDesc = {}, {}, packed, 
MIOpen(HIP): 	dataType = 5
MIOpen(HIP): 	nbDims = 5
MIOpen(HIP): 	dim.values = { 1 3072 1 34 25 }
MIOpen(HIP): 	stride.values = { 2611200 1 2611200 76800 3072 }
MIOpen(HIP): }
MIOpen(HIP): miopenStatus_t miopenCreateConvolutionDescriptor(miopenConvolutionDescriptor_t *){
MIOpen(HIP): 	convDesc = 0x7ffd68b9f800
MIOpen(HIP): }
MIOpen(HIP): miopenStatus_t miopenInitConvolutionNdDescriptor(miopenConvolutionDescriptor_t, int, const int *, const int *, const int *, miopenConvolutionMode_t){
MIOpen(HIP): 	convDesc = conv2d, miopenConvolution, miopenPaddingDefault, {0, 0}, {1, 1}, {1, 1}, 
MIOpen(HIP): 	spatialDim = 3
MIOpen(HIP): 	pads = { 0 0 0 }
MIOpen(HIP): 	strides = { 1 2 2 }
MIOpen(HIP): 	dilations = { 1 1 1 }
MIOpen(HIP): 	c_mode = 0
MIOpen(HIP): }
MIOpen(HIP): miopenStatus_t miopenSetConvolutionGroupCount(miopenConvolutionDescriptor_t, int){
MIOpen(HIP): 	convDesc = conv3d, miopenConvolution, miopenPaddingDefault, {0, 0, 0}, {1, 2, 2}, {1, 1, 1}, 
MIOpen(HIP): 	groupCount = 1
MIOpen(HIP): }
MIOpen(HIP): miopenStatus_t miopenSetConvolutionAttribute(miopenConvolutionDescriptor_t, const miopenConvolutionAttrib_t, const int){
MIOpen(HIP): 	convDesc = conv3d, miopenConvolution, miopenPaddingDefault, {0, 0, 0}, {1, 2, 2}, {1, 1, 1}, 
MIOpen(HIP): 	attr = 1
MIOpen(HIP): 	value = 0
MIOpen(HIP): }
MIOpen(HIP): miopenStatus_t miopenConvolutionForward(miopenHandle_t, const void *, const miopenTensorDescriptor_t, const void *, const miopenTensorDescriptor_t, const void *, const miopenConvolutionDescriptor_t, miopenConvFwdAlgorithm_t, const void *, const miopenTensorDescriptor_t, void *, void *, size_t){
MIOpen(HIP): 	handle = stream: 0, device_id: 0
MIOpen(HIP): 	alpha = 0x7ffd68b9f548
MIOpen(HIP): 	xDesc = {1, 48, 1, 68, 50}, {163200, 1, 163200, 2400, 48}, packed, 
MIOpen(HIP): 	x = 0x7d705db9f600
MIOpen(HIP): 	wDesc = {3072, 48, 1, 2, 2}, {192, 1, 192, 96, 48}, packed, 
MIOpen(HIP): 	w = 0x7d6e34e00000
MIOpen(HIP): 	convDesc = conv3d, miopenConvolution, miopenPaddingDefault, {0, 0, 0}, {1, 2, 2}, {1, 1, 1}, 
MIOpen(HIP): 	algo = 5
MIOpen(HIP): 	beta = 0x7ffd68b9f550
MIOpen(HIP): 	yDesc = {1, 3072, 1, 34, 25}, {2611200, 1, 2611200, 76800, 3072}, packed, 
MIOpen(HIP): 	y = 0x7d6dd9c20000
MIOpen(HIP): 	workSpace = nullptr
MIOpen(HIP): 	workSpaceSize = 0
MIOpen(HIP): }
MIOpen(HIP): Command [LogCmdConvolution] ./bin/MIOpenDriver convbfp16 -n 1 -c 48 --in_d 1 -H 68 -W 50 -k 3072 --fil_d 1 -y 2 -x 2 --pad_d 0 -p 0 -q 0 --conv_stride_d 1 -u 2 -v 2 --dilation_d 1 -l 1 -j 1 --spatial_dim 3 --in_layout NDHWC --fil_layout NDHWC --out_layout NDHWC -m conv -g 1 -F 1 -t 1
MIOpen(HIP): Info [ConvolutionForward] algo = 5, workspace = 0
MIOpen(HIP): Info2 [GetInvoker] Returning an invoker for problem 48x1x68x50x1x2x2x3072x1x34x25x1xNDHWCxNDHWCxNDHWCxBF16x0x0x0x1x2x2x1x1x1x1xFxDefault and algorithm miopenConvolutionFwdAlgoImplicitGEMM
MIOpen(HIP): miopenStatus_t miopenDestroyConvolutionDescriptor(miopenConvolutionDescriptor_t){
MIOpen(HIP): 	convDesc = conv3d, miopenConvolution, miopenPaddingDefault, {0, 0, 0}, {1, 2, 2}, {1, 1, 1}, 
MIOpen(HIP): }
MIOpen(HIP): miopenStatus_t miopenDestroyTensorDescriptor(miopenTensorDescriptor_t){
MIOpen(HIP): 	tensorDesc = {3072, 48, 1, 2, 2}, {192, 1, 192, 96, 48}, packed, 
MIOpen(HIP): }
MIOpen(HIP): miopenStatus_t miopenDestroyTensorDescriptor(miopenTensorDescriptor_t){
MIOpen(HIP): 	tensorDesc = {1, 3072, 1, 34, 25}, {2611200, 1, 2611200, 76800, 3072}, packed, 
MIOpen(HIP): }
MIOpen(HIP): miopenStatus_t miopenDestroyTensorDescriptor(miopenTensorDescriptor_t){
MIOpen(HIP): 	tensorDesc = {1, 48, 1, 68, 50}, {163200, 1, 163200, 2400, 48}, packed, 
MIOpen(HIP): }
 14%|█▍        | 7/50 [00:04<00:23,  1.79it/s]MIOpen(HIP): Info [get_device_name] Raw device name: gfx1100
MIOpen(HIP): Info [SetStream] stream: 0, device_id: 0
MIOpen(HIP): miopenStatus_t miopenCreateTensorDescriptor(miopenTensorDescriptor_t *){
MIOpen(HIP): 	tensorDesc = 0x5
MIOpen(HIP): }
MIOpen(HIP): miopenStatus_t miopenSetTensorDescriptor(miopenTensorDescriptor_t, miopenDataType_t, int, const int *, const int *){
MIOpen(HIP): 	tensorDesc = {}, {}, packed, 
MIOpen(HIP): 	dataType = 5
MIOpen(HIP): 	nbDims = 5
MIOpen(HIP): 	dim.values = { 1 48 1 68 50 }
MIOpen(HIP): 	stride.values = { 163200 1 163200 2400 48 }
MIOpen(HIP): }
MIOpen(HIP): miopenStatus_t miopenCreateTensorDescriptor(miopenTensorDescriptor_t *){
MIOpen(HIP): 	tensorDesc = 0x96000027d80
MIOpen(HIP): }
MIOpen(HIP): miopenStatus_t miopenSetTensorDescriptor(miopenTensorDescriptor_t, miopenDataType_t, int, const int *, const int *){
MIOpen(HIP): 	tensorDesc = {}, {}, packed, 
MIOpen(HIP): 	dataType = 5
MIOpen(HIP): 	nbDims = 5
MIOpen(HIP): 	dim.values = { 3072 48 1 2 2 }
MIOpen(HIP): 	stride.values = { 192 1 192 96 48 }
MIOpen(HIP): }
MIOpen(HIP): miopenStatus_t miopenCreateTensorDescriptor(miopenTensorDescriptor_t *){
MIOpen(HIP): 	tensorDesc = 0x7d7626d37df6
MIOpen(HIP): }
MIOpen(HIP): miopenStatus_t miopenSetTensorDescriptor(miopenTensorDescriptor_t, miopenDataType_t, int, const int *, const int *){
MIOpen(HIP): 	tensorDesc = {}, {}, packed, 
MIOpen(HIP): 	dataType = 5
MIOpen(HIP): 	nbDims = 5
MIOpen(HIP): 	dim.values = { 1 3072 1 34 25 }
MIOpen(HIP): 	stride.values = { 2611200 1 2611200 76800 3072 }
MIOpen(HIP): }
MIOpen(HIP): miopenStatus_t miopenCreateConvolutionDescriptor(miopenConvolutionDescriptor_t *){
MIOpen(HIP): 	convDesc = 0x7ffd68b9f800
MIOpen(HIP): }
MIOpen(HIP): miopenStatus_t miopenInitConvolutionNdDescriptor(miopenConvolutionDescriptor_t, int, const int *, const int *, const int *, miopenConvolutionMode_t){
MIOpen(HIP): 	convDesc = conv2d, miopenConvolution, miopenPaddingDefault, {0, 0}, {1, 1}, {1, 1}, 
MIOpen(HIP): 	spatialDim = 3
MIOpen(HIP): 	pads = { 0 0 0 }
MIOpen(HIP): 	strides = { 1 2 2 }
MIOpen(HIP): 	dilations = { 1 1 1 }
MIOpen(HIP): 	c_mode = 0
MIOpen(HIP): }
MIOpen(HIP): miopenStatus_t miopenSetConvolutionGroupCount(miopenConvolutionDescriptor_t, int){
MIOpen(HIP): 	convDesc = conv3d, miopenConvolution, miopenPaddingDefault, {0, 0, 0}, {1, 2, 2}, {1, 1, 1}, 
MIOpen(HIP): 	groupCount = 1
MIOpen(HIP): }
MIOpen(HIP): miopenStatus_t miopenSetConvolutionAttribute(miopenConvolutionDescriptor_t, const miopenConvolutionAttrib_t, const int){
MIOpen(HIP): 	convDesc = conv3d, miopenConvolution, miopenPaddingDefault, {0, 0, 0}, {1, 2, 2}, {1, 1, 1}, 
MIOpen(HIP): 	attr = 1
MIOpen(HIP): 	value = 0
MIOpen(HIP): }
MIOpen(HIP): miopenStatus_t miopenConvolutionForward(miopenHandle_t, const void *, const miopenTensorDescriptor_t, const void *, const miopenTensorDescriptor_t, const void *, const miopenConvolutionDescriptor_t, miopenConvFwdAlgorithm_t, const void *, const miopenTensorDescriptor_t, void *, void *, size_t){
MIOpen(HIP): 	handle = stream: 0, device_id: 0
MIOpen(HIP): 	alpha = 0x7ffd68b9f548
MIOpen(HIP): 	xDesc = {1, 48, 1, 68, 50}, {163200, 1, 163200, 2400, 48}, packed, 
MIOpen(HIP): 	x = 0x7d705db9f600
MIOpen(HIP): 	wDesc = {3072, 48, 1, 2, 2}, {192, 1, 192, 96, 48}, packed, 
MIOpen(HIP): 	w = 0x7d6e34e00000
MIOpen(HIP): 	convDesc = conv3d, miopenConvolution, miopenPaddingDefault, {0, 0, 0}, {1, 2, 2}, {1, 1, 1}, 
MIOpen(HIP): 	algo = 5
MIOpen(HIP): 	beta = 0x7ffd68b9f550
MIOpen(HIP): 	yDesc = {1, 3072, 1, 34, 25}, {2611200, 1, 2611200, 76800, 3072}, packed, 
MIOpen(HIP): 	y = 0x7d6dd9c20000
MIOpen(HIP): 	workSpace = nullptr
MIOpen(HIP): 	workSpaceSize = 0
MIOpen(HIP): }
MIOpen(HIP): Command [LogCmdConvolution] ./bin/MIOpenDriver convbfp16 -n 1 -c 48 --in_d 1 -H 68 -W 50 -k 3072 --fil_d 1 -y 2 -x 2 --pad_d 0 -p 0 -q 0 --conv_stride_d 1 -u 2 -v 2 --dilation_d 1 -l 1 -j 1 --spatial_dim 3 --in_layout NDHWC --fil_layout NDHWC --out_layout NDHWC -m conv -g 1 -F 1 -t 1
MIOpen(HIP): Info [ConvolutionForward] algo = 5, workspace = 0
MIOpen(HIP): Info2 [GetInvoker] Returning an invoker for problem 48x1x68x50x1x2x2x3072x1x34x25x1xNDHWCxNDHWCxNDHWCxBF16x0x0x0x1x2x2x1x1x1x1xFxDefault and algorithm miopenConvolutionFwdAlgoImplicitGEMM
MIOpen(HIP): miopenStatus_t miopenDestroyConvolutionDescriptor(miopenConvolutionDescriptor_t){
MIOpen(HIP): 	convDesc = conv3d, miopenConvolution, miopenPaddingDefault, {0, 0, 0}, {1, 2, 2}, {1, 1, 1}, 
MIOpen(HIP): }
MIOpen(HIP): miopenStatus_t miopenDestroyTensorDescriptor(miopenTensorDescriptor_t){
MIOpen(HIP): 	tensorDesc = {3072, 48, 1, 2, 2}, {192, 1, 192, 96, 48}, packed, 
MIOpen(HIP): }
MIOpen(HIP): miopenStatus_t miopenDestroyTensorDescriptor(miopenTensorDescriptor_t){
MIOpen(HIP): 	tensorDesc = {1, 3072, 1, 34, 25}, {2611200, 1, 2611200, 76800, 3072}, packed, 
MIOpen(HIP): }
MIOpen(HIP): miopenStatus_t miopenDestroyTensorDescriptor(miopenTensorDescriptor_t){
MIOpen(HIP): 	tensorDesc = {1, 48, 1, 68, 50}, {163200, 1, 163200, 2400, 48}, packed, 
MIOpen(HIP): }
MIOpen(HIP): Info [get_device_name] Raw device name: gfx1100
MIOpen(HIP): Info [SetStream] stream: 0, device_id: 0
MIOpen(HIP): miopenStatus_t miopenCreateTensorDescriptor(miopenTensorDescriptor_t *){
MIOpen(HIP): 	tensorDesc = 0x5
MIOpen(HIP): }
MIOpen(HIP): miopenStatus_t miopenSetTensorDescriptor(miopenTensorDescriptor_t, miopenDataType_t, int, const int *, const int *){
MIOpen(HIP): 	tensorDesc = {}, {}, packed, 
MIOpen(HIP): 	dataType = 5
MIOpen(HIP): 	nbDims = 5
MIOpen(HIP): 	dim.values = { 1 48 1 68 50 }
MIOpen(HIP): 	stride.values = { 163200 1 163200 2400 48 }
MIOpen(HIP): }
MIOpen(HIP): miopenStatus_t miopenCreateTensorDescriptor(miopenTensorDescriptor_t *){
MIOpen(HIP): 	tensorDesc = 0x96000027d80
MIOpen(HIP): }
MIOpen(HIP): miopenStatus_t miopenSetTensorDescriptor(miopenTensorDescriptor_t, miopenDataType_t, int, const int *, const int *){
MIOpen(HIP): 	tensorDesc = {}, {}, packed, 
MIOpen(HIP): 	dataType = 5
MIOpen(HIP): 	nbDims = 5
MIOpen(HIP): 	dim.values = { 3072 48 1 2 2 }
MIOpen(HIP): 	stride.values = { 192 1 192 96 48 }
MIOpen(HIP): }
MIOpen(HIP): miopenStatus_t miopenCreateTensorDescriptor(miopenTensorDescriptor_t *){
MIOpen(HIP): 	tensorDesc = 0x7d7626d37df6
MIOpen(HIP): }
MIOpen(HIP): miopenStatus_t miopenSetTensorDescriptor(miopenTensorDescriptor_t, miopenDataType_t, int, const int *, const int *){
MIOpen(HIP): 	tensorDesc = {}, {}, packed, 
MIOpen(HIP): 	dataType = 5
MIOpen(HIP): 	nbDims = 5
MIOpen(HIP): 	dim.values = { 1 3072 1 34 25 }
MIOpen(HIP): 	stride.values = { 2611200 1 2611200 76800 3072 }
MIOpen(HIP): }
MIOpen(HIP): miopenStatus_t miopenCreateConvolutionDescriptor(miopenConvolutionDescriptor_t *){
MIOpen(HIP): 	convDesc = 0x7ffd68b9f800
MIOpen(HIP): }
MIOpen(HIP): miopenStatus_t miopenInitConvolutionNdDescriptor(miopenConvolutionDescriptor_t, int, const int *, const int *, const int *, miopenConvolutionMode_t){
MIOpen(HIP): 	convDesc = conv2d, miopenConvolution, miopenPaddingDefault, {0, 0}, {1, 1}, {1, 1}, 
MIOpen(HIP): 	spatialDim = 3
MIOpen(HIP): 	pads = { 0 0 0 }
MIOpen(HIP): 	strides = { 1 2 2 }
MIOpen(HIP): 	dilations = { 1 1 1 }
MIOpen(HIP): 	c_mode = 0
MIOpen(HIP): }
MIOpen(HIP): miopenStatus_t miopenSetConvolutionGroupCount(miopenConvolutionDescriptor_t, int){
MIOpen(HIP): 	convDesc = conv3d, miopenConvolution, miopenPaddingDefault, {0, 0, 0}, {1, 2, 2}, {1, 1, 1}, 
MIOpen(HIP): 	groupCount = 1
MIOpen(HIP): }
MIOpen(HIP): miopenStatus_t miopenSetConvolutionAttribute(miopenConvolutionDescriptor_t, const miopenConvolutionAttrib_t, const int){
MIOpen(HIP): 	convDesc = conv3d, miopenConvolution, miopenPaddingDefault, {0, 0, 0}, {1, 2, 2}, {1, 1, 1}, 
MIOpen(HIP): 	attr = 1
MIOpen(HIP): 	value = 0
MIOpen(HIP): }
MIOpen(HIP): miopenStatus_t miopenConvolutionForward(miopenHandle_t, const void *, const miopenTensorDescriptor_t, const void *, const miopenTensorDescriptor_t, const void *, const miopenConvolutionDescriptor_t, miopenConvFwdAlgorithm_t, const void *, const miopenTensorDescriptor_t, void *, void *, size_t){
MIOpen(HIP): 	handle = stream: 0, device_id: 0
MIOpen(HIP): 	alpha = 0x7ffd68b9f548
MIOpen(HIP): 	xDesc = {1, 48, 1, 68, 50}, {163200, 1, 163200, 2400, 48}, packed, 
MIOpen(HIP): 	x = 0x7d705db9f600
MIOpen(HIP): 	wDesc = {3072, 48, 1, 2, 2}, {192, 1, 192, 96, 48}, packed, 
MIOpen(HIP): 	w = 0x7d6e34e00000
MIOpen(HIP): 	convDesc = conv3d, miopenConvolution, miopenPaddingDefault, {0, 0, 0}, {1, 2, 2}, {1, 1, 1}, 
MIOpen(HIP): 	algo = 5
MIOpen(HIP): 	beta = 0x7ffd68b9f550
MIOpen(HIP): 	yDesc = {1, 3072, 1, 34, 25}, {2611200, 1, 2611200, 76800, 3072}, packed, 
MIOpen(HIP): 	y = 0x7d6dd9c20000
MIOpen(HIP): 	workSpace = nullptr
MIOpen(HIP): 	workSpaceSize = 0
MIOpen(HIP): }
MIOpen(HIP): Command [LogCmdConvolution] ./bin/MIOpenDriver convbfp16 -n 1 -c 48 --in_d 1 -H 68 -W 50 -k 3072 --fil_d 1 -y 2 -x 2 --pad_d 0 -p 0 -q 0 --conv_stride_d 1 -u 2 -v 2 --dilation_d 1 -l 1 -j 1 --spatial_dim 3 --in_layout NDHWC --fil_layout NDHWC --out_layout NDHWC -m conv -g 1 -F 1 -t 1
MIOpen(HIP): Info [ConvolutionForward] algo = 5, workspace = 0
MIOpen(HIP): Info2 [GetInvoker] Returning an invoker for problem 48x1x68x50x1x2x2x3072x1x34x25x1xNDHWCxNDHWCxNDHWCxBF16x0x0x0x1x2x2x1x1x1x1xFxDefault and algorithm miopenConvolutionFwdAlgoImplicitGEMM
MIOpen(HIP): miopenStatus_t miopenDestroyConvolutionDescriptor(miopenConvolutionDescriptor_t){
MIOpen(HIP): 	convDesc = conv3d, miopenConvolution, miopenPaddingDefault, {0, 0, 0}, {1, 2, 2}, {1, 1, 1}, 
MIOpen(HIP): }
MIOpen(HIP): miopenStatus_t miopenDestroyTensorDescriptor(miopenTensorDescriptor_t){
MIOpen(HIP): 	tensorDesc = {3072, 48, 1, 2, 2}, {192, 1, 192, 96, 48}, packed, 
MIOpen(HIP): }
MIOpen(HIP): miopenStatus_t miopenDestroyTensorDescriptor(miopenTensorDescriptor_t){
MIOpen(HIP): 	tensorDesc = {1, 3072, 1, 34, 25}, {2611200, 1, 2611200, 76800, 3072}, packed, 
MIOpen(HIP): }
MIOpen(HIP): miopenStatus_t miopenDestroyTensorDescriptor(miopenTensorDescriptor_t){
MIOpen(HIP): 	tensorDesc = {1, 48, 1, 68, 50}, {163200, 1, 163200, 2400, 48}, packed, 
MIOpen(HIP): }
 16%|█▌        | 8/50 [00:04<00:23,  1.82it/s]MIOpen(HIP): Info [get_device_name] Raw device name: gfx1100
MIOpen(HIP): Info [SetStream] stream: 0, device_id: 0
MIOpen(HIP): miopenStatus_t miopenCreateTensorDescriptor(miopenTensorDescriptor_t *){
MIOpen(HIP): 	tensorDesc = 0x5
MIOpen(HIP): }
MIOpen(HIP): miopenStatus_t miopenSetTensorDescriptor(miopenTensorDescriptor_t, miopenDataType_t, int, const int *, const int *){
MIOpen(HIP): 	tensorDesc = {}, {}, packed, 
MIOpen(HIP): 	dataType = 5
MIOpen(HIP): 	nbDims = 5
MIOpen(HIP): 	dim.values = { 1 48 1 68 50 }
MIOpen(HIP): 	stride.values = { 163200 1 163200 2400 48 }
MIOpen(HIP): }
MIOpen(HIP): miopenStatus_t miopenCreateTensorDescriptor(miopenTensorDescriptor_t *){
MIOpen(HIP): 	tensorDesc = 0x96000027d80
MIOpen(HIP): }
MIOpen(HIP): miopenStatus_t miopenSetTensorDescriptor(miopenTensorDescriptor_t, miopenDataType_t, int, const int *, const int *){
MIOpen(HIP): 	tensorDesc = {}, {}, packed, 
MIOpen(HIP): 	dataType = 5
MIOpen(HIP): 	nbDims = 5
MIOpen(HIP): 	dim.values = { 3072 48 1 2 2 }
MIOpen(HIP): 	stride.values = { 192 1 192 96 48 }
MIOpen(HIP): }
MIOpen(HIP): miopenStatus_t miopenCreateTensorDescriptor(miopenTensorDescriptor_t *){
MIOpen(HIP): 	tensorDesc = 0x7d7626d37df6
MIOpen(HIP): }
MIOpen(HIP): miopenStatus_t miopenSetTensorDescriptor(miopenTensorDescriptor_t, miopenDataType_t, int, const int *, const int *){
MIOpen(HIP): 	tensorDesc = {}, {}, packed, 
MIOpen(HIP): 	dataType = 5
MIOpen(HIP): 	nbDims = 5
MIOpen(HIP): 	dim.values = { 1 3072 1 34 25 }
MIOpen(HIP): 	stride.values = { 2611200 1 2611200 76800 3072 }
MIOpen(HIP): }
MIOpen(HIP): miopenStatus_t miopenCreateConvolutionDescriptor(miopenConvolutionDescriptor_t *){
MIOpen(HIP): 	convDesc = 0x7ffd68b9f800
MIOpen(HIP): }
MIOpen(HIP): miopenStatus_t miopenInitConvolutionNdDescriptor(miopenConvolutionDescriptor_t, int, const int *, const int *, const int *, miopenConvolutionMode_t){
MIOpen(HIP): 	convDesc = conv2d, miopenConvolution, miopenPaddingDefault, {0, 0}, {1, 1}, {1, 1}, 
MIOpen(HIP): 	spatialDim = 3
MIOpen(HIP): 	pads = { 0 0 0 }
MIOpen(HIP): 	strides = { 1 2 2 }
MIOpen(HIP): 	dilations = { 1 1 1 }
MIOpen(HIP): 	c_mode = 0
MIOpen(HIP): }
MIOpen(HIP): miopenStatus_t miopenSetConvolutionGroupCount(miopenConvolutionDescriptor_t, int){
MIOpen(HIP): 	convDesc = conv3d, miopenConvolution, miopenPaddingDefault, {0, 0, 0}, {1, 2, 2}, {1, 1, 1}, 
MIOpen(HIP): 	groupCount = 1
MIOpen(HIP): }
MIOpen(HIP): miopenStatus_t miopenSetConvolutionAttribute(miopenConvolutionDescriptor_t, const miopenConvolutionAttrib_t, const int){
MIOpen(HIP): 	convDesc = conv3d, miopenConvolution, miopenPaddingDefault, {0, 0, 0}, {1, 2, 2}, {1, 1, 1}, 
MIOpen(HIP): 	attr = 1
MIOpen(HIP): 	value = 0
MIOpen(HIP): }
MIOpen(HIP): miopenStatus_t miopenConvolutionForward(miopenHandle_t, const void *, const miopenTensorDescriptor_t, const void *, const miopenTensorDescriptor_t, const void *, const miopenConvolutionDescriptor_t, miopenConvFwdAlgorithm_t, const void *, const miopenTensorDescriptor_t, void *, void *, size_t){
MIOpen(HIP): 	handle = stream: 0, device_id: 0
MIOpen(HIP): 	alpha = 0x7ffd68b9f548
MIOpen(HIP): 	xDesc = {1, 48, 1, 68, 50}, {163200, 1, 163200, 2400, 48}, packed, 
MIOpen(HIP): 	x = 0x7d705db9f600
MIOpen(HIP): 	wDesc = {3072, 48, 1, 2, 2}, {192, 1, 192, 96, 48}, packed, 
MIOpen(HIP): 	w = 0x7d6e34e00000
MIOpen(HIP): 	convDesc = conv3d, miopenConvolution, miopenPaddingDefault, {0, 0, 0}, {1, 2, 2}, {1, 1, 1}, 
MIOpen(HIP): 	algo = 5
MIOpen(HIP): 	beta = 0x7ffd68b9f550
MIOpen(HIP): 	yDesc = {1, 3072, 1, 34, 25}, {2611200, 1, 2611200, 76800, 3072}, packed, 
MIOpen(HIP): 	y = 0x7d6dd9c20000
MIOpen(HIP): 	workSpace = nullptr
MIOpen(HIP): 	workSpaceSize = 0
MIOpen(HIP): }
MIOpen(HIP): Command [LogCmdConvolution] ./bin/MIOpenDriver convbfp16 -n 1 -c 48 --in_d 1 -H 68 -W 50 -k 3072 --fil_d 1 -y 2 -x 2 --pad_d 0 -p 0 -q 0 --conv_stride_d 1 -u 2 -v 2 --dilation_d 1 -l 1 -j 1 --spatial_dim 3 --in_layout NDHWC --fil_layout NDHWC --out_layout NDHWC -m conv -g 1 -F 1 -t 1
MIOpen(HIP): Info [ConvolutionForward] algo = 5, workspace = 0
MIOpen(HIP): Info2 [GetInvoker] Returning an invoker for problem 48x1x68x50x1x2x2x3072x1x34x25x1xNDHWCxNDHWCxNDHWCxBF16x0x0x0x1x2x2x1x1x1x1xFxDefault and algorithm miopenConvolutionFwdAlgoImplicitGEMM
MIOpen(HIP): miopenStatus_t miopenDestroyConvolutionDescriptor(miopenConvolutionDescriptor_t){
MIOpen(HIP): 	convDesc = conv3d, miopenConvolution, miopenPaddingDefault, {0, 0, 0}, {1, 2, 2}, {1, 1, 1}, 
MIOpen(HIP): }
MIOpen(HIP): miopenStatus_t miopenDestroyTensorDescriptor(miopenTensorDescriptor_t){
MIOpen(HIP): 	tensorDesc = {3072, 48, 1, 2, 2}, {192, 1, 192, 96, 48}, packed, 
MIOpen(HIP): }
MIOpen(HIP): miopenStatus_t miopenDestroyTensorDescriptor(miopenTensorDescriptor_t){
MIOpen(HIP): 	tensorDesc = {1, 3072, 1, 34, 25}, {2611200, 1, 2611200, 76800, 3072}, packed, 
MIOpen(HIP): }
MIOpen(HIP): miopenStatus_t miopenDestroyTensorDescriptor(miopenTensorDescriptor_t){
MIOpen(HIP): 	tensorDesc = {1, 48, 1, 68, 50}, {163200, 1, 163200, 2400, 48}, packed, 
MIOpen(HIP): }
MIOpen(HIP): Info [get_device_name] Raw device name: gfx1100
MIOpen(HIP): Info [SetStream] stream: 0, device_id: 0
MIOpen(HIP): miopenStatus_t miopenCreateTensorDescriptor(miopenTensorDescriptor_t *){
MIOpen(HIP): 	tensorDesc = 0x5
MIOpen(HIP): }
MIOpen(HIP): miopenStatus_t miopenSetTensorDescriptor(miopenTensorDescriptor_t, miopenDataType_t, int, const int *, const int *){
MIOpen(HIP): 	tensorDesc = {}, {}, packed, 
MIOpen(HIP): 	dataType = 5
MIOpen(HIP): 	nbDims = 5
MIOpen(HIP): 	dim.values = { 1 48 1 68 50 }
MIOpen(HIP): 	stride.values = { 163200 1 163200 2400 48 }
MIOpen(HIP): }
MIOpen(HIP): miopenStatus_t miopenCreateTensorDescriptor(miopenTensorDescriptor_t *){
MIOpen(HIP): 	tensorDesc = 0x96000027d80
MIOpen(HIP): }
MIOpen(HIP): miopenStatus_t miopenSetTensorDescriptor(miopenTensorDescriptor_t, miopenDataType_t, int, const int *, const int *){
MIOpen(HIP): 	tensorDesc = {}, {}, packed, 
MIOpen(HIP): 	dataType = 5
MIOpen(HIP): 	nbDims = 5
MIOpen(HIP): 	dim.values = { 3072 48 1 2 2 }
MIOpen(HIP): 	stride.values = { 192 1 192 96 48 }
MIOpen(HIP): }
MIOpen(HIP): miopenStatus_t miopenCreateTensorDescriptor(miopenTensorDescriptor_t *){
MIOpen(HIP): 	tensorDesc = 0x7d7626d37df6
MIOpen(HIP): }
MIOpen(HIP): miopenStatus_t miopenSetTensorDescriptor(miopenTensorDescriptor_t, miopenDataType_t, int, const int *, const int *){
MIOpen(HIP): 	tensorDesc = {}, {}, packed, 
MIOpen(HIP): 	dataType = 5
MIOpen(HIP): 	nbDims = 5
MIOpen(HIP): 	dim.values = { 1 3072 1 34 25 }
MIOpen(HIP): 	stride.values = { 2611200 1 2611200 76800 3072 }
MIOpen(HIP): }
MIOpen(HIP): miopenStatus_t miopenCreateConvolutionDescriptor(miopenConvolutionDescriptor_t *){
MIOpen(HIP): 	convDesc = 0x7ffd68b9f800
MIOpen(HIP): }
MIOpen(HIP): miopenStatus_t miopenInitConvolutionNdDescriptor(miopenConvolutionDescriptor_t, int, const int *, const int *, const int *, miopenConvolutionMode_t){
MIOpen(HIP): 	convDesc = conv2d, miopenConvolution, miopenPaddingDefault, {0, 0}, {1, 1}, {1, 1}, 
MIOpen(HIP): 	spatialDim = 3
MIOpen(HIP): 	pads = { 0 0 0 }
MIOpen(HIP): 	strides = { 1 2 2 }
MIOpen(HIP): 	dilations = { 1 1 1 }
MIOpen(HIP): 	c_mode = 0
MIOpen(HIP): }
MIOpen(HIP): miopenStatus_t miopenSetConvolutionGroupCount(miopenConvolutionDescriptor_t, int){
MIOpen(HIP): 	convDesc = conv3d, miopenConvolution, miopenPaddingDefault, {0, 0, 0}, {1, 2, 2}, {1, 1, 1}, 
MIOpen(HIP): 	groupCount = 1
MIOpen(HIP): }
MIOpen(HIP): miopenStatus_t miopenSetConvolutionAttribute(miopenConvolutionDescriptor_t, const miopenConvolutionAttrib_t, const int){
MIOpen(HIP): 	convDesc = conv3d, miopenConvolution, miopenPaddingDefault, {0, 0, 0}, {1, 2, 2}, {1, 1, 1}, 
MIOpen(HIP): 	attr = 1
MIOpen(HIP): 	value = 0
MIOpen(HIP): }
MIOpen(HIP): miopenStatus_t miopenConvolutionForward(miopenHandle_t, const void *, const miopenTensorDescriptor_t, const void *, const miopenTensorDescriptor_t, const void *, const miopenConvolutionDescriptor_t, miopenConvFwdAlgorithm_t, const void *, const miopenTensorDescriptor_t, void *, void *, size_t){
MIOpen(HIP): 	handle = stream: 0, device_id: 0
MIOpen(HIP): 	alpha = 0x7ffd68b9f548
MIOpen(HIP): 	xDesc = {1, 48, 1, 68, 50}, {163200, 1, 163200, 2400, 48}, packed, 
MIOpen(HIP): 	x = 0x7d705db9f600
MIOpen(HIP): 	wDesc = {3072, 48, 1, 2, 2}, {192, 1, 192, 96, 48}, packed, 
MIOpen(HIP): 	w = 0x7d6e34e00000
MIOpen(HIP): 	convDesc = conv3d, miopenConvolution, miopenPaddingDefault, {0, 0, 0}, {1, 2, 2}, {1, 1, 1}, 
MIOpen(HIP): 	algo = 5
MIOpen(HIP): 	beta = 0x7ffd68b9f550
MIOpen(HIP): 	yDesc = {1, 3072, 1, 34, 25}, {2611200, 1, 2611200, 76800, 3072}, packed, 
MIOpen(HIP): 	y = 0x7d6dd9c20000
MIOpen(HIP): 	workSpace = nullptr
MIOpen(HIP): 	workSpaceSize = 0
MIOpen(HIP): }
MIOpen(HIP): Command [LogCmdConvolution] ./bin/MIOpenDriver convbfp16 -n 1 -c 48 --in_d 1 -H 68 -W 50 -k 3072 --fil_d 1 -y 2 -x 2 --pad_d 0 -p 0 -q 0 --conv_stride_d 1 -u 2 -v 2 --dilation_d 1 -l 1 -j 1 --spatial_dim 3 --in_layout NDHWC --fil_layout NDHWC --out_layout NDHWC -m conv -g 1 -F 1 -t 1
MIOpen(HIP): Info [ConvolutionForward] algo = 5, workspace = 0
MIOpen(HIP): Info2 [GetInvoker] Returning an invoker for problem 48x1x68x50x1x2x2x3072x1x34x25x1xNDHWCxNDHWCxNDHWCxBF16x0x0x0x1x2x2x1x1x1x1xFxDefault and algorithm miopenConvolutionFwdAlgoImplicitGEMM
MIOpen(HIP): miopenStatus_t miopenDestroyConvolutionDescriptor(miopenConvolutionDescriptor_t){
MIOpen(HIP): 	convDesc = conv3d, miopenConvolution, miopenPaddingDefault, {0, 0, 0}, {1, 2, 2}, {1, 1, 1}, 
MIOpen(HIP): }
MIOpen(HIP): miopenStatus_t miopenDestroyTensorDescriptor(miopenTensorDescriptor_t){
MIOpen(HIP): 	tensorDesc = {3072, 48, 1, 2, 2}, {192, 1, 192, 96, 48}, packed, 
MIOpen(HIP): }
MIOpen(HIP): miopenStatus_t miopenDestroyTensorDescriptor(miopenTensorDescriptor_t){
MIOpen(HIP): 	tensorDesc = {1, 3072, 1, 34, 25}, {2611200, 1, 2611200, 76800, 3072}, packed, 
MIOpen(HIP): }
MIOpen(HIP): miopenStatus_t miopenDestroyTensorDescriptor(miopenTensorDescriptor_t){
MIOpen(HIP): 	tensorDesc = {1, 48, 1, 68, 50}, {163200, 1, 163200, 2400, 48}, packed, 
MIOpen(HIP): }
 18%|█▊        | 9/50 [00:05<00:22,  1.84it/s]MIOpen(HIP): Info [get_device_name] Raw device name: gfx1100
MIOpen(HIP): Info [SetStream] stream: 0, device_id: 0
MIOpen(HIP): miopenStatus_t miopenCreateTensorDescriptor(miopenTensorDescriptor_t *){
MIOpen(HIP): 	tensorDesc = 0x5
MIOpen(HIP): }
MIOpen(HIP): miopenStatus_t miopenSetTensorDescriptor(miopenTensorDescriptor_t, miopenDataType_t, int, const int *, const int *){
MIOpen(HIP): 	tensorDesc = {}, {}, packed, 
MIOpen(HIP): 	dataType = 5
MIOpen(HIP): 	nbDims = 5
MIOpen(HIP): 	dim.values = { 1 48 1 68 50 }
MIOpen(HIP): 	stride.values = { 163200 1 163200 2400 48 }
MIOpen(HIP): }
MIOpen(HIP): miopenStatus_t miopenCreateTensorDescriptor(miopenTensorDescriptor_t *){
MIOpen(HIP): 	tensorDesc = 0x96000027d80
MIOpen(HIP): }
MIOpen(HIP): miopenStatus_t miopenSetTensorDescriptor(miopenTensorDescriptor_t, miopenDataType_t, int, const int *, const int *){
MIOpen(HIP): 	tensorDesc = {}, {}, packed, 
MIOpen(HIP): 	dataType = 5
MIOpen(HIP): 	nbDims = 5
MIOpen(HIP): 	dim.values = { 3072 48 1 2 2 }
MIOpen(HIP): 	stride.values = { 192 1 192 96 48 }
MIOpen(HIP): }
MIOpen(HIP): miopenStatus_t miopenCreateTensorDescriptor(miopenTensorDescriptor_t *){
MIOpen(HIP): 	tensorDesc = 0x7d7626d37df6
MIOpen(HIP): }
MIOpen(HIP): miopenStatus_t miopenSetTensorDescriptor(miopenTensorDescriptor_t, miopenDataType_t, int, const int *, const int *){
MIOpen(HIP): 	tensorDesc = {}, {}, packed, 
MIOpen(HIP): 	dataType = 5
MIOpen(HIP): 	nbDims = 5
MIOpen(HIP): 	dim.values = { 1 3072 1 34 25 }
MIOpen(HIP): 	stride.values = { 2611200 1 2611200 76800 3072 }
MIOpen(HIP): }
MIOpen(HIP): miopenStatus_t miopenCreateConvolutionDescriptor(miopenConvolutionDescriptor_t *){
MIOpen(HIP): 	convDesc = 0x7ffd68b9f800
MIOpen(HIP): }
MIOpen(HIP): miopenStatus_t miopenInitConvolutionNdDescriptor(miopenConvolutionDescriptor_t, int, const int *, const int *, const int *, miopenConvolutionMode_t){
MIOpen(HIP): 	convDesc = conv2d, miopenConvolution, miopenPaddingDefault, {0, 0}, {1, 1}, {1, 1}, 
MIOpen(HIP): 	spatialDim = 3
MIOpen(HIP): 	pads = { 0 0 0 }
MIOpen(HIP): 	strides = { 1 2 2 }
MIOpen(HIP): 	dilations = { 1 1 1 }
MIOpen(HIP): 	c_mode = 0
MIOpen(HIP): }
MIOpen(HIP): miopenStatus_t miopenSetConvolutionGroupCount(miopenConvolutionDescriptor_t, int){
MIOpen(HIP): 	convDesc = conv3d, miopenConvolution, miopenPaddingDefault, {0, 0, 0}, {1, 2, 2}, {1, 1, 1}, 
MIOpen(HIP): 	groupCount = 1
MIOpen(HIP): }
MIOpen(HIP): miopenStatus_t miopenSetConvolutionAttribute(miopenConvolutionDescriptor_t, const miopenConvolutionAttrib_t, const int){
MIOpen(HIP): 	convDesc = conv3d, miopenConvolution, miopenPaddingDefault, {0, 0, 0}, {1, 2, 2}, {1, 1, 1}, 
MIOpen(HIP): 	attr = 1
MIOpen(HIP): 	value = 0
MIOpen(HIP): }
MIOpen(HIP): miopenStatus_t miopenConvolutionForward(miopenHandle_t, const void *, const miopenTensorDescriptor_t, const void *, const miopenTensorDescriptor_t, const void *, const miopenConvolutionDescriptor_t, miopenConvFwdAlgorithm_t, const void *, const miopenTensorDescriptor_t, void *, void *, size_t){
MIOpen(HIP): 	handle = stream: 0, device_id: 0
MIOpen(HIP): 	alpha = 0x7ffd68b9f548
MIOpen(HIP): 	xDesc = {1, 48, 1, 68, 50}, {163200, 1, 163200, 2400, 48}, packed, 
MIOpen(HIP): 	x = 0x7d6dca200000
MIOpen(HIP): 	wDesc = {3072, 48, 1, 2, 2}, {192, 1, 192, 96, 48}, packed, 
MIOpen(HIP): 	w = 0x7d6e34e00000
MIOpen(HIP): 	convDesc = conv3d, miopenConvolution, miopenPaddingDefault, {0, 0, 0}, {1, 2, 2}, {1, 1, 1}, 
MIOpen(HIP): 	algo = 5
MIOpen(HIP): 	beta = 0x7ffd68b9f550
MIOpen(HIP): 	yDesc = {1, 3072, 1, 34, 25}, {2611200, 1, 2611200, 76800, 3072}, packed, 
MIOpen(HIP): 	y = 0x7d6dd9c20000
MIOpen(HIP): 	workSpace = nullptr
MIOpen(HIP): 	workSpaceSize = 0
MIOpen(HIP): }
MIOpen(HIP): Command [LogCmdConvolution] ./bin/MIOpenDriver convbfp16 -n 1 -c 48 --in_d 1 -H 68 -W 50 -k 3072 --fil_d 1 -y 2 -x 2 --pad_d 0 -p 0 -q 0 --conv_stride_d 1 -u 2 -v 2 --dilation_d 1 -l 1 -j 1 --spatial_dim 3 --in_layout NDHWC --fil_layout NDHWC --out_layout NDHWC -m conv -g 1 -F 1 -t 1
MIOpen(HIP): Info [ConvolutionForward] algo = 5, workspace = 0
MIOpen(HIP): Info2 [GetInvoker] Returning an invoker for problem 48x1x68x50x1x2x2x3072x1x34x25x1xNDHWCxNDHWCxNDHWCxBF16x0x0x0x1x2x2x1x1x1x1xFxDefault and algorithm miopenConvolutionFwdAlgoImplicitGEMM
MIOpen(HIP): miopenStatus_t miopenDestroyConvolutionDescriptor(miopenConvolutionDescriptor_t){
MIOpen(HIP): 	convDesc = conv3d, miopenConvolution, miopenPaddingDefault, {0, 0, 0}, {1, 2, 2}, {1, 1, 1}, 
MIOpen(HIP): }
MIOpen(HIP): miopenStatus_t miopenDestroyTensorDescriptor(miopenTensorDescriptor_t){
MIOpen(HIP): 	tensorDesc = {3072, 48, 1, 2, 2}, {192, 1, 192, 96, 48}, packed, 
MIOpen(HIP): }
MIOpen(HIP): miopenStatus_t miopenDestroyTensorDescriptor(miopenTensorDescriptor_t){
MIOpen(HIP): 	tensorDesc = {1, 3072, 1, 34, 25}, {2611200, 1, 2611200, 76800, 3072}, packed, 
MIOpen(HIP): }
MIOpen(HIP): miopenStatus_t miopenDestroyTensorDescriptor(miopenTensorDescriptor_t){
MIOpen(HIP): 	tensorDesc = {1, 48, 1, 68, 50}, {163200, 1, 163200, 2400, 48}, packed, 
MIOpen(HIP): }
MIOpen(HIP): Info [get_device_name] Raw device name: gfx1100
MIOpen(HIP): Info [SetStream] stream: 0, device_id: 0
MIOpen(HIP): miopenStatus_t miopenCreateTensorDescriptor(miopenTensorDescriptor_t *){
MIOpen(HIP): 	tensorDesc = 0x5
MIOpen(HIP): }
MIOpen(HIP): miopenStatus_t miopenSetTensorDescriptor(miopenTensorDescriptor_t, miopenDataType_t, int, const int *, const int *){
MIOpen(HIP): 	tensorDesc = {}, {}, packed, 
MIOpen(HIP): 	dataType = 5
MIOpen(HIP): 	nbDims = 5
MIOpen(HIP): 	dim.values = { 1 48 1 68 50 }
MIOpen(HIP): 	stride.values = { 163200 1 163200 2400 48 }
MIOpen(HIP): }
MIOpen(HIP): miopenStatus_t miopenCreateTensorDescriptor(miopenTensorDescriptor_t *){
MIOpen(HIP): 	tensorDesc = 0x96000027d80
MIOpen(HIP): }
MIOpen(HIP): miopenStatus_t miopenSetTensorDescriptor(miopenTensorDescriptor_t, miopenDataType_t, int, const int *, const int *){
MIOpen(HIP): 	tensorDesc = {}, {}, packed, 
MIOpen(HIP): 	dataType = 5
MIOpen(HIP): 	nbDims = 5
MIOpen(HIP): 	dim.values = { 3072 48 1 2 2 }
MIOpen(HIP): 	stride.values = { 192 1 192 96 48 }
MIOpen(HIP): }
MIOpen(HIP): miopenStatus_t miopenCreateTensorDescriptor(miopenTensorDescriptor_t *){
MIOpen(HIP): 	tensorDesc = 0x7d7626d37df6
MIOpen(HIP): }
MIOpen(HIP): miopenStatus_t miopenSetTensorDescriptor(miopenTensorDescriptor_t, miopenDataType_t, int, const int *, const int *){
MIOpen(HIP): 	tensorDesc = {}, {}, packed, 
MIOpen(HIP): 	dataType = 5
MIOpen(HIP): 	nbDims = 5
MIOpen(HIP): 	dim.values = { 1 3072 1 34 25 }
MIOpen(HIP): 	stride.values = { 2611200 1 2611200 76800 3072 }
MIOpen(HIP): }
MIOpen(HIP): miopenStatus_t miopenCreateConvolutionDescriptor(miopenConvolutionDescriptor_t *){
MIOpen(HIP): 	convDesc = 0x7ffd68b9f800
MIOpen(HIP): }
MIOpen(HIP): miopenStatus_t miopenInitConvolutionNdDescriptor(miopenConvolutionDescriptor_t, int, const int *, const int *, const int *, miopenConvolutionMode_t){
MIOpen(HIP): 	convDesc = conv2d, miopenConvolution, miopenPaddingDefault, {0, 0}, {1, 1}, {1, 1}, 
MIOpen(HIP): 	spatialDim = 3
MIOpen(HIP): 	pads = { 0 0 0 }
MIOpen(HIP): 	strides = { 1 2 2 }
MIOpen(HIP): 	dilations = { 1 1 1 }
MIOpen(HIP): 	c_mode = 0
MIOpen(HIP): }
MIOpen(HIP): miopenStatus_t miopenSetConvolutionGroupCount(miopenConvolutionDescriptor_t, int){
MIOpen(HIP): 	convDesc = conv3d, miopenConvolution, miopenPaddingDefault, {0, 0, 0}, {1, 2, 2}, {1, 1, 1}, 
MIOpen(HIP): 	groupCount = 1
MIOpen(HIP): }
MIOpen(HIP): miopenStatus_t miopenSetConvolutionAttribute(miopenConvolutionDescriptor_t, const miopenConvolutionAttrib_t, const int){
MIOpen(HIP): 	convDesc = conv3d, miopenConvolution, miopenPaddingDefault, {0, 0, 0}, {1, 2, 2}, {1, 1, 1}, 
MIOpen(HIP): 	attr = 1
MIOpen(HIP): 	value = 0
MIOpen(HIP): }
MIOpen(HIP): miopenStatus_t miopenConvolutionForward(miopenHandle_t, const void *, const miopenTensorDescriptor_t, const void *, const miopenTensorDescriptor_t, const void *, const miopenConvolutionDescriptor_t, miopenConvFwdAlgorithm_t, const void *, const miopenTensorDescriptor_t, void *, void *, size_t){
MIOpen(HIP): 	handle = stream: 0, device_id: 0
MIOpen(HIP): 	alpha = 0x7ffd68b9f548
MIOpen(HIP): 	xDesc = {1, 48, 1, 68, 50}, {163200, 1, 163200, 2400, 48}, packed, 
MIOpen(HIP): 	x = 0x7d6dca33ec00
MIOpen(HIP): 	wDesc = {3072, 48, 1, 2, 2}, {192, 1, 192, 96, 48}, packed, 
MIOpen(HIP): 	w = 0x7d6e34e00000
MIOpen(HIP): 	convDesc = conv3d, miopenConvolution, miopenPaddingDefault, {0, 0, 0}, {1, 2, 2}, {1, 1, 1}, 
MIOpen(HIP): 	algo = 5
MIOpen(HIP): 	beta = 0x7ffd68b9f550
MIOpen(HIP): 	yDesc = {1, 3072, 1, 34, 25}, {2611200, 1, 2611200, 76800, 3072}, packed, 
MIOpen(HIP): 	y = 0x7d6dd9c20000
MIOpen(HIP): 	workSpace = nullptr
MIOpen(HIP): 	workSpaceSize = 0
MIOpen(HIP): }
MIOpen(HIP): Command [LogCmdConvolution] ./bin/MIOpenDriver convbfp16 -n 1 -c 48 --in_d 1 -H 68 -W 50 -k 3072 --fil_d 1 -y 2 -x 2 --pad_d 0 -p 0 -q 0 --conv_stride_d 1 -u 2 -v 2 --dilation_d 1 -l 1 -j 1 --spatial_dim 3 --in_layout NDHWC --fil_layout NDHWC --out_layout NDHWC -m conv -g 1 -F 1 -t 1
MIOpen(HIP): Info [ConvolutionForward] algo = 5, workspace = 0
MIOpen(HIP): Info2 [GetInvoker] Returning an invoker for problem 48x1x68x50x1x2x2x3072x1x34x25x1xNDHWCxNDHWCxNDHWCxBF16x0x0x0x1x2x2x1x1x1x1xFxDefault and algorithm miopenConvolutionFwdAlgoImplicitGEMM
MIOpen(HIP): miopenStatus_t miopenDestroyConvolutionDescriptor(miopenConvolutionDescriptor_t){
MIOpen(HIP): 	convDesc = conv3d, miopenConvolution, miopenPaddingDefault, {0, 0, 0}, {1, 2, 2}, {1, 1, 1}, 
MIOpen(HIP): }
MIOpen(HIP): miopenStatus_t miopenDestroyTensorDescriptor(miopenTensorDescriptor_t){
MIOpen(HIP): 	tensorDesc = {3072, 48, 1, 2, 2}, {192, 1, 192, 96, 48}, packed, 
MIOpen(HIP): }
MIOpen(HIP): miopenStatus_t miopenDestroyTensorDescriptor(miopenTensorDescriptor_t){
MIOpen(HIP): 	tensorDesc = {1, 3072, 1, 34, 25}, {2611200, 1, 2611200, 76800, 3072}, packed, 
MIOpen(HIP): }
MIOpen(HIP): miopenStatus_t miopenDestroyTensorDescriptor(miopenTensorDescriptor_t){
MIOpen(HIP): 	tensorDesc = {1, 48, 1, 68, 50}, {163200, 1, 163200, 2400, 48}, packed, 
MIOpen(HIP): }
 20%|██        | 10/50 [00:05<00:21,  1.84it/s]MIOpen(HIP): Info [get_device_name] Raw device name: gfx1100
MIOpen(HIP): Info [SetStream] stream: 0, device_id: 0
MIOpen(HIP): miopenStatus_t miopenCreateTensorDescriptor(miopenTensorDescriptor_t *){
MIOpen(HIP): 	tensorDesc = 0x5
MIOpen(HIP): }
MIOpen(HIP): miopenStatus_t miopenSetTensorDescriptor(miopenTensorDescriptor_t, miopenDataType_t, int, const int *, const int *){
MIOpen(HIP): 	tensorDesc = {}, {}, packed, 
MIOpen(HIP): 	dataType = 5
MIOpen(HIP): 	nbDims = 5
MIOpen(HIP): 	dim.values = { 1 48 1 68 50 }
MIOpen(HIP): 	stride.values = { 163200 1 163200 2400 48 }
MIOpen(HIP): }
MIOpen(HIP): miopenStatus_t miopenCreateTensorDescriptor(miopenTensorDescriptor_t *){
MIOpen(HIP): 	tensorDesc = 0x96000027d80
MIOpen(HIP): }
MIOpen(HIP): miopenStatus_t miopenSetTensorDescriptor(miopenTensorDescriptor_t, miopenDataType_t, int, const int *, const int *){
MIOpen(HIP): 	tensorDesc = {}, {}, packed, 
MIOpen(HIP): 	dataType = 5
MIOpen(HIP): 	nbDims = 5
MIOpen(HIP): 	dim.values = { 3072 48 1 2 2 }
MIOpen(HIP): 	stride.values = { 192 1 192 96 48 }
MIOpen(HIP): }
MIOpen(HIP): miopenStatus_t miopenCreateTensorDescriptor(miopenTensorDescriptor_t *){
MIOpen(HIP): 	tensorDesc = 0x7d7626d37df6
MIOpen(HIP): }
MIOpen(HIP): miopenStatus_t miopenSetTensorDescriptor(miopenTensorDescriptor_t, miopenDataType_t, int, const int *, const int *){
MIOpen(HIP): 	tensorDesc = {}, {}, packed, 
MIOpen(HIP): 	dataType = 5
MIOpen(HIP): 	nbDims = 5
MIOpen(HIP): 	dim.values = { 1 3072 1 34 25 }
MIOpen(HIP): 	stride.values = { 2611200 1 2611200 76800 3072 }
MIOpen(HIP): }
MIOpen(HIP): miopenStatus_t miopenCreateConvolutionDescriptor(miopenConvolutionDescriptor_t *){
MIOpen(HIP): 	convDesc = 0x7ffd68b9f800
MIOpen(HIP): }
MIOpen(HIP): miopenStatus_t miopenInitConvolutionNdDescriptor(miopenConvolutionDescriptor_t, int, const int *, const int *, const int *, miopenConvolutionMode_t){
MIOpen(HIP): 	convDesc = conv2d, miopenConvolution, miopenPaddingDefault, {0, 0}, {1, 1}, {1, 1}, 
MIOpen(HIP): 	spatialDim = 3
MIOpen(HIP): 	pads = { 0 0 0 }
MIOpen(HIP): 	strides = { 1 2 2 }
MIOpen(HIP): 	dilations = { 1 1 1 }
MIOpen(HIP): 	c_mode = 0
MIOpen(HIP): }
MIOpen(HIP): miopenStatus_t miopenSetConvolutionGroupCount(miopenConvolutionDescriptor_t, int){
MIOpen(HIP): 	convDesc = conv3d, miopenConvolution, miopenPaddingDefault, {0, 0, 0}, {1, 2, 2}, {1, 1, 1}, 
MIOpen(HIP): 	groupCount = 1
MIOpen(HIP): }
MIOpen(HIP): miopenStatus_t miopenSetConvolutionAttribute(miopenConvolutionDescriptor_t, const miopenConvolutionAttrib_t, const int){
MIOpen(HIP): 	convDesc = conv3d, miopenConvolution, miopenPaddingDefault, {0, 0, 0}, {1, 2, 2}, {1, 1, 1}, 
MIOpen(HIP): 	attr = 1
MIOpen(HIP): 	value = 0
MIOpen(HIP): }
MIOpen(HIP): miopenStatus_t miopenConvolutionForward(miopenHandle_t, const void *, const miopenTensorDescriptor_t, const void *, const miopenTensorDescriptor_t, const void *, const miopenConvolutionDescriptor_t, miopenConvFwdAlgorithm_t, const void *, const miopenTensorDescriptor_t, void *, void *, size_t){
MIOpen(HIP): 	handle = stream: 0, device_id: 0
MIOpen(HIP): 	alpha = 0x7ffd68b9f548
MIOpen(HIP): 	xDesc = {1, 48, 1, 68, 50}, {163200, 1, 163200, 2400, 48}, packed, 
MIOpen(HIP): 	x = 0x7d6dcae00000
MIOpen(HIP): 	wDesc = {3072, 48, 1, 2, 2}, {192, 1, 192, 96, 48}, packed, 
MIOpen(HIP): 	w = 0x7d6e34e00000
MIOpen(HIP): 	convDesc = conv3d, miopenConvolution, miopenPaddingDefault, {0, 0, 0}, {1, 2, 2}, {1, 1, 1}, 
MIOpen(HIP): 	algo = 5
MIOpen(HIP): 	beta = 0x7ffd68b9f550
MIOpen(HIP): 	yDesc = {1, 3072, 1, 34, 25}, {2611200, 1, 2611200, 76800, 3072}, packed, 
MIOpen(HIP): 	y = 0x7d6dd9c20000
MIOpen(HIP): 	workSpace = nullptr
MIOpen(HIP): 	workSpaceSize = 0
MIOpen(HIP): }
MIOpen(HIP): Command [LogCmdConvolution] ./bin/MIOpenDriver convbfp16 -n 1 -c 48 --in_d 1 -H 68 -W 50 -k 3072 --fil_d 1 -y 2 -x 2 --pad_d 0 -p 0 -q 0 --conv_stride_d 1 -u 2 -v 2 --dilation_d 1 -l 1 -j 1 --spatial_dim 3 --in_layout NDHWC --fil_layout NDHWC --out_layout NDHWC -m conv -g 1 -F 1 -t 1
MIOpen(HIP): Info [ConvolutionForward] algo = 5, workspace = 0
MIOpen(HIP): Info2 [GetInvoker] Returning an invoker for problem 48x1x68x50x1x2x2x3072x1x34x25x1xNDHWCxNDHWCxNDHWCxBF16x0x0x0x1x2x2x1x1x1x1xFxDefault and algorithm miopenConvolutionFwdAlgoImplicitGEMM
MIOpen(HIP): miopenStatus_t miopenDestroyConvolutionDescriptor(miopenConvolutionDescriptor_t){
MIOpen(HIP): 	convDesc = conv3d, miopenConvolution, miopenPaddingDefault, {0, 0, 0}, {1, 2, 2}, {1, 1, 1}, 
MIOpen(HIP): }
MIOpen(HIP): miopenStatus_t miopenDestroyTensorDescriptor(miopenTensorDescriptor_t){
MIOpen(HIP): 	tensorDesc = {3072, 48, 1, 2, 2}, {192, 1, 192, 96, 48}, packed, 
MIOpen(HIP): }
MIOpen(HIP): miopenStatus_t miopenDestroyTensorDescriptor(miopenTensorDescriptor_t){
MIOpen(HIP): 	tensorDesc = {1, 3072, 1, 34, 25}, {2611200, 1, 2611200, 76800, 3072}, packed, 
MIOpen(HIP): }
MIOpen(HIP): miopenStatus_t miopenDestroyTensorDescriptor(miopenTensorDescriptor_t){
MIOpen(HIP): 	tensorDesc = {1, 48, 1, 68, 50}, {163200, 1, 163200, 2400, 48}, packed, 
MIOpen(HIP): }
MIOpen(HIP): Info [get_device_name] Raw device name: gfx1100
MIOpen(HIP): Info [SetStream] stream: 0, device_id: 0
MIOpen(HIP): miopenStatus_t miopenCreateTensorDescriptor(miopenTensorDescriptor_t *){
MIOpen(HIP): 	tensorDesc = 0x5
MIOpen(HIP): }
MIOpen(HIP): miopenStatus_t miopenSetTensorDescriptor(miopenTensorDescriptor_t, miopenDataType_t, int, const int *, const int *){
MIOpen(HIP): 	tensorDesc = {}, {}, packed, 
MIOpen(HIP): 	dataType = 5
MIOpen(HIP): 	nbDims = 5
MIOpen(HIP): 	dim.values = { 1 48 1 68 50 }
MIOpen(HIP): 	stride.values = { 163200 1 163200 2400 48 }
MIOpen(HIP): }
MIOpen(HIP): miopenStatus_t miopenCreateTensorDescriptor(miopenTensorDescriptor_t *){
MIOpen(HIP): 	tensorDesc = 0x96000027d80
MIOpen(HIP): }
MIOpen(HIP): miopenStatus_t miopenSetTensorDescriptor(miopenTensorDescriptor_t, miopenDataType_t, int, const int *, const int *){
MIOpen(HIP): 	tensorDesc = {}, {}, packed, 
MIOpen(HIP): 	dataType = 5
MIOpen(HIP): 	nbDims = 5
MIOpen(HIP): 	dim.values = { 3072 48 1 2 2 }
MIOpen(HIP): 	stride.values = { 192 1 192 96 48 }
MIOpen(HIP): }
MIOpen(HIP): miopenStatus_t miopenCreateTensorDescriptor(miopenTensorDescriptor_t *){
MIOpen(HIP): 	tensorDesc = 0x7d7626d37df6
MIOpen(HIP): }
MIOpen(HIP): miopenStatus_t miopenSetTensorDescriptor(miopenTensorDescriptor_t, miopenDataType_t, int, const int *, const int *){
MIOpen(HIP): 	tensorDesc = {}, {}, packed, 
MIOpen(HIP): 	dataType = 5
MIOpen(HIP): 	nbDims = 5
MIOpen(HIP): 	dim.values = { 1 3072 1 34 25 }
MIOpen(HIP): 	stride.values = { 2611200 1 2611200 76800 3072 }
MIOpen(HIP): }
MIOpen(HIP): miopenStatus_t miopenCreateConvolutionDescriptor(miopenConvolutionDescriptor_t *){
MIOpen(HIP): 	convDesc = 0x7ffd68b9f800
MIOpen(HIP): }
MIOpen(HIP): miopenStatus_t miopenInitConvolutionNdDescriptor(miopenConvolutionDescriptor_t, int, const int *, const int *, const int *, miopenConvolutionMode_t){
MIOpen(HIP): 	convDesc = conv2d, miopenConvolution, miopenPaddingDefault, {0, 0}, {1, 1}, {1, 1}, 
MIOpen(HIP): 	spatialDim = 3
MIOpen(HIP): 	pads = { 0 0 0 }
MIOpen(HIP): 	strides = { 1 2 2 }
MIOpen(HIP): 	dilations = { 1 1 1 }
MIOpen(HIP): 	c_mode = 0
MIOpen(HIP): }
MIOpen(HIP): miopenStatus_t miopenSetConvolutionGroupCount(miopenConvolutionDescriptor_t, int){
MIOpen(HIP): 	convDesc = conv3d, miopenConvolution, miopenPaddingDefault, {0, 0, 0}, {1, 2, 2}, {1, 1, 1}, 
MIOpen(HIP): 	groupCount = 1
MIOpen(HIP): }
MIOpen(HIP): miopenStatus_t miopenSetConvolutionAttribute(miopenConvolutionDescriptor_t, const miopenConvolutionAttrib_t, const int){
MIOpen(HIP): 	convDesc = conv3d, miopenConvolution, miopenPaddingDefault, {0, 0, 0}, {1, 2, 2}, {1, 1, 1}, 
MIOpen(HIP): 	attr = 1
MIOpen(HIP): 	value = 0
MIOpen(HIP): }
MIOpen(HIP): miopenStatus_t miopenConvolutionForward(miopenHandle_t, const void *, const miopenTensorDescriptor_t, const void *, const miopenTensorDescriptor_t, const void *, const miopenConvolutionDescriptor_t, miopenConvFwdAlgorithm_t, const void *, const miopenTensorDescriptor_t, void *, void *, size_t){
MIOpen(HIP): 	handle = stream: 0, device_id: 0
MIOpen(HIP): 	alpha = 0x7ffd68b9f548
MIOpen(HIP): 	xDesc = {1, 48, 1, 68, 50}, {163200, 1, 163200, 2400, 48}, packed, 
MIOpen(HIP): 	x = 0x7d6dcae00000
MIOpen(HIP): 	wDesc = {3072, 48, 1, 2, 2}, {192, 1, 192, 96, 48}, packed, 
MIOpen(HIP): 	w = 0x7d6e34e00000
MIOpen(HIP): 	convDesc = conv3d, miopenConvolution, miopenPaddingDefault, {0, 0, 0}, {1, 2, 2}, {1, 1, 1}, 
MIOpen(HIP): 	algo = 5
MIOpen(HIP): 	beta = 0x7ffd68b9f550
MIOpen(HIP): 	yDesc = {1, 3072, 1, 34, 25}, {2611200, 1, 2611200, 76800, 3072}, packed, 
MIOpen(HIP): 	y = 0x7d6dd9c20000
MIOpen(HIP): 	workSpace = nullptr
MIOpen(HIP): 	workSpaceSize = 0
MIOpen(HIP): }
MIOpen(HIP): Command [LogCmdConvolution] ./bin/MIOpenDriver convbfp16 -n 1 -c 48 --in_d 1 -H 68 -W 50 -k 3072 --fil_d 1 -y 2 -x 2 --pad_d 0 -p 0 -q 0 --conv_stride_d 1 -u 2 -v 2 --dilation_d 1 -l 1 -j 1 --spatial_dim 3 --in_layout NDHWC --fil_layout NDHWC --out_layout NDHWC -m conv -g 1 -F 1 -t 1
MIOpen(HIP): Info [ConvolutionForward] algo = 5, workspace = 0
MIOpen(HIP): Info2 [GetInvoker] Returning an invoker for problem 48x1x68x50x1x2x2x3072x1x34x25x1xNDHWCxNDHWCxNDHWCxBF16x0x0x0x1x2x2x1x1x1x1xFxDefault and algorithm miopenConvolutionFwdAlgoImplicitGEMM
MIOpen(HIP): miopenStatus_t miopenDestroyConvolutionDescriptor(miopenConvolutionDescriptor_t){
MIOpen(HIP): 	convDesc = conv3d, miopenConvolution, miopenPaddingDefault, {0, 0, 0}, {1, 2, 2}, {1, 1, 1}, 
MIOpen(HIP): }
MIOpen(HIP): miopenStatus_t miopenDestroyTensorDescriptor(miopenTensorDescriptor_t){
MIOpen(HIP): 	tensorDesc = {3072, 48, 1, 2, 2}, {192, 1, 192, 96, 48}, packed, 
MIOpen(HIP): }
MIOpen(HIP): miopenStatus_t miopenDestroyTensorDescriptor(miopenTensorDescriptor_t){
MIOpen(HIP): 	tensorDesc = {1, 3072, 1, 34, 25}, {2611200, 1, 2611200, 76800, 3072}, packed, 
MIOpen(HIP): }
MIOpen(HIP): miopenStatus_t miopenDestroyTensorDescriptor(miopenTensorDescriptor_t){
MIOpen(HIP): 	tensorDesc = {1, 48, 1, 68, 50}, {163200, 1, 163200, 2400, 48}, packed, 
MIOpen(HIP): }
 22%|██▏       | 11/50 [00:06<00:21,  1.85it/s]MIOpen(HIP): Info [get_device_name] Raw device name: gfx1100
MIOpen(HIP): Info [SetStream] stream: 0, device_id: 0
MIOpen(HIP): miopenStatus_t miopenCreateTensorDescriptor(miopenTensorDescriptor_t *){
MIOpen(HIP): 	tensorDesc = 0x5
MIOpen(HIP): }
MIOpen(HIP): miopenStatus_t miopenSetTensorDescriptor(miopenTensorDescriptor_t, miopenDataType_t, int, const int *, const int *){
MIOpen(HIP): 	tensorDesc = {}, {}, packed, 
MIOpen(HIP): 	dataType = 5
MIOpen(HIP): 	nbDims = 5
MIOpen(HIP): 	dim.values = { 1 48 1 68 50 }
MIOpen(HIP): 	stride.values = { 163200 1 163200 2400 48 }
MIOpen(HIP): }
MIOpen(HIP): miopenStatus_t miopenCreateTensorDescriptor(miopenTensorDescriptor_t *){
MIOpen(HIP): 	tensorDesc = 0x96000027d80
MIOpen(HIP): }
MIOpen(HIP): miopenStatus_t miopenSetTensorDescriptor(miopenTensorDescriptor_t, miopenDataType_t, int, const int *, const int *){
MIOpen(HIP): 	tensorDesc = {}, {}, packed, 
MIOpen(HIP): 	dataType = 5
MIOpen(HIP): 	nbDims = 5
MIOpen(HIP): 	dim.values = { 3072 48 1 2 2 }
MIOpen(HIP): 	stride.values = { 192 1 192 96 48 }
MIOpen(HIP): }
MIOpen(HIP): miopenStatus_t miopenCreateTensorDescriptor(miopenTensorDescriptor_t *){
MIOpen(HIP): 	tensorDesc = 0x7d7626d37df6
MIOpen(HIP): }
MIOpen(HIP): miopenStatus_t miopenSetTensorDescriptor(miopenTensorDescriptor_t, miopenDataType_t, int, const int *, const int *){
MIOpen(HIP): 	tensorDesc = {}, {}, packed, 
MIOpen(HIP): 	dataType = 5
MIOpen(HIP): 	nbDims = 5
MIOpen(HIP): 	dim.values = { 1 3072 1 34 25 }
MIOpen(HIP): 	stride.values = { 2611200 1 2611200 76800 3072 }
MIOpen(HIP): }
MIOpen(HIP): miopenStatus_t miopenCreateConvolutionDescriptor(miopenConvolutionDescriptor_t *){
MIOpen(HIP): 	convDesc = 0x7ffd68b9f800
MIOpen(HIP): }
MIOpen(HIP): miopenStatus_t miopenInitConvolutionNdDescriptor(miopenConvolutionDescriptor_t, int, const int *, const int *, const int *, miopenConvolutionMode_t){
MIOpen(HIP): 	convDesc = conv2d, miopenConvolution, miopenPaddingDefault, {0, 0}, {1, 1}, {1, 1}, 
MIOpen(HIP): 	spatialDim = 3
MIOpen(HIP): 	pads = { 0 0 0 }
MIOpen(HIP): 	strides = { 1 2 2 }
MIOpen(HIP): 	dilations = { 1 1 1 }
MIOpen(HIP): 	c_mode = 0
MIOpen(HIP): }
MIOpen(HIP): miopenStatus_t miopenSetConvolutionGroupCount(miopenConvolutionDescriptor_t, int){
MIOpen(HIP): 	convDesc = conv3d, miopenConvolution, miopenPaddingDefault, {0, 0, 0}, {1, 2, 2}, {1, 1, 1}, 
MIOpen(HIP): 	groupCount = 1
MIOpen(HIP): }
MIOpen(HIP): miopenStatus_t miopenSetConvolutionAttribute(miopenConvolutionDescriptor_t, const miopenConvolutionAttrib_t, const int){
MIOpen(HIP): 	convDesc = conv3d, miopenConvolution, miopenPaddingDefault, {0, 0, 0}, {1, 2, 2}, {1, 1, 1}, 
MIOpen(HIP): 	attr = 1
MIOpen(HIP): 	value = 0
MIOpen(HIP): }
MIOpen(HIP): miopenStatus_t miopenConvolutionForward(miopenHandle_t, const void *, const miopenTensorDescriptor_t, const void *, const miopenTensorDescriptor_t, const void *, const miopenConvolutionDescriptor_t, miopenConvFwdAlgorithm_t, const void *, const miopenTensorDescriptor_t, void *, void *, size_t){
MIOpen(HIP): 	handle = stream: 0, device_id: 0
MIOpen(HIP): 	alpha = 0x7ffd68b9f548
MIOpen(HIP): 	xDesc = {1, 48, 1, 68, 50}, {163200, 1, 163200, 2400, 48}, packed, 
MIOpen(HIP): 	x = 0x7d705db00000
MIOpen(HIP): 	wDesc = {3072, 48, 1, 2, 2}, {192, 1, 192, 96, 48}, packed, 
MIOpen(HIP): 	w = 0x7d6e34e00000
MIOpen(HIP): 	convDesc = conv3d, miopenConvolution, miopenPaddingDefault, {0, 0, 0}, {1, 2, 2}, {1, 1, 1}, 
MIOpen(HIP): 	algo = 5
MIOpen(HIP): 	beta = 0x7ffd68b9f550
MIOpen(HIP): 	yDesc = {1, 3072, 1, 34, 25}, {2611200, 1, 2611200, 76800, 3072}, packed, 
MIOpen(HIP): 	y = 0x7d6dd9c20000
MIOpen(HIP): 	workSpace = nullptr
MIOpen(HIP): 	workSpaceSize = 0
MIOpen(HIP): }
MIOpen(HIP): Command [LogCmdConvolution] ./bin/MIOpenDriver convbfp16 -n 1 -c 48 --in_d 1 -H 68 -W 50 -k 3072 --fil_d 1 -y 2 -x 2 --pad_d 0 -p 0 -q 0 --conv_stride_d 1 -u 2 -v 2 --dilation_d 1 -l 1 -j 1 --spatial_dim 3 --in_layout NDHWC --fil_layout NDHWC --out_layout NDHWC -m conv -g 1 -F 1 -t 1
MIOpen(HIP): Info [ConvolutionForward] algo = 5, workspace = 0
MIOpen(HIP): Info2 [GetInvoker] Returning an invoker for problem 48x1x68x50x1x2x2x3072x1x34x25x1xNDHWCxNDHWCxNDHWCxBF16x0x0x0x1x2x2x1x1x1x1xFxDefault and algorithm miopenConvolutionFwdAlgoImplicitGEMM
MIOpen(HIP): miopenStatus_t miopenDestroyConvolutionDescriptor(miopenConvolutionDescriptor_t){
MIOpen(HIP): 	convDesc = conv3d, miopenConvolution, miopenPaddingDefault, {0, 0, 0}, {1, 2, 2}, {1, 1, 1}, 
MIOpen(HIP): }
MIOpen(HIP): miopenStatus_t miopenDestroyTensorDescriptor(miopenTensorDescriptor_t){
MIOpen(HIP): 	tensorDesc = {3072, 48, 1, 2, 2}, {192, 1, 192, 96, 48}, packed, 
MIOpen(HIP): }
MIOpen(HIP): miopenStatus_t miopenDestroyTensorDescriptor(miopenTensorDescriptor_t){
MIOpen(HIP): 	tensorDesc = {1, 3072, 1, 34, 25}, {2611200, 1, 2611200, 76800, 3072}, packed, 
MIOpen(HIP): }
MIOpen(HIP): miopenStatus_t miopenDestroyTensorDescriptor(miopenTensorDescriptor_t){
MIOpen(HIP): 	tensorDesc = {1, 48, 1, 68, 50}, {163200, 1, 163200, 2400, 48}, packed, 
MIOpen(HIP): }
MIOpen(HIP): Info [get_device_name] Raw device name: gfx1100
MIOpen(HIP): Info [SetStream] stream: 0, device_id: 0
MIOpen(HIP): miopenStatus_t miopenCreateTensorDescriptor(miopenTensorDescriptor_t *){
MIOpen(HIP): 	tensorDesc = 0x5
MIOpen(HIP): }
MIOpen(HIP): miopenStatus_t miopenSetTensorDescriptor(miopenTensorDescriptor_t, miopenDataType_t, int, const int *, const int *){
MIOpen(HIP): 	tensorDesc = {}, {}, packed, 
MIOpen(HIP): 	dataType = 5
MIOpen(HIP): 	nbDims = 5
MIOpen(HIP): 	dim.values = { 1 48 1 68 50 }
MIOpen(HIP): 	stride.values = { 163200 1 163200 2400 48 }
MIOpen(HIP): }
MIOpen(HIP): miopenStatus_t miopenCreateTensorDescriptor(miopenTensorDescriptor_t *){
MIOpen(HIP): 	tensorDesc = 0x96000027d80
MIOpen(HIP): }
MIOpen(HIP): miopenStatus_t miopenSetTensorDescriptor(miopenTensorDescriptor_t, miopenDataType_t, int, const int *, const int *){
MIOpen(HIP): 	tensorDesc = {}, {}, packed, 
MIOpen(HIP): 	dataType = 5
MIOpen(HIP): 	nbDims = 5
MIOpen(HIP): 	dim.values = { 3072 48 1 2 2 }
MIOpen(HIP): 	stride.values = { 192 1 192 96 48 }
MIOpen(HIP): }
MIOpen(HIP): miopenStatus_t miopenCreateTensorDescriptor(miopenTensorDescriptor_t *){
MIOpen(HIP): 	tensorDesc = 0x7d7626d37df6
MIOpen(HIP): }
MIOpen(HIP): miopenStatus_t miopenSetTensorDescriptor(miopenTensorDescriptor_t, miopenDataType_t, int, const int *, const int *){
MIOpen(HIP): 	tensorDesc = {}, {}, packed, 
MIOpen(HIP): 	dataType = 5
MIOpen(HIP): 	nbDims = 5
MIOpen(HIP): 	dim.values = { 1 3072 1 34 25 }
MIOpen(HIP): 	stride.values = { 2611200 1 2611200 76800 3072 }
MIOpen(HIP): }
MIOpen(HIP): miopenStatus_t miopenCreateConvolutionDescriptor(miopenConvolutionDescriptor_t *){
MIOpen(HIP): 	convDesc = 0x7ffd68b9f800
MIOpen(HIP): }
MIOpen(HIP): miopenStatus_t miopenInitConvolutionNdDescriptor(miopenConvolutionDescriptor_t, int, const int *, const int *, const int *, miopenConvolutionMode_t){
MIOpen(HIP): 	convDesc = conv2d, miopenConvolution, miopenPaddingDefault, {0, 0}, {1, 1}, {1, 1}, 
MIOpen(HIP): 	spatialDim = 3
MIOpen(HIP): 	pads = { 0 0 0 }
MIOpen(HIP): 	strides = { 1 2 2 }
MIOpen(HIP): 	dilations = { 1 1 1 }
MIOpen(HIP): 	c_mode = 0
MIOpen(HIP): }
MIOpen(HIP): miopenStatus_t miopenSetConvolutionGroupCount(miopenConvolutionDescriptor_t, int){
MIOpen(HIP): 	convDesc = conv3d, miopenConvolution, miopenPaddingDefault, {0, 0, 0}, {1, 2, 2}, {1, 1, 1}, 
MIOpen(HIP): 	groupCount = 1
MIOpen(HIP): }
MIOpen(HIP): miopenStatus_t miopenSetConvolutionAttribute(miopenConvolutionDescriptor_t, const miopenConvolutionAttrib_t, const int){
MIOpen(HIP): 	convDesc = conv3d, miopenConvolution, miopenPaddingDefault, {0, 0, 0}, {1, 2, 2}, {1, 1, 1}, 
MIOpen(HIP): 	attr = 1
MIOpen(HIP): 	value = 0
MIOpen(HIP): }
MIOpen(HIP): miopenStatus_t miopenConvolutionForward(miopenHandle_t, const void *, const miopenTensorDescriptor_t, const void *, const miopenTensorDescriptor_t, const void *, const miopenConvolutionDescriptor_t, miopenConvFwdAlgorithm_t, const void *, const miopenTensorDescriptor_t, void *, void *, size_t){
MIOpen(HIP): 	handle = stream: 0, device_id: 0
MIOpen(HIP): 	alpha = 0x7ffd68b9f548
MIOpen(HIP): 	xDesc = {1, 48, 1, 68, 50}, {163200, 1, 163200, 2400, 48}, packed, 
MIOpen(HIP): 	x = 0x7d705db00000
MIOpen(HIP): 	wDesc = {3072, 48, 1, 2, 2}, {192, 1, 192, 96, 48}, packed, 
MIOpen(HIP): 	w = 0x7d6e34e00000
MIOpen(HIP): 	convDesc = conv3d, miopenConvolution, miopenPaddingDefault, {0, 0, 0}, {1, 2, 2}, {1, 1, 1}, 
MIOpen(HIP): 	algo = 5
MIOpen(HIP): 	beta = 0x7ffd68b9f550
MIOpen(HIP): 	yDesc = {1, 3072, 1, 34, 25}, {2611200, 1, 2611200, 76800, 3072}, packed, 
MIOpen(HIP): 	y = 0x7d6dd9c20000
MIOpen(HIP): 	workSpace = nullptr
MIOpen(HIP): 	workSpaceSize = 0
MIOpen(HIP): }
MIOpen(HIP): Command [LogCmdConvolution] ./bin/MIOpenDriver convbfp16 -n 1 -c 48 --in_d 1 -H 68 -W 50 -k 3072 --fil_d 1 -y 2 -x 2 --pad_d 0 -p 0 -q 0 --conv_stride_d 1 -u 2 -v 2 --dilation_d 1 -l 1 -j 1 --spatial_dim 3 --in_layout NDHWC --fil_layout NDHWC --out_layout NDHWC -m conv -g 1 -F 1 -t 1
MIOpen(HIP): Info [ConvolutionForward] algo = 5, workspace = 0
MIOpen(HIP): Info2 [GetInvoker] Returning an invoker for problem 48x1x68x50x1x2x2x3072x1x34x25x1xNDHWCxNDHWCxNDHWCxBF16x0x0x0x1x2x2x1x1x1x1xFxDefault and algorithm miopenConvolutionFwdAlgoImplicitGEMM
MIOpen(HIP): miopenStatus_t miopenDestroyConvolutionDescriptor(miopenConvolutionDescriptor_t){
MIOpen(HIP): 	convDesc = conv3d, miopenConvolution, miopenPaddingDefault, {0, 0, 0}, {1, 2, 2}, {1, 1, 1}, 
MIOpen(HIP): }
MIOpen(HIP): miopenStatus_t miopenDestroyTensorDescriptor(miopenTensorDescriptor_t){
MIOpen(HIP): 	tensorDesc = {3072, 48, 1, 2, 2}, {192, 1, 192, 96, 48}, packed, 
MIOpen(HIP): }
MIOpen(HIP): miopenStatus_t miopenDestroyTensorDescriptor(miopenTensorDescriptor_t){
MIOpen(HIP): 	tensorDesc = {1, 3072, 1, 34, 25}, {2611200, 1, 2611200, 76800, 3072}, packed, 
MIOpen(HIP): }
MIOpen(HIP): miopenStatus_t miopenDestroyTensorDescriptor(miopenTensorDescriptor_t){
MIOpen(HIP): 	tensorDesc = {1, 48, 1, 68, 50}, {163200, 1, 163200, 2400, 48}, packed, 
MIOpen(HIP): }
 24%|██▍       | 12/50 [00:07<00:20,  1.85it/s]MIOpen(HIP): Info [get_device_name] Raw device name: gfx1100
MIOpen(HIP): Info [SetStream] stream: 0, device_id: 0
MIOpen(HIP): miopenStatus_t miopenCreateTensorDescriptor(miopenTensorDescriptor_t *){
MIOpen(HIP): 	tensorDesc = 0x5
MIOpen(HIP): }
MIOpen(HIP): miopenStatus_t miopenSetTensorDescriptor(miopenTensorDescriptor_t, miopenDataType_t, int, const int *, const int *){
MIOpen(HIP): 	tensorDesc = {}, {}, packed, 
MIOpen(HIP): 	dataType = 5
MIOpen(HIP): 	nbDims = 5
MIOpen(HIP): 	dim.values = { 1 48 1 68 50 }
MIOpen(HIP): 	stride.values = { 163200 1 163200 2400 48 }
MIOpen(HIP): }
MIOpen(HIP): miopenStatus_t miopenCreateTensorDescriptor(miopenTensorDescriptor_t *){
MIOpen(HIP): 	tensorDesc = 0x96000027d80
MIOpen(HIP): }
MIOpen(HIP): miopenStatus_t miopenSetTensorDescriptor(miopenTensorDescriptor_t, miopenDataType_t, int, const int *, const int *){
MIOpen(HIP): 	tensorDesc = {}, {}, packed, 
MIOpen(HIP): 	dataType = 5
MIOpen(HIP): 	nbDims = 5
MIOpen(HIP): 	dim.values = { 3072 48 1 2 2 }
MIOpen(HIP): 	stride.values = { 192 1 192 96 48 }
MIOpen(HIP): }
MIOpen(HIP): miopenStatus_t miopenCreateTensorDescriptor(miopenTensorDescriptor_t *){
MIOpen(HIP): 	tensorDesc = 0x7d7626d37df6
MIOpen(HIP): }
MIOpen(HIP): miopenStatus_t miopenSetTensorDescriptor(miopenTensorDescriptor_t, miopenDataType_t, int, const int *, const int *){
MIOpen(HIP): 	tensorDesc = {}, {}, packed, 
MIOpen(HIP): 	dataType = 5
MIOpen(HIP): 	nbDims = 5
MIOpen(HIP): 	dim.values = { 1 3072 1 34 25 }
MIOpen(HIP): 	stride.values = { 2611200 1 2611200 76800 3072 }
MIOpen(HIP): }
MIOpen(HIP): miopenStatus_t miopenCreateConvolutionDescriptor(miopenConvolutionDescriptor_t *){
MIOpen(HIP): 	convDesc = 0x7ffd68b9f800
MIOpen(HIP): }
MIOpen(HIP): miopenStatus_t miopenInitConvolutionNdDescriptor(miopenConvolutionDescriptor_t, int, const int *, const int *, const int *, miopenConvolutionMode_t){
MIOpen(HIP): 	convDesc = conv2d, miopenConvolution, miopenPaddingDefault, {0, 0}, {1, 1}, {1, 1}, 
MIOpen(HIP): 	spatialDim = 3
MIOpen(HIP): 	pads = { 0 0 0 }
MIOpen(HIP): 	strides = { 1 2 2 }
MIOpen(HIP): 	dilations = { 1 1 1 }
MIOpen(HIP): 	c_mode = 0
MIOpen(HIP): }
MIOpen(HIP): miopenStatus_t miopenSetConvolutionGroupCount(miopenConvolutionDescriptor_t, int){
MIOpen(HIP): 	convDesc = conv3d, miopenConvolution, miopenPaddingDefault, {0, 0, 0}, {1, 2, 2}, {1, 1, 1}, 
MIOpen(HIP): 	groupCount = 1
MIOpen(HIP): }
MIOpen(HIP): miopenStatus_t miopenSetConvolutionAttribute(miopenConvolutionDescriptor_t, const miopenConvolutionAttrib_t, const int){
MIOpen(HIP): 	convDesc = conv3d, miopenConvolution, miopenPaddingDefault, {0, 0, 0}, {1, 2, 2}, {1, 1, 1}, 
MIOpen(HIP): 	attr = 1
MIOpen(HIP): 	value = 0
MIOpen(HIP): }
MIOpen(HIP): miopenStatus_t miopenConvolutionForward(miopenHandle_t, const void *, const miopenTensorDescriptor_t, const void *, const miopenTensorDescriptor_t, const void *, const miopenConvolutionDescriptor_t, miopenConvFwdAlgorithm_t, const void *, const miopenTensorDescriptor_t, void *, void *, size_t){
MIOpen(HIP): 	handle = stream: 0, device_id: 0
MIOpen(HIP): 	alpha = 0x7ffd68b9f548
MIOpen(HIP): 	xDesc = {1, 48, 1, 68, 50}, {163200, 1, 163200, 2400, 48}, packed, 
MIOpen(HIP): 	x = 0x7d705db00000
MIOpen(HIP): 	wDesc = {3072, 48, 1, 2, 2}, {192, 1, 192, 96, 48}, packed, 
MIOpen(HIP): 	w = 0x7d6e34e00000
MIOpen(HIP): 	convDesc = conv3d, miopenConvolution, miopenPaddingDefault, {0, 0, 0}, {1, 2, 2}, {1, 1, 1}, 
MIOpen(HIP): 	algo = 5
MIOpen(HIP): 	beta = 0x7ffd68b9f550
MIOpen(HIP): 	yDesc = {1, 3072, 1, 34, 25}, {2611200, 1, 2611200, 76800, 3072}, packed, 
MIOpen(HIP): 	y = 0x7d6dd9c20000
MIOpen(HIP): 	workSpace = nullptr
MIOpen(HIP): 	workSpaceSize = 0
MIOpen(HIP): }
MIOpen(HIP): Command [LogCmdConvolution] ./bin/MIOpenDriver convbfp16 -n 1 -c 48 --in_d 1 -H 68 -W 50 -k 3072 --fil_d 1 -y 2 -x 2 --pad_d 0 -p 0 -q 0 --conv_stride_d 1 -u 2 -v 2 --dilation_d 1 -l 1 -j 1 --spatial_dim 3 --in_layout NDHWC --fil_layout NDHWC --out_layout NDHWC -m conv -g 1 -F 1 -t 1
MIOpen(HIP): Info [ConvolutionForward] algo = 5, workspace = 0
MIOpen(HIP): Info2 [GetInvoker] Returning an invoker for problem 48x1x68x50x1x2x2x3072x1x34x25x1xNDHWCxNDHWCxNDHWCxBF16x0x0x0x1x2x2x1x1x1x1xFxDefault and algorithm miopenConvolutionFwdAlgoImplicitGEMM
MIOpen(HIP): miopenStatus_t miopenDestroyConvolutionDescriptor(miopenConvolutionDescriptor_t){
MIOpen(HIP): 	convDesc = conv3d, miopenConvolution, miopenPaddingDefault, {0, 0, 0}, {1, 2, 2}, {1, 1, 1}, 
MIOpen(HIP): }
MIOpen(HIP): miopenStatus_t miopenDestroyTensorDescriptor(miopenTensorDescriptor_t){
MIOpen(HIP): 	tensorDesc = {3072, 48, 1, 2, 2}, {192, 1, 192, 96, 48}, packed, 
MIOpen(HIP): }
MIOpen(HIP): miopenStatus_t miopenDestroyTensorDescriptor(miopenTensorDescriptor_t){
MIOpen(HIP): 	tensorDesc = {1, 3072, 1, 34, 25}, {2611200, 1, 2611200, 76800, 3072}, packed, 
MIOpen(HIP): }
MIOpen(HIP): miopenStatus_t miopenDestroyTensorDescriptor(miopenTensorDescriptor_t){
MIOpen(HIP): 	tensorDesc = {1, 48, 1, 68, 50}, {163200, 1, 163200, 2400, 48}, packed, 
MIOpen(HIP): }
MIOpen(HIP): Info [get_device_name] Raw device name: gfx1100
MIOpen(HIP): Info [SetStream] stream: 0, device_id: 0
MIOpen(HIP): miopenStatus_t miopenCreateTensorDescriptor(miopenTensorDescriptor_t *){
MIOpen(HIP): 	tensorDesc = 0x5
MIOpen(HIP): }
MIOpen(HIP): miopenStatus_t miopenSetTensorDescriptor(miopenTensorDescriptor_t, miopenDataType_t, int, const int *, const int *){
MIOpen(HIP): 	tensorDesc = {}, {}, packed, 
MIOpen(HIP): 	dataType = 5
MIOpen(HIP): 	nbDims = 5
MIOpen(HIP): 	dim.values = { 1 48 1 68 50 }
MIOpen(HIP): 	stride.values = { 163200 1 163200 2400 48 }
MIOpen(HIP): }
MIOpen(HIP): miopenStatus_t miopenCreateTensorDescriptor(miopenTensorDescriptor_t *){
MIOpen(HIP): 	tensorDesc = 0x96000027d80
MIOpen(HIP): }
MIOpen(HIP): miopenStatus_t miopenSetTensorDescriptor(miopenTensorDescriptor_t, miopenDataType_t, int, const int *, const int *){
MIOpen(HIP): 	tensorDesc = {}, {}, packed, 
MIOpen(HIP): 	dataType = 5
MIOpen(HIP): 	nbDims = 5
MIOpen(HIP): 	dim.values = { 3072 48 1 2 2 }
MIOpen(HIP): 	stride.values = { 192 1 192 96 48 }
MIOpen(HIP): }
MIOpen(HIP): miopenStatus_t miopenCreateTensorDescriptor(miopenTensorDescriptor_t *){
MIOpen(HIP): 	tensorDesc = 0x7d7626d37df6
MIOpen(HIP): }
MIOpen(HIP): miopenStatus_t miopenSetTensorDescriptor(miopenTensorDescriptor_t, miopenDataType_t, int, const int *, const int *){
MIOpen(HIP): 	tensorDesc = {}, {}, packed, 
MIOpen(HIP): 	dataType = 5
MIOpen(HIP): 	nbDims = 5
MIOpen(HIP): 	dim.values = { 1 3072 1 34 25 }
MIOpen(HIP): 	stride.values = { 2611200 1 2611200 76800 3072 }
MIOpen(HIP): }
MIOpen(HIP): miopenStatus_t miopenCreateConvolutionDescriptor(miopenConvolutionDescriptor_t *){
MIOpen(HIP): 	convDesc = 0x7ffd68b9f800
MIOpen(HIP): }
MIOpen(HIP): miopenStatus_t miopenInitConvolutionNdDescriptor(miopenConvolutionDescriptor_t, int, const int *, const int *, const int *, miopenConvolutionMode_t){
MIOpen(HIP): 	convDesc = conv2d, miopenConvolution, miopenPaddingDefault, {0, 0}, {1, 1}, {1, 1}, 
MIOpen(HIP): 	spatialDim = 3
MIOpen(HIP): 	pads = { 0 0 0 }
MIOpen(HIP): 	strides = { 1 2 2 }
MIOpen(HIP): 	dilations = { 1 1 1 }
MIOpen(HIP): 	c_mode = 0
MIOpen(HIP): }
MIOpen(HIP): miopenStatus_t miopenSetConvolutionGroupCount(miopenConvolutionDescriptor_t, int){
MIOpen(HIP): 	convDesc = conv3d, miopenConvolution, miopenPaddingDefault, {0, 0, 0}, {1, 2, 2}, {1, 1, 1}, 
MIOpen(HIP): 	groupCount = 1
MIOpen(HIP): }
MIOpen(HIP): miopenStatus_t miopenSetConvolutionAttribute(miopenConvolutionDescriptor_t, const miopenConvolutionAttrib_t, const int){
MIOpen(HIP): 	convDesc = conv3d, miopenConvolution, miopenPaddingDefault, {0, 0, 0}, {1, 2, 2}, {1, 1, 1}, 
MIOpen(HIP): 	attr = 1
MIOpen(HIP): 	value = 0
MIOpen(HIP): }
MIOpen(HIP): miopenStatus_t miopenConvolutionForward(miopenHandle_t, const void *, const miopenTensorDescriptor_t, const void *, const miopenTensorDescriptor_t, const void *, const miopenConvolutionDescriptor_t, miopenConvFwdAlgorithm_t, const void *, const miopenTensorDescriptor_t, void *, void *, size_t){
MIOpen(HIP): 	handle = stream: 0, device_id: 0
MIOpen(HIP): 	alpha = 0x7ffd68b9f548
MIOpen(HIP): 	xDesc = {1, 48, 1, 68, 50}, {163200, 1, 163200, 2400, 48}, packed, 
MIOpen(HIP): 	x = 0x7d705db9f600
MIOpen(HIP): 	wDesc = {3072, 48, 1, 2, 2}, {192, 1, 192, 96, 48}, packed, 
MIOpen(HIP): 	w = 0x7d6e34e00000
MIOpen(HIP): 	convDesc = conv3d, miopenConvolution, miopenPaddingDefault, {0, 0, 0}, {1, 2, 2}, {1, 1, 1}, 
MIOpen(HIP): 	algo = 5
MIOpen(HIP): 	beta = 0x7ffd68b9f550
MIOpen(HIP): 	yDesc = {1, 3072, 1, 34, 25}, {2611200, 1, 2611200, 76800, 3072}, packed, 
MIOpen(HIP): 	y = 0x7d6dd9c20000
MIOpen(HIP): 	workSpace = nullptr
MIOpen(HIP): 	workSpaceSize = 0
MIOpen(HIP): }
MIOpen(HIP): Command [LogCmdConvolution] ./bin/MIOpenDriver convbfp16 -n 1 -c 48 --in_d 1 -H 68 -W 50 -k 3072 --fil_d 1 -y 2 -x 2 --pad_d 0 -p 0 -q 0 --conv_stride_d 1 -u 2 -v 2 --dilation_d 1 -l 1 -j 1 --spatial_dim 3 --in_layout NDHWC --fil_layout NDHWC --out_layout NDHWC -m conv -g 1 -F 1 -t 1
MIOpen(HIP): Info [ConvolutionForward] algo = 5, workspace = 0
MIOpen(HIP): Info2 [GetInvoker] Returning an invoker for problem 48x1x68x50x1x2x2x3072x1x34x25x1xNDHWCxNDHWCxNDHWCxBF16x0x0x0x1x2x2x1x1x1x1xFxDefault and algorithm miopenConvolutionFwdAlgoImplicitGEMM
MIOpen(HIP): miopenStatus_t miopenDestroyConvolutionDescriptor(miopenConvolutionDescriptor_t){
MIOpen(HIP): 	convDesc = conv3d, miopenConvolution, miopenPaddingDefault, {0, 0, 0}, {1, 2, 2}, {1, 1, 1}, 
MIOpen(HIP): }
MIOpen(HIP): miopenStatus_t miopenDestroyTensorDescriptor(miopenTensorDescriptor_t){
MIOpen(HIP): 	tensorDesc = {3072, 48, 1, 2, 2}, {192, 1, 192, 96, 48}, packed, 
MIOpen(HIP): }
MIOpen(HIP): miopenStatus_t miopenDestroyTensorDescriptor(miopenTensorDescriptor_t){
MIOpen(HIP): 	tensorDesc = {1, 3072, 1, 34, 25}, {2611200, 1, 2611200, 76800, 3072}, packed, 
MIOpen(HIP): }
MIOpen(HIP): miopenStatus_t miopenDestroyTensorDescriptor(miopenTensorDescriptor_t){
MIOpen(HIP): 	tensorDesc = {1, 48, 1, 68, 50}, {163200, 1, 163200, 2400, 48}, packed, 
MIOpen(HIP): }
 26%|██▌       | 13/50 [00:07<00:19,  1.86it/s]MIOpen(HIP): Info [get_device_name] Raw device name: gfx1100
MIOpen(HIP): Info [SetStream] stream: 0, device_id: 0
MIOpen(HIP): miopenStatus_t miopenCreateTensorDescriptor(miopenTensorDescriptor_t *){
MIOpen(HIP): 	tensorDesc = 0x5
MIOpen(HIP): }
MIOpen(HIP): miopenStatus_t miopenSetTensorDescriptor(miopenTensorDescriptor_t, miopenDataType_t, int, const int *, const int *){
MIOpen(HIP): 	tensorDesc = {}, {}, packed, 
MIOpen(HIP): 	dataType = 5
MIOpen(HIP): 	nbDims = 5
MIOpen(HIP): 	dim.values = { 1 48 1 68 50 }
MIOpen(HIP): 	stride.values = { 163200 1 163200 2400 48 }
MIOpen(HIP): }
MIOpen(HIP): miopenStatus_t miopenCreateTensorDescriptor(miopenTensorDescriptor_t *){
MIOpen(HIP): 	tensorDesc = 0x96000027d80
MIOpen(HIP): }
MIOpen(HIP): miopenStatus_t miopenSetTensorDescriptor(miopenTensorDescriptor_t, miopenDataType_t, int, const int *, const int *){
MIOpen(HIP): 	tensorDesc = {}, {}, packed, 
MIOpen(HIP): 	dataType = 5
MIOpen(HIP): 	nbDims = 5
MIOpen(HIP): 	dim.values = { 3072 48 1 2 2 }
MIOpen(HIP): 	stride.values = { 192 1 192 96 48 }
MIOpen(HIP): }
MIOpen(HIP): miopenStatus_t miopenCreateTensorDescriptor(miopenTensorDescriptor_t *){
MIOpen(HIP): 	tensorDesc = 0x7d7626d37df6
MIOpen(HIP): }
MIOpen(HIP): miopenStatus_t miopenSetTensorDescriptor(miopenTensorDescriptor_t, miopenDataType_t, int, const int *, const int *){
MIOpen(HIP): 	tensorDesc = {}, {}, packed, 
MIOpen(HIP): 	dataType = 5
MIOpen(HIP): 	nbDims = 5
MIOpen(HIP): 	dim.values = { 1 3072 1 34 25 }
MIOpen(HIP): 	stride.values = { 2611200 1 2611200 76800 3072 }
MIOpen(HIP): }
MIOpen(HIP): miopenStatus_t miopenCreateConvolutionDescriptor(miopenConvolutionDescriptor_t *){
MIOpen(HIP): 	convDesc = 0x7ffd68b9f800
MIOpen(HIP): }
MIOpen(HIP): miopenStatus_t miopenInitConvolutionNdDescriptor(miopenConvolutionDescriptor_t, int, const int *, const int *, const int *, miopenConvolutionMode_t){
MIOpen(HIP): 	convDesc = conv2d, miopenConvolution, miopenPaddingDefault, {0, 0}, {1, 1}, {1, 1}, 
MIOpen(HIP): 	spatialDim = 3
MIOpen(HIP): 	pads = { 0 0 0 }
MIOpen(HIP): 	strides = { 1 2 2 }
MIOpen(HIP): 	dilations = { 1 1 1 }
MIOpen(HIP): 	c_mode = 0
MIOpen(HIP): }
MIOpen(HIP): miopenStatus_t miopenSetConvolutionGroupCount(miopenConvolutionDescriptor_t, int){
MIOpen(HIP): 	convDesc = conv3d, miopenConvolution, miopenPaddingDefault, {0, 0, 0}, {1, 2, 2}, {1, 1, 1}, 
MIOpen(HIP): 	groupCount = 1
MIOpen(HIP): }
MIOpen(HIP): miopenStatus_t miopenSetConvolutionAttribute(miopenConvolutionDescriptor_t, const miopenConvolutionAttrib_t, const int){
MIOpen(HIP): 	convDesc = conv3d, miopenConvolution, miopenPaddingDefault, {0, 0, 0}, {1, 2, 2}, {1, 1, 1}, 
MIOpen(HIP): 	attr = 1
MIOpen(HIP): 	value = 0
MIOpen(HIP): }
MIOpen(HIP): miopenStatus_t miopenConvolutionForward(miopenHandle_t, const void *, const miopenTensorDescriptor_t, const void *, const miopenTensorDescriptor_t, const void *, const miopenConvolutionDescriptor_t, miopenConvFwdAlgorithm_t, const void *, const miopenTensorDescriptor_t, void *, void *, size_t){
MIOpen(HIP): 	handle = stream: 0, device_id: 0
MIOpen(HIP): 	alpha = 0x7ffd68b9f548
MIOpen(HIP): 	xDesc = {1, 48, 1, 68, 50}, {163200, 1, 163200, 2400, 48}, packed, 
MIOpen(HIP): 	x = 0x7d705db9f600
MIOpen(HIP): 	wDesc = {3072, 48, 1, 2, 2}, {192, 1, 192, 96, 48}, packed, 
MIOpen(HIP): 	w = 0x7d6e34e00000
MIOpen(HIP): 	convDesc = conv3d, miopenConvolution, miopenPaddingDefault, {0, 0, 0}, {1, 2, 2}, {1, 1, 1}, 
MIOpen(HIP): 	algo = 5
MIOpen(HIP): 	beta = 0x7ffd68b9f550
MIOpen(HIP): 	yDesc = {1, 3072, 1, 34, 25}, {2611200, 1, 2611200, 76800, 3072}, packed, 
MIOpen(HIP): 	y = 0x7d6dd9c20000
MIOpen(HIP): 	workSpace = nullptr
MIOpen(HIP): 	workSpaceSize = 0
MIOpen(HIP): }
MIOpen(HIP): Command [LogCmdConvolution] ./bin/MIOpenDriver convbfp16 -n 1 -c 48 --in_d 1 -H 68 -W 50 -k 3072 --fil_d 1 -y 2 -x 2 --pad_d 0 -p 0 -q 0 --conv_stride_d 1 -u 2 -v 2 --dilation_d 1 -l 1 -j 1 --spatial_dim 3 --in_layout NDHWC --fil_layout NDHWC --out_layout NDHWC -m conv -g 1 -F 1 -t 1
MIOpen(HIP): Info [ConvolutionForward] algo = 5, workspace = 0
MIOpen(HIP): Info2 [GetInvoker] Returning an invoker for problem 48x1x68x50x1x2x2x3072x1x34x25x1xNDHWCxNDHWCxNDHWCxBF16x0x0x0x1x2x2x1x1x1x1xFxDefault and algorithm miopenConvolutionFwdAlgoImplicitGEMM
MIOpen(HIP): miopenStatus_t miopenDestroyConvolutionDescriptor(miopenConvolutionDescriptor_t){
MIOpen(HIP): 	convDesc = conv3d, miopenConvolution, miopenPaddingDefault, {0, 0, 0}, {1, 2, 2}, {1, 1, 1}, 
MIOpen(HIP): }
MIOpen(HIP): miopenStatus_t miopenDestroyTensorDescriptor(miopenTensorDescriptor_t){
MIOpen(HIP): 	tensorDesc = {3072, 48, 1, 2, 2}, {192, 1, 192, 96, 48}, packed, 
MIOpen(HIP): }
MIOpen(HIP): miopenStatus_t miopenDestroyTensorDescriptor(miopenTensorDescriptor_t){
MIOpen(HIP): 	tensorDesc = {1, 3072, 1, 34, 25}, {2611200, 1, 2611200, 76800, 3072}, packed, 
MIOpen(HIP): }
MIOpen(HIP): miopenStatus_t miopenDestroyTensorDescriptor(miopenTensorDescriptor_t){
MIOpen(HIP): 	tensorDesc = {1, 48, 1, 68, 50}, {163200, 1, 163200, 2400, 48}, packed, 
MIOpen(HIP): }
MIOpen(HIP): Info [get_device_name] Raw device name: gfx1100
MIOpen(HIP): Info [SetStream] stream: 0, device_id: 0
MIOpen(HIP): miopenStatus_t miopenCreateTensorDescriptor(miopenTensorDescriptor_t *){
MIOpen(HIP): 	tensorDesc = 0x5
MIOpen(HIP): }
MIOpen(HIP): miopenStatus_t miopenSetTensorDescriptor(miopenTensorDescriptor_t, miopenDataType_t, int, const int *, const int *){
MIOpen(HIP): 	tensorDesc = {}, {}, packed, 
MIOpen(HIP): 	dataType = 5
MIOpen(HIP): 	nbDims = 5
MIOpen(HIP): 	dim.values = { 1 48 1 68 50 }
MIOpen(HIP): 	stride.values = { 163200 1 163200 2400 48 }
MIOpen(HIP): }
MIOpen(HIP): miopenStatus_t miopenCreateTensorDescriptor(miopenTensorDescriptor_t *){
MIOpen(HIP): 	tensorDesc = 0x96000027d80
MIOpen(HIP): }
MIOpen(HIP): miopenStatus_t miopenSetTensorDescriptor(miopenTensorDescriptor_t, miopenDataType_t, int, const int *, const int *){
MIOpen(HIP): 	tensorDesc = {}, {}, packed, 
MIOpen(HIP): 	dataType = 5
MIOpen(HIP): 	nbDims = 5
MIOpen(HIP): 	dim.values = { 3072 48 1 2 2 }
MIOpen(HIP): 	stride.values = { 192 1 192 96 48 }
MIOpen(HIP): }
MIOpen(HIP): miopenStatus_t miopenCreateTensorDescriptor(miopenTensorDescriptor_t *){
MIOpen(HIP): 	tensorDesc = 0x7d7626d37df6
MIOpen(HIP): }
MIOpen(HIP): miopenStatus_t miopenSetTensorDescriptor(miopenTensorDescriptor_t, miopenDataType_t, int, const int *, const int *){
MIOpen(HIP): 	tensorDesc = {}, {}, packed, 
MIOpen(HIP): 	dataType = 5
MIOpen(HIP): 	nbDims = 5
MIOpen(HIP): 	dim.values = { 1 3072 1 34 25 }
MIOpen(HIP): 	stride.values = { 2611200 1 2611200 76800 3072 }
MIOpen(HIP): }
MIOpen(HIP): miopenStatus_t miopenCreateConvolutionDescriptor(miopenConvolutionDescriptor_t *){
MIOpen(HIP): 	convDesc = 0x7ffd68b9f800
MIOpen(HIP): }
MIOpen(HIP): miopenStatus_t miopenInitConvolutionNdDescriptor(miopenConvolutionDescriptor_t, int, const int *, const int *, const int *, miopenConvolutionMode_t){
MIOpen(HIP): 	convDesc = conv2d, miopenConvolution, miopenPaddingDefault, {0, 0}, {1, 1}, {1, 1}, 
MIOpen(HIP): 	spatialDim = 3
MIOpen(HIP): 	pads = { 0 0 0 }
MIOpen(HIP): 	strides = { 1 2 2 }
MIOpen(HIP): 	dilations = { 1 1 1 }
MIOpen(HIP): 	c_mode = 0
MIOpen(HIP): }
MIOpen(HIP): miopenStatus_t miopenSetConvolutionGroupCount(miopenConvolutionDescriptor_t, int){
MIOpen(HIP): 	convDesc = conv3d, miopenConvolution, miopenPaddingDefault, {0, 0, 0}, {1, 2, 2}, {1, 1, 1}, 
MIOpen(HIP): 	groupCount = 1
MIOpen(HIP): }
MIOpen(HIP): miopenStatus_t miopenSetConvolutionAttribute(miopenConvolutionDescriptor_t, const miopenConvolutionAttrib_t, const int){
MIOpen(HIP): 	convDesc = conv3d, miopenConvolution, miopenPaddingDefault, {0, 0, 0}, {1, 2, 2}, {1, 1, 1}, 
MIOpen(HIP): 	attr = 1
MIOpen(HIP): 	value = 0
MIOpen(HIP): }
MIOpen(HIP): miopenStatus_t miopenConvolutionForward(miopenHandle_t, const void *, const miopenTensorDescriptor_t, const void *, const miopenTensorDescriptor_t, const void *, const miopenConvolutionDescriptor_t, miopenConvFwdAlgorithm_t, const void *, const miopenTensorDescriptor_t, void *, void *, size_t){
MIOpen(HIP): 	handle = stream: 0, device_id: 0
MIOpen(HIP): 	alpha = 0x7ffd68b9f548
MIOpen(HIP): 	xDesc = {1, 48, 1, 68, 50}, {163200, 1, 163200, 2400, 48}, packed, 
MIOpen(HIP): 	x = 0x7d705db9f600
MIOpen(HIP): 	wDesc = {3072, 48, 1, 2, 2}, {192, 1, 192, 96, 48}, packed, 
MIOpen(HIP): 	w = 0x7d6e34e00000
MIOpen(HIP): 	convDesc = conv3d, miopenConvolution, miopenPaddingDefault, {0, 0, 0}, {1, 2, 2}, {1, 1, 1}, 
MIOpen(HIP): 	algo = 5
MIOpen(HIP): 	beta = 0x7ffd68b9f550
MIOpen(HIP): 	yDesc = {1, 3072, 1, 34, 25}, {2611200, 1, 2611200, 76800, 3072}, packed, 
MIOpen(HIP): 	y = 0x7d6dd9c20000
MIOpen(HIP): 	workSpace = nullptr
MIOpen(HIP): 	workSpaceSize = 0
MIOpen(HIP): }
MIOpen(HIP): Command [LogCmdConvolution] ./bin/MIOpenDriver convbfp16 -n 1 -c 48 --in_d 1 -H 68 -W 50 -k 3072 --fil_d 1 -y 2 -x 2 --pad_d 0 -p 0 -q 0 --conv_stride_d 1 -u 2 -v 2 --dilation_d 1 -l 1 -j 1 --spatial_dim 3 --in_layout NDHWC --fil_layout NDHWC --out_layout NDHWC -m conv -g 1 -F 1 -t 1
MIOpen(HIP): Info [ConvolutionForward] algo = 5, workspace = 0
MIOpen(HIP): Info2 [GetInvoker] Returning an invoker for problem 48x1x68x50x1x2x2x3072x1x34x25x1xNDHWCxNDHWCxNDHWCxBF16x0x0x0x1x2x2x1x1x1x1xFxDefault and algorithm miopenConvolutionFwdAlgoImplicitGEMM
MIOpen(HIP): miopenStatus_t miopenDestroyConvolutionDescriptor(miopenConvolutionDescriptor_t){
MIOpen(HIP): 	convDesc = conv3d, miopenConvolution, miopenPaddingDefault, {0, 0, 0}, {1, 2, 2}, {1, 1, 1}, 
MIOpen(HIP): }
MIOpen(HIP): miopenStatus_t miopenDestroyTensorDescriptor(miopenTensorDescriptor_t){
MIOpen(HIP): 	tensorDesc = {3072, 48, 1, 2, 2}, {192, 1, 192, 96, 48}, packed, 
MIOpen(HIP): }
MIOpen(HIP): miopenStatus_t miopenDestroyTensorDescriptor(miopenTensorDescriptor_t){
MIOpen(HIP): 	tensorDesc = {1, 3072, 1, 34, 25}, {2611200, 1, 2611200, 76800, 3072}, packed, 
MIOpen(HIP): }
MIOpen(HIP): miopenStatus_t miopenDestroyTensorDescriptor(miopenTensorDescriptor_t){
MIOpen(HIP): 	tensorDesc = {1, 48, 1, 68, 50}, {163200, 1, 163200, 2400, 48}, packed, 
MIOpen(HIP): }
 28%|██▊       | 14/50 [00:08<00:19,  1.86it/s]MIOpen(HIP): Info [get_device_name] Raw device name: gfx1100
MIOpen(HIP): Info [SetStream] stream: 0, device_id: 0
MIOpen(HIP): miopenStatus_t miopenCreateTensorDescriptor(miopenTensorDescriptor_t *){
MIOpen(HIP): 	tensorDesc = 0x5
MIOpen(HIP): }
MIOpen(HIP): miopenStatus_t miopenSetTensorDescriptor(miopenTensorDescriptor_t, miopenDataType_t, int, const int *, const int *){
MIOpen(HIP): 	tensorDesc = {}, {}, packed, 
MIOpen(HIP): 	dataType = 5
MIOpen(HIP): 	nbDims = 5
MIOpen(HIP): 	dim.values = { 1 48 1 68 50 }
MIOpen(HIP): 	stride.values = { 163200 1 163200 2400 48 }
MIOpen(HIP): }
MIOpen(HIP): miopenStatus_t miopenCreateTensorDescriptor(miopenTensorDescriptor_t *){
MIOpen(HIP): 	tensorDesc = 0x96000027d80
MIOpen(HIP): }
MIOpen(HIP): miopenStatus_t miopenSetTensorDescriptor(miopenTensorDescriptor_t, miopenDataType_t, int, const int *, const int *){
MIOpen(HIP): 	tensorDesc = {}, {}, packed, 
MIOpen(HIP): 	dataType = 5
MIOpen(HIP): 	nbDims = 5
MIOpen(HIP): 	dim.values = { 3072 48 1 2 2 }
MIOpen(HIP): 	stride.values = { 192 1 192 96 48 }
MIOpen(HIP): }
MIOpen(HIP): miopenStatus_t miopenCreateTensorDescriptor(miopenTensorDescriptor_t *){
MIOpen(HIP): 	tensorDesc = 0x7d7626d37df6
MIOpen(HIP): }
MIOpen(HIP): miopenStatus_t miopenSetTensorDescriptor(miopenTensorDescriptor_t, miopenDataType_t, int, const int *, const int *){
MIOpen(HIP): 	tensorDesc = {}, {}, packed, 
MIOpen(HIP): 	dataType = 5
MIOpen(HIP): 	nbDims = 5
MIOpen(HIP): 	dim.values = { 1 3072 1 34 25 }
MIOpen(HIP): 	stride.values = { 2611200 1 2611200 76800 3072 }
MIOpen(HIP): }
MIOpen(HIP): miopenStatus_t miopenCreateConvolutionDescriptor(miopenConvolutionDescriptor_t *){
MIOpen(HIP): 	convDesc = 0x7ffd68b9f800
MIOpen(HIP): }
MIOpen(HIP): miopenStatus_t miopenInitConvolutionNdDescriptor(miopenConvolutionDescriptor_t, int, const int *, const int *, const int *, miopenConvolutionMode_t){
MIOpen(HIP): 	convDesc = conv2d, miopenConvolution, miopenPaddingDefault, {0, 0}, {1, 1}, {1, 1}, 
MIOpen(HIP): 	spatialDim = 3
MIOpen(HIP): 	pads = { 0 0 0 }
MIOpen(HIP): 	strides = { 1 2 2 }
MIOpen(HIP): 	dilations = { 1 1 1 }
MIOpen(HIP): 	c_mode = 0
MIOpen(HIP): }
MIOpen(HIP): miopenStatus_t miopenSetConvolutionGroupCount(miopenConvolutionDescriptor_t, int){
MIOpen(HIP): 	convDesc = conv3d, miopenConvolution, miopenPaddingDefault, {0, 0, 0}, {1, 2, 2}, {1, 1, 1}, 
MIOpen(HIP): 	groupCount = 1
MIOpen(HIP): }
MIOpen(HIP): miopenStatus_t miopenSetConvolutionAttribute(miopenConvolutionDescriptor_t, const miopenConvolutionAttrib_t, const int){
MIOpen(HIP): 	convDesc = conv3d, miopenConvolution, miopenPaddingDefault, {0, 0, 0}, {1, 2, 2}, {1, 1, 1}, 
MIOpen(HIP): 	attr = 1
MIOpen(HIP): 	value = 0
MIOpen(HIP): }
MIOpen(HIP): miopenStatus_t miopenConvolutionForward(miopenHandle_t, const void *, const miopenTensorDescriptor_t, const void *, const miopenTensorDescriptor_t, const void *, const miopenConvolutionDescriptor_t, miopenConvFwdAlgorithm_t, const void *, const miopenTensorDescriptor_t, void *, void *, size_t){
MIOpen(HIP): 	handle = stream: 0, device_id: 0
MIOpen(HIP): 	alpha = 0x7ffd68b9f548
MIOpen(HIP): 	xDesc = {1, 48, 1, 68, 50}, {163200, 1, 163200, 2400, 48}, packed, 
MIOpen(HIP): 	x = 0x7d705db00000
MIOpen(HIP): 	wDesc = {3072, 48, 1, 2, 2}, {192, 1, 192, 96, 48}, packed, 
MIOpen(HIP): 	w = 0x7d6e34e00000
MIOpen(HIP): 	convDesc = conv3d, miopenConvolution, miopenPaddingDefault, {0, 0, 0}, {1, 2, 2}, {1, 1, 1}, 
MIOpen(HIP): 	algo = 5
MIOpen(HIP): 	beta = 0x7ffd68b9f550
MIOpen(HIP): 	yDesc = {1, 3072, 1, 34, 25}, {2611200, 1, 2611200, 76800, 3072}, packed, 
MIOpen(HIP): 	y = 0x7d6dd9c20000
MIOpen(HIP): 	workSpace = nullptr
MIOpen(HIP): 	workSpaceSize = 0
MIOpen(HIP): }
MIOpen(HIP): Command [LogCmdConvolution] ./bin/MIOpenDriver convbfp16 -n 1 -c 48 --in_d 1 -H 68 -W 50 -k 3072 --fil_d 1 -y 2 -x 2 --pad_d 0 -p 0 -q 0 --conv_stride_d 1 -u 2 -v 2 --dilation_d 1 -l 1 -j 1 --spatial_dim 3 --in_layout NDHWC --fil_layout NDHWC --out_layout NDHWC -m conv -g 1 -F 1 -t 1
MIOpen(HIP): Info [ConvolutionForward] algo = 5, workspace = 0
MIOpen(HIP): Info2 [GetInvoker] Returning an invoker for problem 48x1x68x50x1x2x2x3072x1x34x25x1xNDHWCxNDHWCxNDHWCxBF16x0x0x0x1x2x2x1x1x1x1xFxDefault and algorithm miopenConvolutionFwdAlgoImplicitGEMM
MIOpen(HIP): miopenStatus_t miopenDestroyConvolutionDescriptor(miopenConvolutionDescriptor_t){
MIOpen(HIP): 	convDesc = conv3d, miopenConvolution, miopenPaddingDefault, {0, 0, 0}, {1, 2, 2}, {1, 1, 1}, 
MIOpen(HIP): }
MIOpen(HIP): miopenStatus_t miopenDestroyTensorDescriptor(miopenTensorDescriptor_t){
MIOpen(HIP): 	tensorDesc = {3072, 48, 1, 2, 2}, {192, 1, 192, 96, 48}, packed, 
MIOpen(HIP): }
MIOpen(HIP): miopenStatus_t miopenDestroyTensorDescriptor(miopenTensorDescriptor_t){
MIOpen(HIP): 	tensorDesc = {1, 3072, 1, 34, 25}, {2611200, 1, 2611200, 76800, 3072}, packed, 
MIOpen(HIP): }
MIOpen(HIP): miopenStatus_t miopenDestroyTensorDescriptor(miopenTensorDescriptor_t){
MIOpen(HIP): 	tensorDesc = {1, 48, 1, 68, 50}, {163200, 1, 163200, 2400, 48}, packed, 
MIOpen(HIP): }
MIOpen(HIP): Info [get_device_name] Raw device name: gfx1100
MIOpen(HIP): Info [SetStream] stream: 0, device_id: 0
MIOpen(HIP): miopenStatus_t miopenCreateTensorDescriptor(miopenTensorDescriptor_t *){
MIOpen(HIP): 	tensorDesc = 0x5
MIOpen(HIP): }
MIOpen(HIP): miopenStatus_t miopenSetTensorDescriptor(miopenTensorDescriptor_t, miopenDataType_t, int, const int *, const int *){
MIOpen(HIP): 	tensorDesc = {}, {}, packed, 
MIOpen(HIP): 	dataType = 5
MIOpen(HIP): 	nbDims = 5
MIOpen(HIP): 	dim.values = { 1 48 1 68 50 }
MIOpen(HIP): 	stride.values = { 163200 1 163200 2400 48 }
MIOpen(HIP): }
MIOpen(HIP): miopenStatus_t miopenCreateTensorDescriptor(miopenTensorDescriptor_t *){
MIOpen(HIP): 	tensorDesc = 0x96000027d80
MIOpen(HIP): }
MIOpen(HIP): miopenStatus_t miopenSetTensorDescriptor(miopenTensorDescriptor_t, miopenDataType_t, int, const int *, const int *){
MIOpen(HIP): 	tensorDesc = {}, {}, packed, 
MIOpen(HIP): 	dataType = 5
MIOpen(HIP): 	nbDims = 5
MIOpen(HIP): 	dim.values = { 3072 48 1 2 2 }
MIOpen(HIP): 	stride.values = { 192 1 192 96 48 }
MIOpen(HIP): }
MIOpen(HIP): miopenStatus_t miopenCreateTensorDescriptor(miopenTensorDescriptor_t *){
MIOpen(HIP): 	tensorDesc = 0x7d7626d37df6
MIOpen(HIP): }
MIOpen(HIP): miopenStatus_t miopenSetTensorDescriptor(miopenTensorDescriptor_t, miopenDataType_t, int, const int *, const int *){
MIOpen(HIP): 	tensorDesc = {}, {}, packed, 
MIOpen(HIP): 	dataType = 5
MIOpen(HIP): 	nbDims = 5
MIOpen(HIP): 	dim.values = { 1 3072 1 34 25 }
MIOpen(HIP): 	stride.values = { 2611200 1 2611200 76800 3072 }
MIOpen(HIP): }
MIOpen(HIP): miopenStatus_t miopenCreateConvolutionDescriptor(miopenConvolutionDescriptor_t *){
MIOpen(HIP): 	convDesc = 0x7ffd68b9f800
MIOpen(HIP): }
MIOpen(HIP): miopenStatus_t miopenInitConvolutionNdDescriptor(miopenConvolutionDescriptor_t, int, const int *, const int *, const int *, miopenConvolutionMode_t){
MIOpen(HIP): 	convDesc = conv2d, miopenConvolution, miopenPaddingDefault, {0, 0}, {1, 1}, {1, 1}, 
MIOpen(HIP): 	spatialDim = 3
MIOpen(HIP): 	pads = { 0 0 0 }
MIOpen(HIP): 	strides = { 1 2 2 }
MIOpen(HIP): 	dilations = { 1 1 1 }
MIOpen(HIP): 	c_mode = 0
MIOpen(HIP): }
MIOpen(HIP): miopenStatus_t miopenSetConvolutionGroupCount(miopenConvolutionDescriptor_t, int){
MIOpen(HIP): 	convDesc = conv3d, miopenConvolution, miopenPaddingDefault, {0, 0, 0}, {1, 2, 2}, {1, 1, 1}, 
MIOpen(HIP): 	groupCount = 1
MIOpen(HIP): }
MIOpen(HIP): miopenStatus_t miopenSetConvolutionAttribute(miopenConvolutionDescriptor_t, const miopenConvolutionAttrib_t, const int){
MIOpen(HIP): 	convDesc = conv3d, miopenConvolution, miopenPaddingDefault, {0, 0, 0}, {1, 2, 2}, {1, 1, 1}, 
MIOpen(HIP): 	attr = 1
MIOpen(HIP): 	value = 0
MIOpen(HIP): }
MIOpen(HIP): miopenStatus_t miopenConvolutionForward(miopenHandle_t, const void *, const miopenTensorDescriptor_t, const void *, const miopenTensorDescriptor_t, const void *, const miopenConvolutionDescriptor_t, miopenConvFwdAlgorithm_t, const void *, const miopenTensorDescriptor_t, void *, void *, size_t){
MIOpen(HIP): 	handle = stream: 0, device_id: 0
MIOpen(HIP): 	alpha = 0x7ffd68b9f548
MIOpen(HIP): 	xDesc = {1, 48, 1, 68, 50}, {163200, 1, 163200, 2400, 48}, packed, 
MIOpen(HIP): 	x = 0x7d705db00000
MIOpen(HIP): 	wDesc = {3072, 48, 1, 2, 2}, {192, 1, 192, 96, 48}, packed, 
MIOpen(HIP): 	w = 0x7d6e34e00000
MIOpen(HIP): 	convDesc = conv3d, miopenConvolution, miopenPaddingDefault, {0, 0, 0}, {1, 2, 2}, {1, 1, 1}, 
MIOpen(HIP): 	algo = 5
MIOpen(HIP): 	beta = 0x7ffd68b9f550
MIOpen(HIP): 	yDesc = {1, 3072, 1, 34, 25}, {2611200, 1, 2611200, 76800, 3072}, packed, 
MIOpen(HIP): 	y = 0x7d6dd9c20000
MIOpen(HIP): 	workSpace = nullptr
MIOpen(HIP): 	workSpaceSize = 0
MIOpen(HIP): }
MIOpen(HIP): Command [LogCmdConvolution] ./bin/MIOpenDriver convbfp16 -n 1 -c 48 --in_d 1 -H 68 -W 50 -k 3072 --fil_d 1 -y 2 -x 2 --pad_d 0 -p 0 -q 0 --conv_stride_d 1 -u 2 -v 2 --dilation_d 1 -l 1 -j 1 --spatial_dim 3 --in_layout NDHWC --fil_layout NDHWC --out_layout NDHWC -m conv -g 1 -F 1 -t 1
MIOpen(HIP): Info [ConvolutionForward] algo = 5, workspace = 0
MIOpen(HIP): Info2 [GetInvoker] Returning an invoker for problem 48x1x68x50x1x2x2x3072x1x34x25x1xNDHWCxNDHWCxNDHWCxBF16x0x0x0x1x2x2x1x1x1x1xFxDefault and algorithm miopenConvolutionFwdAlgoImplicitGEMM
MIOpen(HIP): miopenStatus_t miopenDestroyConvolutionDescriptor(miopenConvolutionDescriptor_t){
MIOpen(HIP): 	convDesc = conv3d, miopenConvolution, miopenPaddingDefault, {0, 0, 0}, {1, 2, 2}, {1, 1, 1}, 
MIOpen(HIP): }
MIOpen(HIP): miopenStatus_t miopenDestroyTensorDescriptor(miopenTensorDescriptor_t){
MIOpen(HIP): 	tensorDesc = {3072, 48, 1, 2, 2}, {192, 1, 192, 96, 48}, packed, 
MIOpen(HIP): }
MIOpen(HIP): miopenStatus_t miopenDestroyTensorDescriptor(miopenTensorDescriptor_t){
MIOpen(HIP): 	tensorDesc = {1, 3072, 1, 34, 25}, {2611200, 1, 2611200, 76800, 3072}, packed, 
MIOpen(HIP): }
MIOpen(HIP): miopenStatus_t miopenDestroyTensorDescriptor(miopenTensorDescriptor_t){
MIOpen(HIP): 	tensorDesc = {1, 48, 1, 68, 50}, {163200, 1, 163200, 2400, 48}, packed, 
MIOpen(HIP): }
 30%|███       | 15/50 [00:08<00:18,  1.87it/s]MIOpen(HIP): Info [get_device_name] Raw device name: gfx1100
MIOpen(HIP): Info [SetStream] stream: 0, device_id: 0
MIOpen(HIP): miopenStatus_t miopenCreateTensorDescriptor(miopenTensorDescriptor_t *){
MIOpen(HIP): 	tensorDesc = 0x5
MIOpen(HIP): }
MIOpen(HIP): miopenStatus_t miopenSetTensorDescriptor(miopenTensorDescriptor_t, miopenDataType_t, int, const int *, const int *){
MIOpen(HIP): 	tensorDesc = {}, {}, packed, 
MIOpen(HIP): 	dataType = 5
MIOpen(HIP): 	nbDims = 5
MIOpen(HIP): 	dim.values = { 1 48 1 68 50 }
MIOpen(HIP): 	stride.values = { 163200 1 163200 2400 48 }
MIOpen(HIP): }
MIOpen(HIP): miopenStatus_t miopenCreateTensorDescriptor(miopenTensorDescriptor_t *){
MIOpen(HIP): 	tensorDesc = 0x96000027d80
MIOpen(HIP): }
MIOpen(HIP): miopenStatus_t miopenSetTensorDescriptor(miopenTensorDescriptor_t, miopenDataType_t, int, const int *, const int *){
MIOpen(HIP): 	tensorDesc = {}, {}, packed, 
MIOpen(HIP): 	dataType = 5
MIOpen(HIP): 	nbDims = 5
MIOpen(HIP): 	dim.values = { 3072 48 1 2 2 }
MIOpen(HIP): 	stride.values = { 192 1 192 96 48 }
MIOpen(HIP): }
MIOpen(HIP): miopenStatus_t miopenCreateTensorDescriptor(miopenTensorDescriptor_t *){
MIOpen(HIP): 	tensorDesc = 0x7d7626d37df6
MIOpen(HIP): }
MIOpen(HIP): miopenStatus_t miopenSetTensorDescriptor(miopenTensorDescriptor_t, miopenDataType_t, int, const int *, const int *){
MIOpen(HIP): 	tensorDesc = {}, {}, packed, 
MIOpen(HIP): 	dataType = 5
MIOpen(HIP): 	nbDims = 5
MIOpen(HIP): 	dim.values = { 1 3072 1 34 25 }
MIOpen(HIP): 	stride.values = { 2611200 1 2611200 76800 3072 }
MIOpen(HIP): }
MIOpen(HIP): miopenStatus_t miopenCreateConvolutionDescriptor(miopenConvolutionDescriptor_t *){
MIOpen(HIP): 	convDesc = 0x7ffd68b9f800
MIOpen(HIP): }
MIOpen(HIP): miopenStatus_t miopenInitConvolutionNdDescriptor(miopenConvolutionDescriptor_t, int, const int *, const int *, const int *, miopenConvolutionMode_t){
MIOpen(HIP): 	convDesc = conv2d, miopenConvolution, miopenPaddingDefault, {0, 0}, {1, 1}, {1, 1}, 
MIOpen(HIP): 	spatialDim = 3
MIOpen(HIP): 	pads = { 0 0 0 }
MIOpen(HIP): 	strides = { 1 2 2 }
MIOpen(HIP): 	dilations = { 1 1 1 }
MIOpen(HIP): 	c_mode = 0
MIOpen(HIP): }
MIOpen(HIP): miopenStatus_t miopenSetConvolutionGroupCount(miopenConvolutionDescriptor_t, int){
MIOpen(HIP): 	convDesc = conv3d, miopenConvolution, miopenPaddingDefault, {0, 0, 0}, {1, 2, 2}, {1, 1, 1}, 
MIOpen(HIP): 	groupCount = 1
MIOpen(HIP): }
MIOpen(HIP): miopenStatus_t miopenSetConvolutionAttribute(miopenConvolutionDescriptor_t, const miopenConvolutionAttrib_t, const int){
MIOpen(HIP): 	convDesc = conv3d, miopenConvolution, miopenPaddingDefault, {0, 0, 0}, {1, 2, 2}, {1, 1, 1}, 
MIOpen(HIP): 	attr = 1
MIOpen(HIP): 	value = 0
MIOpen(HIP): }
MIOpen(HIP): miopenStatus_t miopenConvolutionForward(miopenHandle_t, const void *, const miopenTensorDescriptor_t, const void *, const miopenTensorDescriptor_t, const void *, const miopenConvolutionDescriptor_t, miopenConvFwdAlgorithm_t, const void *, const miopenTensorDescriptor_t, void *, void *, size_t){
MIOpen(HIP): 	handle = stream: 0, device_id: 0
MIOpen(HIP): 	alpha = 0x7ffd68b9f548
MIOpen(HIP): 	xDesc = {1, 48, 1, 68, 50}, {163200, 1, 163200, 2400, 48}, packed, 
MIOpen(HIP): 	x = 0x7d705db00000
MIOpen(HIP): 	wDesc = {3072, 48, 1, 2, 2}, {192, 1, 192, 96, 48}, packed, 
MIOpen(HIP): 	w = 0x7d6e34e00000
MIOpen(HIP): 	convDesc = conv3d, miopenConvolution, miopenPaddingDefault, {0, 0, 0}, {1, 2, 2}, {1, 1, 1}, 
MIOpen(HIP): 	algo = 5
MIOpen(HIP): 	beta = 0x7ffd68b9f550
MIOpen(HIP): 	yDesc = {1, 3072, 1, 34, 25}, {2611200, 1, 2611200, 76800, 3072}, packed, 
MIOpen(HIP): 	y = 0x7d6dd9c20000
MIOpen(HIP): 	workSpace = nullptr
MIOpen(HIP): 	workSpaceSize = 0
MIOpen(HIP): }
MIOpen(HIP): Command [LogCmdConvolution] ./bin/MIOpenDriver convbfp16 -n 1 -c 48 --in_d 1 -H 68 -W 50 -k 3072 --fil_d 1 -y 2 -x 2 --pad_d 0 -p 0 -q 0 --conv_stride_d 1 -u 2 -v 2 --dilation_d 1 -l 1 -j 1 --spatial_dim 3 --in_layout NDHWC --fil_layout NDHWC --out_layout NDHWC -m conv -g 1 -F 1 -t 1
MIOpen(HIP): Info [ConvolutionForward] algo = 5, workspace = 0
MIOpen(HIP): Info2 [GetInvoker] Returning an invoker for problem 48x1x68x50x1x2x2x3072x1x34x25x1xNDHWCxNDHWCxNDHWCxBF16x0x0x0x1x2x2x1x1x1x1xFxDefault and algorithm miopenConvolutionFwdAlgoImplicitGEMM
MIOpen(HIP): miopenStatus_t miopenDestroyConvolutionDescriptor(miopenConvolutionDescriptor_t){
MIOpen(HIP): 	convDesc = conv3d, miopenConvolution, miopenPaddingDefault, {0, 0, 0}, {1, 2, 2}, {1, 1, 1}, 
MIOpen(HIP): }
MIOpen(HIP): miopenStatus_t miopenDestroyTensorDescriptor(miopenTensorDescriptor_t){
MIOpen(HIP): 	tensorDesc = {3072, 48, 1, 2, 2}, {192, 1, 192, 96, 48}, packed, 
MIOpen(HIP): }
MIOpen(HIP): miopenStatus_t miopenDestroyTensorDescriptor(miopenTensorDescriptor_t){
MIOpen(HIP): 	tensorDesc = {1, 3072, 1, 34, 25}, {2611200, 1, 2611200, 76800, 3072}, packed, 
MIOpen(HIP): }
MIOpen(HIP): miopenStatus_t miopenDestroyTensorDescriptor(miopenTensorDescriptor_t){
MIOpen(HIP): 	tensorDesc = {1, 48, 1, 68, 50}, {163200, 1, 163200, 2400, 48}, packed, 
MIOpen(HIP): }
MIOpen(HIP): Info [get_device_name] Raw device name: gfx1100
MIOpen(HIP): Info [SetStream] stream: 0, device_id: 0
MIOpen(HIP): miopenStatus_t miopenCreateTensorDescriptor(miopenTensorDescriptor_t *){
MIOpen(HIP): 	tensorDesc = 0x5
MIOpen(HIP): }
MIOpen(HIP): miopenStatus_t miopenSetTensorDescriptor(miopenTensorDescriptor_t, miopenDataType_t, int, const int *, const int *){
MIOpen(HIP): 	tensorDesc = {}, {}, packed, 
MIOpen(HIP): 	dataType = 5
MIOpen(HIP): 	nbDims = 5
MIOpen(HIP): 	dim.values = { 1 48 1 68 50 }
MIOpen(HIP): 	stride.values = { 163200 1 163200 2400 48 }
MIOpen(HIP): }
MIOpen(HIP): miopenStatus_t miopenCreateTensorDescriptor(miopenTensorDescriptor_t *){
MIOpen(HIP): 	tensorDesc = 0x96000027d80
MIOpen(HIP): }
MIOpen(HIP): miopenStatus_t miopenSetTensorDescriptor(miopenTensorDescriptor_t, miopenDataType_t, int, const int *, const int *){
MIOpen(HIP): 	tensorDesc = {}, {}, packed, 
MIOpen(HIP): 	dataType = 5
MIOpen(HIP): 	nbDims = 5
MIOpen(HIP): 	dim.values = { 3072 48 1 2 2 }
MIOpen(HIP): 	stride.values = { 192 1 192 96 48 }
MIOpen(HIP): }
MIOpen(HIP): miopenStatus_t miopenCreateTensorDescriptor(miopenTensorDescriptor_t *){
MIOpen(HIP): 	tensorDesc = 0x7d7626d37df6
MIOpen(HIP): }
MIOpen(HIP): miopenStatus_t miopenSetTensorDescriptor(miopenTensorDescriptor_t, miopenDataType_t, int, const int *, const int *){
MIOpen(HIP): 	tensorDesc = {}, {}, packed, 
MIOpen(HIP): 	dataType = 5
MIOpen(HIP): 	nbDims = 5
MIOpen(HIP): 	dim.values = { 1 3072 1 34 25 }
MIOpen(HIP): 	stride.values = { 2611200 1 2611200 76800 3072 }
MIOpen(HIP): }
MIOpen(HIP): miopenStatus_t miopenCreateConvolutionDescriptor(miopenConvolutionDescriptor_t *){
MIOpen(HIP): 	convDesc = 0x7ffd68b9f800
MIOpen(HIP): }
MIOpen(HIP): miopenStatus_t miopenInitConvolutionNdDescriptor(miopenConvolutionDescriptor_t, int, const int *, const int *, const int *, miopenConvolutionMode_t){
MIOpen(HIP): 	convDesc = conv2d, miopenConvolution, miopenPaddingDefault, {0, 0}, {1, 1}, {1, 1}, 
MIOpen(HIP): 	spatialDim = 3
MIOpen(HIP): 	pads = { 0 0 0 }
MIOpen(HIP): 	strides = { 1 2 2 }
MIOpen(HIP): 	dilations = { 1 1 1 }
MIOpen(HIP): 	c_mode = 0
MIOpen(HIP): }
MIOpen(HIP): miopenStatus_t miopenSetConvolutionGroupCount(miopenConvolutionDescriptor_t, int){
MIOpen(HIP): 	convDesc = conv3d, miopenConvolution, miopenPaddingDefault, {0, 0, 0}, {1, 2, 2}, {1, 1, 1}, 
MIOpen(HIP): 	groupCount = 1
MIOpen(HIP): }
MIOpen(HIP): miopenStatus_t miopenSetConvolutionAttribute(miopenConvolutionDescriptor_t, const miopenConvolutionAttrib_t, const int){
MIOpen(HIP): 	convDesc = conv3d, miopenConvolution, miopenPaddingDefault, {0, 0, 0}, {1, 2, 2}, {1, 1, 1}, 
MIOpen(HIP): 	attr = 1
MIOpen(HIP): 	value = 0
MIOpen(HIP): }
MIOpen(HIP): miopenStatus_t miopenConvolutionForward(miopenHandle_t, const void *, const miopenTensorDescriptor_t, const void *, const miopenTensorDescriptor_t, const void *, const miopenConvolutionDescriptor_t, miopenConvFwdAlgorithm_t, const void *, const miopenTensorDescriptor_t, void *, void *, size_t){
MIOpen(HIP): 	handle = stream: 0, device_id: 0
MIOpen(HIP): 	alpha = 0x7ffd68b9f548
MIOpen(HIP): 	xDesc = {1, 48, 1, 68, 50}, {163200, 1, 163200, 2400, 48}, packed, 
MIOpen(HIP): 	x = 0x7d705db00000
MIOpen(HIP): 	wDesc = {3072, 48, 1, 2, 2}, {192, 1, 192, 96, 48}, packed, 
MIOpen(HIP): 	w = 0x7d6e34e00000
MIOpen(HIP): 	convDesc = conv3d, miopenConvolution, miopenPaddingDefault, {0, 0, 0}, {1, 2, 2}, {1, 1, 1}, 
MIOpen(HIP): 	algo = 5
MIOpen(HIP): 	beta = 0x7ffd68b9f550
MIOpen(HIP): 	yDesc = {1, 3072, 1, 34, 25}, {2611200, 1, 2611200, 76800, 3072}, packed, 
MIOpen(HIP): 	y = 0x7d6dd9c20000
MIOpen(HIP): 	workSpace = nullptr
MIOpen(HIP): 	workSpaceSize = 0
MIOpen(HIP): }
MIOpen(HIP): Command [LogCmdConvolution] ./bin/MIOpenDriver convbfp16 -n 1 -c 48 --in_d 1 -H 68 -W 50 -k 3072 --fil_d 1 -y 2 -x 2 --pad_d 0 -p 0 -q 0 --conv_stride_d 1 -u 2 -v 2 --dilation_d 1 -l 1 -j 1 --spatial_dim 3 --in_layout NDHWC --fil_layout NDHWC --out_layout NDHWC -m conv -g 1 -F 1 -t 1
MIOpen(HIP): Info [ConvolutionForward] algo = 5, workspace = 0
MIOpen(HIP): Info2 [GetInvoker] Returning an invoker for problem 48x1x68x50x1x2x2x3072x1x34x25x1xNDHWCxNDHWCxNDHWCxBF16x0x0x0x1x2x2x1x1x1x1xFxDefault and algorithm miopenConvolutionFwdAlgoImplicitGEMM
MIOpen(HIP): miopenStatus_t miopenDestroyConvolutionDescriptor(miopenConvolutionDescriptor_t){
MIOpen(HIP): 	convDesc = conv3d, miopenConvolution, miopenPaddingDefault, {0, 0, 0}, {1, 2, 2}, {1, 1, 1}, 
MIOpen(HIP): }
MIOpen(HIP): miopenStatus_t miopenDestroyTensorDescriptor(miopenTensorDescriptor_t){
MIOpen(HIP): 	tensorDesc = {3072, 48, 1, 2, 2}, {192, 1, 192, 96, 48}, packed, 
MIOpen(HIP): }
MIOpen(HIP): miopenStatus_t miopenDestroyTensorDescriptor(miopenTensorDescriptor_t){
MIOpen(HIP): 	tensorDesc = {1, 3072, 1, 34, 25}, {2611200, 1, 2611200, 76800, 3072}, packed, 
MIOpen(HIP): }
MIOpen(HIP): miopenStatus_t miopenDestroyTensorDescriptor(miopenTensorDescriptor_t){
MIOpen(HIP): 	tensorDesc = {1, 48, 1, 68, 50}, {163200, 1, 163200, 2400, 48}, packed, 
MIOpen(HIP): }
 32%|███▏      | 16/50 [00:09<00:18,  1.86it/s]MIOpen(HIP): Info [get_device_name] Raw device name: gfx1100
MIOpen(HIP): Info [SetStream] stream: 0, device_id: 0
MIOpen(HIP): miopenStatus_t miopenCreateTensorDescriptor(miopenTensorDescriptor_t *){
MIOpen(HIP): 	tensorDesc = 0x5
MIOpen(HIP): }
MIOpen(HIP): miopenStatus_t miopenSetTensorDescriptor(miopenTensorDescriptor_t, miopenDataType_t, int, const int *, const int *){
MIOpen(HIP): 	tensorDesc = {}, {}, packed, 
MIOpen(HIP): 	dataType = 5
MIOpen(HIP): 	nbDims = 5
MIOpen(HIP): 	dim.values = { 1 48 1 68 50 }
MIOpen(HIP): 	stride.values = { 163200 1 163200 2400 48 }
MIOpen(HIP): }
MIOpen(HIP): miopenStatus_t miopenCreateTensorDescriptor(miopenTensorDescriptor_t *){
MIOpen(HIP): 	tensorDesc = 0x96000027d80
MIOpen(HIP): }
MIOpen(HIP): miopenStatus_t miopenSetTensorDescriptor(miopenTensorDescriptor_t, miopenDataType_t, int, const int *, const int *){
MIOpen(HIP): 	tensorDesc = {}, {}, packed, 
MIOpen(HIP): 	dataType = 5
MIOpen(HIP): 	nbDims = 5
MIOpen(HIP): 	dim.values = { 3072 48 1 2 2 }
MIOpen(HIP): 	stride.values = { 192 1 192 96 48 }
MIOpen(HIP): }
MIOpen(HIP): miopenStatus_t miopenCreateTensorDescriptor(miopenTensorDescriptor_t *){
MIOpen(HIP): 	tensorDesc = 0x7d7626d37df6
MIOpen(HIP): }
MIOpen(HIP): miopenStatus_t miopenSetTensorDescriptor(miopenTensorDescriptor_t, miopenDataType_t, int, const int *, const int *){
MIOpen(HIP): 	tensorDesc = {}, {}, packed, 
MIOpen(HIP): 	dataType = 5
MIOpen(HIP): 	nbDims = 5
MIOpen(HIP): 	dim.values = { 1 3072 1 34 25 }
MIOpen(HIP): 	stride.values = { 2611200 1 2611200 76800 3072 }
MIOpen(HIP): }
MIOpen(HIP): miopenStatus_t miopenCreateConvolutionDescriptor(miopenConvolutionDescriptor_t *){
MIOpen(HIP): 	convDesc = 0x7ffd68b9f800
MIOpen(HIP): }
MIOpen(HIP): miopenStatus_t miopenInitConvolutionNdDescriptor(miopenConvolutionDescriptor_t, int, const int *, const int *, const int *, miopenConvolutionMode_t){
MIOpen(HIP): 	convDesc = conv2d, miopenConvolution, miopenPaddingDefault, {0, 0}, {1, 1}, {1, 1}, 
MIOpen(HIP): 	spatialDim = 3
MIOpen(HIP): 	pads = { 0 0 0 }
MIOpen(HIP): 	strides = { 1 2 2 }
MIOpen(HIP): 	dilations = { 1 1 1 }
MIOpen(HIP): 	c_mode = 0
MIOpen(HIP): }
MIOpen(HIP): miopenStatus_t miopenSetConvolutionGroupCount(miopenConvolutionDescriptor_t, int){
MIOpen(HIP): 	convDesc = conv3d, miopenConvolution, miopenPaddingDefault, {0, 0, 0}, {1, 2, 2}, {1, 1, 1}, 
MIOpen(HIP): 	groupCount = 1
MIOpen(HIP): }
MIOpen(HIP): miopenStatus_t miopenSetConvolutionAttribute(miopenConvolutionDescriptor_t, const miopenConvolutionAttrib_t, const int){
MIOpen(HIP): 	convDesc = conv3d, miopenConvolution, miopenPaddingDefault, {0, 0, 0}, {1, 2, 2}, {1, 1, 1}, 
MIOpen(HIP): 	attr = 1
MIOpen(HIP): 	value = 0
MIOpen(HIP): }
MIOpen(HIP): miopenStatus_t miopenConvolutionForward(miopenHandle_t, const void *, const miopenTensorDescriptor_t, const void *, const miopenTensorDescriptor_t, const void *, const miopenConvolutionDescriptor_t, miopenConvFwdAlgorithm_t, const void *, const miopenTensorDescriptor_t, void *, void *, size_t){
MIOpen(HIP): 	handle = stream: 0, device_id: 0
MIOpen(HIP): 	alpha = 0x7ffd68b9f548
MIOpen(HIP): 	xDesc = {1, 48, 1, 68, 50}, {163200, 1, 163200, 2400, 48}, packed, 
MIOpen(HIP): 	x = 0x7d705db00000
MIOpen(HIP): 	wDesc = {3072, 48, 1, 2, 2}, {192, 1, 192, 96, 48}, packed, 
MIOpen(HIP): 	w = 0x7d6e34e00000
MIOpen(HIP): 	convDesc = conv3d, miopenConvolution, miopenPaddingDefault, {0, 0, 0}, {1, 2, 2}, {1, 1, 1}, 
MIOpen(HIP): 	algo = 5
MIOpen(HIP): 	beta = 0x7ffd68b9f550
MIOpen(HIP): 	yDesc = {1, 3072, 1, 34, 25}, {2611200, 1, 2611200, 76800, 3072}, packed, 
MIOpen(HIP): 	y = 0x7d6dd9c20000
MIOpen(HIP): 	workSpace = nullptr
MIOpen(HIP): 	workSpaceSize = 0
MIOpen(HIP): }
MIOpen(HIP): Command [LogCmdConvolution] ./bin/MIOpenDriver convbfp16 -n 1 -c 48 --in_d 1 -H 68 -W 50 -k 3072 --fil_d 1 -y 2 -x 2 --pad_d 0 -p 0 -q 0 --conv_stride_d 1 -u 2 -v 2 --dilation_d 1 -l 1 -j 1 --spatial_dim 3 --in_layout NDHWC --fil_layout NDHWC --out_layout NDHWC -m conv -g 1 -F 1 -t 1
MIOpen(HIP): Info [ConvolutionForward] algo = 5, workspace = 0
MIOpen(HIP): Info2 [GetInvoker] Returning an invoker for problem 48x1x68x50x1x2x2x3072x1x34x25x1xNDHWCxNDHWCxNDHWCxBF16x0x0x0x1x2x2x1x1x1x1xFxDefault and algorithm miopenConvolutionFwdAlgoImplicitGEMM
MIOpen(HIP): miopenStatus_t miopenDestroyConvolutionDescriptor(miopenConvolutionDescriptor_t){
MIOpen(HIP): 	convDesc = conv3d, miopenConvolution, miopenPaddingDefault, {0, 0, 0}, {1, 2, 2}, {1, 1, 1}, 
MIOpen(HIP): }
MIOpen(HIP): miopenStatus_t miopenDestroyTensorDescriptor(miopenTensorDescriptor_t){
MIOpen(HIP): 	tensorDesc = {3072, 48, 1, 2, 2}, {192, 1, 192, 96, 48}, packed, 
MIOpen(HIP): }
MIOpen(HIP): miopenStatus_t miopenDestroyTensorDescriptor(miopenTensorDescriptor_t){
MIOpen(HIP): 	tensorDesc = {1, 3072, 1, 34, 25}, {2611200, 1, 2611200, 76800, 3072}, packed, 
MIOpen(HIP): }
MIOpen(HIP): miopenStatus_t miopenDestroyTensorDescriptor(miopenTensorDescriptor_t){
MIOpen(HIP): 	tensorDesc = {1, 48, 1, 68, 50}, {163200, 1, 163200, 2400, 48}, packed, 
MIOpen(HIP): }
MIOpen(HIP): Info [get_device_name] Raw device name: gfx1100
MIOpen(HIP): Info [SetStream] stream: 0, device_id: 0
MIOpen(HIP): miopenStatus_t miopenCreateTensorDescriptor(miopenTensorDescriptor_t *){
MIOpen(HIP): 	tensorDesc = 0x5
MIOpen(HIP): }
MIOpen(HIP): miopenStatus_t miopenSetTensorDescriptor(miopenTensorDescriptor_t, miopenDataType_t, int, const int *, const int *){
MIOpen(HIP): 	tensorDesc = {}, {}, packed, 
MIOpen(HIP): 	dataType = 5
MIOpen(HIP): 	nbDims = 5
MIOpen(HIP): 	dim.values = { 1 48 1 68 50 }
MIOpen(HIP): 	stride.values = { 163200 1 163200 2400 48 }
MIOpen(HIP): }
MIOpen(HIP): miopenStatus_t miopenCreateTensorDescriptor(miopenTensorDescriptor_t *){
MIOpen(HIP): 	tensorDesc = 0x96000027d80
MIOpen(HIP): }
MIOpen(HIP): miopenStatus_t miopenSetTensorDescriptor(miopenTensorDescriptor_t, miopenDataType_t, int, const int *, const int *){
MIOpen(HIP): 	tensorDesc = {}, {}, packed, 
MIOpen(HIP): 	dataType = 5
MIOpen(HIP): 	nbDims = 5
MIOpen(HIP): 	dim.values = { 3072 48 1 2 2 }
MIOpen(HIP): 	stride.values = { 192 1 192 96 48 }
MIOpen(HIP): }
MIOpen(HIP): miopenStatus_t miopenCreateTensorDescriptor(miopenTensorDescriptor_t *){
MIOpen(HIP): 	tensorDesc = 0x7d7626d37df6
MIOpen(HIP): }
MIOpen(HIP): miopenStatus_t miopenSetTensorDescriptor(miopenTensorDescriptor_t, miopenDataType_t, int, const int *, const int *){
MIOpen(HIP): 	tensorDesc = {}, {}, packed, 
MIOpen(HIP): 	dataType = 5
MIOpen(HIP): 	nbDims = 5
MIOpen(HIP): 	dim.values = { 1 3072 1 34 25 }
MIOpen(HIP): 	stride.values = { 2611200 1 2611200 76800 3072 }
MIOpen(HIP): }
MIOpen(HIP): miopenStatus_t miopenCreateConvolutionDescriptor(miopenConvolutionDescriptor_t *){
MIOpen(HIP): 	convDesc = 0x7ffd68b9f800
MIOpen(HIP): }
MIOpen(HIP): miopenStatus_t miopenInitConvolutionNdDescriptor(miopenConvolutionDescriptor_t, int, const int *, const int *, const int *, miopenConvolutionMode_t){
MIOpen(HIP): 	convDesc = conv2d, miopenConvolution, miopenPaddingDefault, {0, 0}, {1, 1}, {1, 1}, 
MIOpen(HIP): 	spatialDim = 3
MIOpen(HIP): 	pads = { 0 0 0 }
MIOpen(HIP): 	strides = { 1 2 2 }
MIOpen(HIP): 	dilations = { 1 1 1 }
MIOpen(HIP): 	c_mode = 0
MIOpen(HIP): }
MIOpen(HIP): miopenStatus_t miopenSetConvolutionGroupCount(miopenConvolutionDescriptor_t, int){
MIOpen(HIP): 	convDesc = conv3d, miopenConvolution, miopenPaddingDefault, {0, 0, 0}, {1, 2, 2}, {1, 1, 1}, 
MIOpen(HIP): 	groupCount = 1
MIOpen(HIP): }
MIOpen(HIP): miopenStatus_t miopenSetConvolutionAttribute(miopenConvolutionDescriptor_t, const miopenConvolutionAttrib_t, const int){
MIOpen(HIP): 	convDesc = conv3d, miopenConvolution, miopenPaddingDefault, {0, 0, 0}, {1, 2, 2}, {1, 1, 1}, 
MIOpen(HIP): 	attr = 1
MIOpen(HIP): 	value = 0
MIOpen(HIP): }
MIOpen(HIP): miopenStatus_t miopenConvolutionForward(miopenHandle_t, const void *, const miopenTensorDescriptor_t, const void *, const miopenTensorDescriptor_t, const void *, const miopenConvolutionDescriptor_t, miopenConvFwdAlgorithm_t, const void *, const miopenTensorDescriptor_t, void *, void *, size_t){
MIOpen(HIP): 	handle = stream: 0, device_id: 0
MIOpen(HIP): 	alpha = 0x7ffd68b9f548
MIOpen(HIP): 	xDesc = {1, 48, 1, 68, 50}, {163200, 1, 163200, 2400, 48}, packed, 
MIOpen(HIP): 	x = 0x7d705db00000
MIOpen(HIP): 	wDesc = {3072, 48, 1, 2, 2}, {192, 1, 192, 96, 48}, packed, 
MIOpen(HIP): 	w = 0x7d6e34e00000
MIOpen(HIP): 	convDesc = conv3d, miopenConvolution, miopenPaddingDefault, {0, 0, 0}, {1, 2, 2}, {1, 1, 1}, 
MIOpen(HIP): 	algo = 5
MIOpen(HIP): 	beta = 0x7ffd68b9f550
MIOpen(HIP): 	yDesc = {1, 3072, 1, 34, 25}, {2611200, 1, 2611200, 76800, 3072}, packed, 
MIOpen(HIP): 	y = 0x7d6dd9c20000
MIOpen(HIP): 	workSpace = nullptr
MIOpen(HIP): 	workSpaceSize = 0
MIOpen(HIP): }
MIOpen(HIP): Command [LogCmdConvolution] ./bin/MIOpenDriver convbfp16 -n 1 -c 48 --in_d 1 -H 68 -W 50 -k 3072 --fil_d 1 -y 2 -x 2 --pad_d 0 -p 0 -q 0 --conv_stride_d 1 -u 2 -v 2 --dilation_d 1 -l 1 -j 1 --spatial_dim 3 --in_layout NDHWC --fil_layout NDHWC --out_layout NDHWC -m conv -g 1 -F 1 -t 1
MIOpen(HIP): Info [ConvolutionForward] algo = 5, workspace = 0
MIOpen(HIP): Info2 [GetInvoker] Returning an invoker for problem 48x1x68x50x1x2x2x3072x1x34x25x1xNDHWCxNDHWCxNDHWCxBF16x0x0x0x1x2x2x1x1x1x1xFxDefault and algorithm miopenConvolutionFwdAlgoImplicitGEMM
MIOpen(HIP): miopenStatus_t miopenDestroyConvolutionDescriptor(miopenConvolutionDescriptor_t){
MIOpen(HIP): 	convDesc = conv3d, miopenConvolution, miopenPaddingDefault, {0, 0, 0}, {1, 2, 2}, {1, 1, 1}, 
MIOpen(HIP): }
MIOpen(HIP): miopenStatus_t miopenDestroyTensorDescriptor(miopenTensorDescriptor_t){
MIOpen(HIP): 	tensorDesc = {3072, 48, 1, 2, 2}, {192, 1, 192, 96, 48}, packed, 
MIOpen(HIP): }
MIOpen(HIP): miopenStatus_t miopenDestroyTensorDescriptor(miopenTensorDescriptor_t){
MIOpen(HIP): 	tensorDesc = {1, 3072, 1, 34, 25}, {2611200, 1, 2611200, 76800, 3072}, packed, 
MIOpen(HIP): }
MIOpen(HIP): miopenStatus_t miopenDestroyTensorDescriptor(miopenTensorDescriptor_t){
MIOpen(HIP): 	tensorDesc = {1, 48, 1, 68, 50}, {163200, 1, 163200, 2400, 48}, packed, 
MIOpen(HIP): }
 34%|███▍      | 17/50 [00:09<00:17,  1.86it/s]MIOpen(HIP): Info [get_device_name] Raw device name: gfx1100
MIOpen(HIP): Info [SetStream] stream: 0, device_id: 0
MIOpen(HIP): miopenStatus_t miopenCreateTensorDescriptor(miopenTensorDescriptor_t *){
MIOpen(HIP): 	tensorDesc = 0x5
MIOpen(HIP): }
MIOpen(HIP): miopenStatus_t miopenSetTensorDescriptor(miopenTensorDescriptor_t, miopenDataType_t, int, const int *, const int *){
MIOpen(HIP): 	tensorDesc = {}, {}, packed, 
MIOpen(HIP): 	dataType = 5
MIOpen(HIP): 	nbDims = 5
MIOpen(HIP): 	dim.values = { 1 48 1 68 50 }
MIOpen(HIP): 	stride.values = { 163200 1 163200 2400 48 }
MIOpen(HIP): }
MIOpen(HIP): miopenStatus_t miopenCreateTensorDescriptor(miopenTensorDescriptor_t *){
MIOpen(HIP): 	tensorDesc = 0x96000027d80
MIOpen(HIP): }
MIOpen(HIP): miopenStatus_t miopenSetTensorDescriptor(miopenTensorDescriptor_t, miopenDataType_t, int, const int *, const int *){
MIOpen(HIP): 	tensorDesc = {}, {}, packed, 
MIOpen(HIP): 	dataType = 5
MIOpen(HIP): 	nbDims = 5
MIOpen(HIP): 	dim.values = { 3072 48 1 2 2 }
MIOpen(HIP): 	stride.values = { 192 1 192 96 48 }
MIOpen(HIP): }
MIOpen(HIP): miopenStatus_t miopenCreateTensorDescriptor(miopenTensorDescriptor_t *){
MIOpen(HIP): 	tensorDesc = 0x7d7626d37df6
MIOpen(HIP): }
MIOpen(HIP): miopenStatus_t miopenSetTensorDescriptor(miopenTensorDescriptor_t, miopenDataType_t, int, const int *, const int *){
MIOpen(HIP): 	tensorDesc = {}, {}, packed, 
MIOpen(HIP): 	dataType = 5
MIOpen(HIP): 	nbDims = 5
MIOpen(HIP): 	dim.values = { 1 3072 1 34 25 }
MIOpen(HIP): 	stride.values = { 2611200 1 2611200 76800 3072 }
MIOpen(HIP): }
MIOpen(HIP): miopenStatus_t miopenCreateConvolutionDescriptor(miopenConvolutionDescriptor_t *){
MIOpen(HIP): 	convDesc = 0x7ffd68b9f800
MIOpen(HIP): }
MIOpen(HIP): miopenStatus_t miopenInitConvolutionNdDescriptor(miopenConvolutionDescriptor_t, int, const int *, const int *, const int *, miopenConvolutionMode_t){
MIOpen(HIP): 	convDesc = conv2d, miopenConvolution, miopenPaddingDefault, {0, 0}, {1, 1}, {1, 1}, 
MIOpen(HIP): 	spatialDim = 3
MIOpen(HIP): 	pads = { 0 0 0 }
MIOpen(HIP): 	strides = { 1 2 2 }
MIOpen(HIP): 	dilations = { 1 1 1 }
MIOpen(HIP): 	c_mode = 0
MIOpen(HIP): }
MIOpen(HIP): miopenStatus_t miopenSetConvolutionGroupCount(miopenConvolutionDescriptor_t, int){
MIOpen(HIP): 	convDesc = conv3d, miopenConvolution, miopenPaddingDefault, {0, 0, 0}, {1, 2, 2}, {1, 1, 1}, 
MIOpen(HIP): 	groupCount = 1
MIOpen(HIP): }
MIOpen(HIP): miopenStatus_t miopenSetConvolutionAttribute(miopenConvolutionDescriptor_t, const miopenConvolutionAttrib_t, const int){
MIOpen(HIP): 	convDesc = conv3d, miopenConvolution, miopenPaddingDefault, {0, 0, 0}, {1, 2, 2}, {1, 1, 1}, 
MIOpen(HIP): 	attr = 1
MIOpen(HIP): 	value = 0
MIOpen(HIP): }
MIOpen(HIP): miopenStatus_t miopenConvolutionForward(miopenHandle_t, const void *, const miopenTensorDescriptor_t, const void *, const miopenTensorDescriptor_t, const void *, const miopenConvolutionDescriptor_t, miopenConvFwdAlgorithm_t, const void *, const miopenTensorDescriptor_t, void *, void *, size_t){
MIOpen(HIP): 	handle = stream: 0, device_id: 0
MIOpen(HIP): 	alpha = 0x7ffd68b9f548
MIOpen(HIP): 	xDesc = {1, 48, 1, 68, 50}, {163200, 1, 163200, 2400, 48}, packed, 
MIOpen(HIP): 	x = 0x7d705db9f600
MIOpen(HIP): 	wDesc = {3072, 48, 1, 2, 2}, {192, 1, 192, 96, 48}, packed, 
MIOpen(HIP): 	w = 0x7d6e34e00000
MIOpen(HIP): 	convDesc = conv3d, miopenConvolution, miopenPaddingDefault, {0, 0, 0}, {1, 2, 2}, {1, 1, 1}, 
MIOpen(HIP): 	algo = 5
MIOpen(HIP): 	beta = 0x7ffd68b9f550
MIOpen(HIP): 	yDesc = {1, 3072, 1, 34, 25}, {2611200, 1, 2611200, 76800, 3072}, packed, 
MIOpen(HIP): 	y = 0x7d6dd9c20000
MIOpen(HIP): 	workSpace = nullptr
MIOpen(HIP): 	workSpaceSize = 0
MIOpen(HIP): }
MIOpen(HIP): Command [LogCmdConvolution] ./bin/MIOpenDriver convbfp16 -n 1 -c 48 --in_d 1 -H 68 -W 50 -k 3072 --fil_d 1 -y 2 -x 2 --pad_d 0 -p 0 -q 0 --conv_stride_d 1 -u 2 -v 2 --dilation_d 1 -l 1 -j 1 --spatial_dim 3 --in_layout NDHWC --fil_layout NDHWC --out_layout NDHWC -m conv -g 1 -F 1 -t 1
MIOpen(HIP): Info [ConvolutionForward] algo = 5, workspace = 0
MIOpen(HIP): Info2 [GetInvoker] Returning an invoker for problem 48x1x68x50x1x2x2x3072x1x34x25x1xNDHWCxNDHWCxNDHWCxBF16x0x0x0x1x2x2x1x1x1x1xFxDefault and algorithm miopenConvolutionFwdAlgoImplicitGEMM
MIOpen(HIP): miopenStatus_t miopenDestroyConvolutionDescriptor(miopenConvolutionDescriptor_t){
MIOpen(HIP): 	convDesc = conv3d, miopenConvolution, miopenPaddingDefault, {0, 0, 0}, {1, 2, 2}, {1, 1, 1}, 
MIOpen(HIP): }
MIOpen(HIP): miopenStatus_t miopenDestroyTensorDescriptor(miopenTensorDescriptor_t){
MIOpen(HIP): 	tensorDesc = {3072, 48, 1, 2, 2}, {192, 1, 192, 96, 48}, packed, 
MIOpen(HIP): }
MIOpen(HIP): miopenStatus_t miopenDestroyTensorDescriptor(miopenTensorDescriptor_t){
MIOpen(HIP): 	tensorDesc = {1, 3072, 1, 34, 25}, {2611200, 1, 2611200, 76800, 3072}, packed, 
MIOpen(HIP): }
MIOpen(HIP): miopenStatus_t miopenDestroyTensorDescriptor(miopenTensorDescriptor_t){
MIOpen(HIP): 	tensorDesc = {1, 48, 1, 68, 50}, {163200, 1, 163200, 2400, 48}, packed, 
MIOpen(HIP): }
MIOpen(HIP): Info [get_device_name] Raw device name: gfx1100
MIOpen(HIP): Info [SetStream] stream: 0, device_id: 0
MIOpen(HIP): miopenStatus_t miopenCreateTensorDescriptor(miopenTensorDescriptor_t *){
MIOpen(HIP): 	tensorDesc = 0x5
MIOpen(HIP): }
MIOpen(HIP): miopenStatus_t miopenSetTensorDescriptor(miopenTensorDescriptor_t, miopenDataType_t, int, const int *, const int *){
MIOpen(HIP): 	tensorDesc = {}, {}, packed, 
MIOpen(HIP): 	dataType = 5
MIOpen(HIP): 	nbDims = 5
MIOpen(HIP): 	dim.values = { 1 48 1 68 50 }
MIOpen(HIP): 	stride.values = { 163200 1 163200 2400 48 }
MIOpen(HIP): }
MIOpen(HIP): miopenStatus_t miopenCreateTensorDescriptor(miopenTensorDescriptor_t *){
MIOpen(HIP): 	tensorDesc = 0x96000027d80
MIOpen(HIP): }
MIOpen(HIP): miopenStatus_t miopenSetTensorDescriptor(miopenTensorDescriptor_t, miopenDataType_t, int, const int *, const int *){
MIOpen(HIP): 	tensorDesc = {}, {}, packed, 
MIOpen(HIP): 	dataType = 5
MIOpen(HIP): 	nbDims = 5
MIOpen(HIP): 	dim.values = { 3072 48 1 2 2 }
MIOpen(HIP): 	stride.values = { 192 1 192 96 48 }
MIOpen(HIP): }
MIOpen(HIP): miopenStatus_t miopenCreateTensorDescriptor(miopenTensorDescriptor_t *){
MIOpen(HIP): 	tensorDesc = 0x7d7626d37df6
MIOpen(HIP): }
MIOpen(HIP): miopenStatus_t miopenSetTensorDescriptor(miopenTensorDescriptor_t, miopenDataType_t, int, const int *, const int *){
MIOpen(HIP): 	tensorDesc = {}, {}, packed, 
MIOpen(HIP): 	dataType = 5
MIOpen(HIP): 	nbDims = 5
MIOpen(HIP): 	dim.values = { 1 3072 1 34 25 }
MIOpen(HIP): 	stride.values = { 2611200 1 2611200 76800 3072 }
MIOpen(HIP): }
MIOpen(HIP): miopenStatus_t miopenCreateConvolutionDescriptor(miopenConvolutionDescriptor_t *){
MIOpen(HIP): 	convDesc = 0x7ffd68b9f800
MIOpen(HIP): }
MIOpen(HIP): miopenStatus_t miopenInitConvolutionNdDescriptor(miopenConvolutionDescriptor_t, int, const int *, const int *, const int *, miopenConvolutionMode_t){
MIOpen(HIP): 	convDesc = conv2d, miopenConvolution, miopenPaddingDefault, {0, 0}, {1, 1}, {1, 1}, 
MIOpen(HIP): 	spatialDim = 3
MIOpen(HIP): 	pads = { 0 0 0 }
MIOpen(HIP): 	strides = { 1 2 2 }
MIOpen(HIP): 	dilations = { 1 1 1 }
MIOpen(HIP): 	c_mode = 0
MIOpen(HIP): }
MIOpen(HIP): miopenStatus_t miopenSetConvolutionGroupCount(miopenConvolutionDescriptor_t, int){
MIOpen(HIP): 	convDesc = conv3d, miopenConvolution, miopenPaddingDefault, {0, 0, 0}, {1, 2, 2}, {1, 1, 1}, 
MIOpen(HIP): 	groupCount = 1
MIOpen(HIP): }
MIOpen(HIP): miopenStatus_t miopenSetConvolutionAttribute(miopenConvolutionDescriptor_t, const miopenConvolutionAttrib_t, const int){
MIOpen(HIP): 	convDesc = conv3d, miopenConvolution, miopenPaddingDefault, {0, 0, 0}, {1, 2, 2}, {1, 1, 1}, 
MIOpen(HIP): 	attr = 1
MIOpen(HIP): 	value = 0
MIOpen(HIP): }
MIOpen(HIP): miopenStatus_t miopenConvolutionForward(miopenHandle_t, const void *, const miopenTensorDescriptor_t, const void *, const miopenTensorDescriptor_t, const void *, const miopenConvolutionDescriptor_t, miopenConvFwdAlgorithm_t, const void *, const miopenTensorDescriptor_t, void *, void *, size_t){
MIOpen(HIP): 	handle = stream: 0, device_id: 0
MIOpen(HIP): 	alpha = 0x7ffd68b9f548
MIOpen(HIP): 	xDesc = {1, 48, 1, 68, 50}, {163200, 1, 163200, 2400, 48}, packed, 
MIOpen(HIP): 	x = 0x7d705db9f600
MIOpen(HIP): 	wDesc = {3072, 48, 1, 2, 2}, {192, 1, 192, 96, 48}, packed, 
MIOpen(HIP): 	w = 0x7d6e34e00000
MIOpen(HIP): 	convDesc = conv3d, miopenConvolution, miopenPaddingDefault, {0, 0, 0}, {1, 2, 2}, {1, 1, 1}, 
MIOpen(HIP): 	algo = 5
MIOpen(HIP): 	beta = 0x7ffd68b9f550
MIOpen(HIP): 	yDesc = {1, 3072, 1, 34, 25}, {2611200, 1, 2611200, 76800, 3072}, packed, 
MIOpen(HIP): 	y = 0x7d6dd9c20000
MIOpen(HIP): 	workSpace = nullptr
MIOpen(HIP): 	workSpaceSize = 0
MIOpen(HIP): }
MIOpen(HIP): Command [LogCmdConvolution] ./bin/MIOpenDriver convbfp16 -n 1 -c 48 --in_d 1 -H 68 -W 50 -k 3072 --fil_d 1 -y 2 -x 2 --pad_d 0 -p 0 -q 0 --conv_stride_d 1 -u 2 -v 2 --dilation_d 1 -l 1 -j 1 --spatial_dim 3 --in_layout NDHWC --fil_layout NDHWC --out_layout NDHWC -m conv -g 1 -F 1 -t 1
MIOpen(HIP): Info [ConvolutionForward] algo = 5, workspace = 0
MIOpen(HIP): Info2 [GetInvoker] Returning an invoker for problem 48x1x68x50x1x2x2x3072x1x34x25x1xNDHWCxNDHWCxNDHWCxBF16x0x0x0x1x2x2x1x1x1x1xFxDefault and algorithm miopenConvolutionFwdAlgoImplicitGEMM
MIOpen(HIP): miopenStatus_t miopenDestroyConvolutionDescriptor(miopenConvolutionDescriptor_t){
MIOpen(HIP): 	convDesc = conv3d, miopenConvolution, miopenPaddingDefault, {0, 0, 0}, {1, 2, 2}, {1, 1, 1}, 
MIOpen(HIP): }
MIOpen(HIP): miopenStatus_t miopenDestroyTensorDescriptor(miopenTensorDescriptor_t){
MIOpen(HIP): 	tensorDesc = {3072, 48, 1, 2, 2}, {192, 1, 192, 96, 48}, packed, 
MIOpen(HIP): }
MIOpen(HIP): miopenStatus_t miopenDestroyTensorDescriptor(miopenTensorDescriptor_t){
MIOpen(HIP): 	tensorDesc = {1, 3072, 1, 34, 25}, {2611200, 1, 2611200, 76800, 3072}, packed, 
MIOpen(HIP): }
MIOpen(HIP): miopenStatus_t miopenDestroyTensorDescriptor(miopenTensorDescriptor_t){
MIOpen(HIP): 	tensorDesc = {1, 48, 1, 68, 50}, {163200, 1, 163200, 2400, 48}, packed, 
MIOpen(HIP): }
 36%|███▌      | 18/50 [00:10<00:17,  1.86it/s]MIOpen(HIP): Info [get_device_name] Raw device name: gfx1100
MIOpen(HIP): Info [SetStream] stream: 0, device_id: 0
MIOpen(HIP): miopenStatus_t miopenCreateTensorDescriptor(miopenTensorDescriptor_t *){
MIOpen(HIP): 	tensorDesc = 0x5
MIOpen(HIP): }
MIOpen(HIP): miopenStatus_t miopenSetTensorDescriptor(miopenTensorDescriptor_t, miopenDataType_t, int, const int *, const int *){
MIOpen(HIP): 	tensorDesc = {}, {}, packed, 
MIOpen(HIP): 	dataType = 5
MIOpen(HIP): 	nbDims = 5
MIOpen(HIP): 	dim.values = { 1 48 1 68 50 }
MIOpen(HIP): 	stride.values = { 163200 1 163200 2400 48 }
MIOpen(HIP): }
MIOpen(HIP): miopenStatus_t miopenCreateTensorDescriptor(miopenTensorDescriptor_t *){
MIOpen(HIP): 	tensorDesc = 0x96000027d80
MIOpen(HIP): }
MIOpen(HIP): miopenStatus_t miopenSetTensorDescriptor(miopenTensorDescriptor_t, miopenDataType_t, int, const int *, const int *){
MIOpen(HIP): 	tensorDesc = {}, {}, packed, 
MIOpen(HIP): 	dataType = 5
MIOpen(HIP): 	nbDims = 5
MIOpen(HIP): 	dim.values = { 3072 48 1 2 2 }
MIOpen(HIP): 	stride.values = { 192 1 192 96 48 }
MIOpen(HIP): }
MIOpen(HIP): miopenStatus_t miopenCreateTensorDescriptor(miopenTensorDescriptor_t *){
MIOpen(HIP): 	tensorDesc = 0x7d7626d37df6
MIOpen(HIP): }
MIOpen(HIP): miopenStatus_t miopenSetTensorDescriptor(miopenTensorDescriptor_t, miopenDataType_t, int, const int *, const int *){
MIOpen(HIP): 	tensorDesc = {}, {}, packed, 
MIOpen(HIP): 	dataType = 5
MIOpen(HIP): 	nbDims = 5
MIOpen(HIP): 	dim.values = { 1 3072 1 34 25 }
MIOpen(HIP): 	stride.values = { 2611200 1 2611200 76800 3072 }
MIOpen(HIP): }
MIOpen(HIP): miopenStatus_t miopenCreateConvolutionDescriptor(miopenConvolutionDescriptor_t *){
MIOpen(HIP): 	convDesc = 0x7ffd68b9f800
MIOpen(HIP): }
MIOpen(HIP): miopenStatus_t miopenInitConvolutionNdDescriptor(miopenConvolutionDescriptor_t, int, const int *, const int *, const int *, miopenConvolutionMode_t){
MIOpen(HIP): 	convDesc = conv2d, miopenConvolution, miopenPaddingDefault, {0, 0}, {1, 1}, {1, 1}, 
MIOpen(HIP): 	spatialDim = 3
MIOpen(HIP): 	pads = { 0 0 0 }
MIOpen(HIP): 	strides = { 1 2 2 }
MIOpen(HIP): 	dilations = { 1 1 1 }
MIOpen(HIP): 	c_mode = 0
MIOpen(HIP): }
MIOpen(HIP): miopenStatus_t miopenSetConvolutionGroupCount(miopenConvolutionDescriptor_t, int){
MIOpen(HIP): 	convDesc = conv3d, miopenConvolution, miopenPaddingDefault, {0, 0, 0}, {1, 2, 2}, {1, 1, 1}, 
MIOpen(HIP): 	groupCount = 1
MIOpen(HIP): }
MIOpen(HIP): miopenStatus_t miopenSetConvolutionAttribute(miopenConvolutionDescriptor_t, const miopenConvolutionAttrib_t, const int){
MIOpen(HIP): 	convDesc = conv3d, miopenConvolution, miopenPaddingDefault, {0, 0, 0}, {1, 2, 2}, {1, 1, 1}, 
MIOpen(HIP): 	attr = 1
MIOpen(HIP): 	value = 0
MIOpen(HIP): }
MIOpen(HIP): miopenStatus_t miopenConvolutionForward(miopenHandle_t, const void *, const miopenTensorDescriptor_t, const void *, const miopenTensorDescriptor_t, const void *, const miopenConvolutionDescriptor_t, miopenConvFwdAlgorithm_t, const void *, const miopenTensorDescriptor_t, void *, void *, size_t){
MIOpen(HIP): 	handle = stream: 0, device_id: 0
MIOpen(HIP): 	alpha = 0x7ffd68b9f548
MIOpen(HIP): 	xDesc = {1, 48, 1, 68, 50}, {163200, 1, 163200, 2400, 48}, packed, 
MIOpen(HIP): 	x = 0x7d705db9f600
MIOpen(HIP): 	wDesc = {3072, 48, 1, 2, 2}, {192, 1, 192, 96, 48}, packed, 
MIOpen(HIP): 	w = 0x7d6e34e00000
MIOpen(HIP): 	convDesc = conv3d, miopenConvolution, miopenPaddingDefault, {0, 0, 0}, {1, 2, 2}, {1, 1, 1}, 
MIOpen(HIP): 	algo = 5
MIOpen(HIP): 	beta = 0x7ffd68b9f550
MIOpen(HIP): 	yDesc = {1, 3072, 1, 34, 25}, {2611200, 1, 2611200, 76800, 3072}, packed, 
MIOpen(HIP): 	y = 0x7d6dd9c20000
MIOpen(HIP): 	workSpace = nullptr
MIOpen(HIP): 	workSpaceSize = 0
MIOpen(HIP): }
MIOpen(HIP): Command [LogCmdConvolution] ./bin/MIOpenDriver convbfp16 -n 1 -c 48 --in_d 1 -H 68 -W 50 -k 3072 --fil_d 1 -y 2 -x 2 --pad_d 0 -p 0 -q 0 --conv_stride_d 1 -u 2 -v 2 --dilation_d 1 -l 1 -j 1 --spatial_dim 3 --in_layout NDHWC --fil_layout NDHWC --out_layout NDHWC -m conv -g 1 -F 1 -t 1
MIOpen(HIP): Info [ConvolutionForward] algo = 5, workspace = 0
MIOpen(HIP): Info2 [GetInvoker] Returning an invoker for problem 48x1x68x50x1x2x2x3072x1x34x25x1xNDHWCxNDHWCxNDHWCxBF16x0x0x0x1x2x2x1x1x1x1xFxDefault and algorithm miopenConvolutionFwdAlgoImplicitGEMM
MIOpen(HIP): miopenStatus_t miopenDestroyConvolutionDescriptor(miopenConvolutionDescriptor_t){
MIOpen(HIP): 	convDesc = conv3d, miopenConvolution, miopenPaddingDefault, {0, 0, 0}, {1, 2, 2}, {1, 1, 1}, 
MIOpen(HIP): }
MIOpen(HIP): miopenStatus_t miopenDestroyTensorDescriptor(miopenTensorDescriptor_t){
MIOpen(HIP): 	tensorDesc = {3072, 48, 1, 2, 2}, {192, 1, 192, 96, 48}, packed, 
MIOpen(HIP): }
MIOpen(HIP): miopenStatus_t miopenDestroyTensorDescriptor(miopenTensorDescriptor_t){
MIOpen(HIP): 	tensorDesc = {1, 3072, 1, 34, 25}, {2611200, 1, 2611200, 76800, 3072}, packed, 
MIOpen(HIP): }
MIOpen(HIP): miopenStatus_t miopenDestroyTensorDescriptor(miopenTensorDescriptor_t){
MIOpen(HIP): 	tensorDesc = {1, 48, 1, 68, 50}, {163200, 1, 163200, 2400, 48}, packed, 
MIOpen(HIP): }
MIOpen(HIP): Info [get_device_name] Raw device name: gfx1100
MIOpen(HIP): Info [SetStream] stream: 0, device_id: 0
MIOpen(HIP): miopenStatus_t miopenCreateTensorDescriptor(miopenTensorDescriptor_t *){
MIOpen(HIP): 	tensorDesc = 0x5
MIOpen(HIP): }
MIOpen(HIP): miopenStatus_t miopenSetTensorDescriptor(miopenTensorDescriptor_t, miopenDataType_t, int, const int *, const int *){
MIOpen(HIP): 	tensorDesc = {}, {}, packed, 
MIOpen(HIP): 	dataType = 5
MIOpen(HIP): 	nbDims = 5
MIOpen(HIP): 	dim.values = { 1 48 1 68 50 }
MIOpen(HIP): 	stride.values = { 163200 1 163200 2400 48 }
MIOpen(HIP): }
MIOpen(HIP): miopenStatus_t miopenCreateTensorDescriptor(miopenTensorDescriptor_t *){
MIOpen(HIP): 	tensorDesc = 0x96000027d80
MIOpen(HIP): }
MIOpen(HIP): miopenStatus_t miopenSetTensorDescriptor(miopenTensorDescriptor_t, miopenDataType_t, int, const int *, const int *){
MIOpen(HIP): 	tensorDesc = {}, {}, packed, 
MIOpen(HIP): 	dataType = 5
MIOpen(HIP): 	nbDims = 5
MIOpen(HIP): 	dim.values = { 3072 48 1 2 2 }
MIOpen(HIP): 	stride.values = { 192 1 192 96 48 }
MIOpen(HIP): }
MIOpen(HIP): miopenStatus_t miopenCreateTensorDescriptor(miopenTensorDescriptor_t *){
MIOpen(HIP): 	tensorDesc = 0x7d7626d37df6
MIOpen(HIP): }
MIOpen(HIP): miopenStatus_t miopenSetTensorDescriptor(miopenTensorDescriptor_t, miopenDataType_t, int, const int *, const int *){
MIOpen(HIP): 	tensorDesc = {}, {}, packed, 
MIOpen(HIP): 	dataType = 5
MIOpen(HIP): 	nbDims = 5
MIOpen(HIP): 	dim.values = { 1 3072 1 34 25 }
MIOpen(HIP): 	stride.values = { 2611200 1 2611200 76800 3072 }
MIOpen(HIP): }
MIOpen(HIP): miopenStatus_t miopenCreateConvolutionDescriptor(miopenConvolutionDescriptor_t *){
MIOpen(HIP): 	convDesc = 0x7ffd68b9f800
MIOpen(HIP): }
MIOpen(HIP): miopenStatus_t miopenInitConvolutionNdDescriptor(miopenConvolutionDescriptor_t, int, const int *, const int *, const int *, miopenConvolutionMode_t){
MIOpen(HIP): 	convDesc = conv2d, miopenConvolution, miopenPaddingDefault, {0, 0}, {1, 1}, {1, 1}, 
MIOpen(HIP): 	spatialDim = 3
MIOpen(HIP): 	pads = { 0 0 0 }
MIOpen(HIP): 	strides = { 1 2 2 }
MIOpen(HIP): 	dilations = { 1 1 1 }
MIOpen(HIP): 	c_mode = 0
MIOpen(HIP): }
MIOpen(HIP): miopenStatus_t miopenSetConvolutionGroupCount(miopenConvolutionDescriptor_t, int){
MIOpen(HIP): 	convDesc = conv3d, miopenConvolution, miopenPaddingDefault, {0, 0, 0}, {1, 2, 2}, {1, 1, 1}, 
MIOpen(HIP): 	groupCount = 1
MIOpen(HIP): }
MIOpen(HIP): miopenStatus_t miopenSetConvolutionAttribute(miopenConvolutionDescriptor_t, const miopenConvolutionAttrib_t, const int){
MIOpen(HIP): 	convDesc = conv3d, miopenConvolution, miopenPaddingDefault, {0, 0, 0}, {1, 2, 2}, {1, 1, 1}, 
MIOpen(HIP): 	attr = 1
MIOpen(HIP): 	value = 0
MIOpen(HIP): }
MIOpen(HIP): miopenStatus_t miopenConvolutionForward(miopenHandle_t, const void *, const miopenTensorDescriptor_t, const void *, const miopenTensorDescriptor_t, const void *, const miopenConvolutionDescriptor_t, miopenConvFwdAlgorithm_t, const void *, const miopenTensorDescriptor_t, void *, void *, size_t){
MIOpen(HIP): 	handle = stream: 0, device_id: 0
MIOpen(HIP): 	alpha = 0x7ffd68b9f548
MIOpen(HIP): 	xDesc = {1, 48, 1, 68, 50}, {163200, 1, 163200, 2400, 48}, packed, 
MIOpen(HIP): 	x = 0x7d705db9f600
MIOpen(HIP): 	wDesc = {3072, 48, 1, 2, 2}, {192, 1, 192, 96, 48}, packed, 
MIOpen(HIP): 	w = 0x7d6e34e00000
MIOpen(HIP): 	convDesc = conv3d, miopenConvolution, miopenPaddingDefault, {0, 0, 0}, {1, 2, 2}, {1, 1, 1}, 
MIOpen(HIP): 	algo = 5
MIOpen(HIP): 	beta = 0x7ffd68b9f550
MIOpen(HIP): 	yDesc = {1, 3072, 1, 34, 25}, {2611200, 1, 2611200, 76800, 3072}, packed, 
MIOpen(HIP): 	y = 0x7d6dd9c20000
MIOpen(HIP): 	workSpace = nullptr
MIOpen(HIP): 	workSpaceSize = 0
MIOpen(HIP): }
MIOpen(HIP): Command [LogCmdConvolution] ./bin/MIOpenDriver convbfp16 -n 1 -c 48 --in_d 1 -H 68 -W 50 -k 3072 --fil_d 1 -y 2 -x 2 --pad_d 0 -p 0 -q 0 --conv_stride_d 1 -u 2 -v 2 --dilation_d 1 -l 1 -j 1 --spatial_dim 3 --in_layout NDHWC --fil_layout NDHWC --out_layout NDHWC -m conv -g 1 -F 1 -t 1
MIOpen(HIP): Info [ConvolutionForward] algo = 5, workspace = 0
MIOpen(HIP): Info2 [GetInvoker] Returning an invoker for problem 48x1x68x50x1x2x2x3072x1x34x25x1xNDHWCxNDHWCxNDHWCxBF16x0x0x0x1x2x2x1x1x1x1xFxDefault and algorithm miopenConvolutionFwdAlgoImplicitGEMM
MIOpen(HIP): miopenStatus_t miopenDestroyConvolutionDescriptor(miopenConvolutionDescriptor_t){
MIOpen(HIP): 	convDesc = conv3d, miopenConvolution, miopenPaddingDefault, {0, 0, 0}, {1, 2, 2}, {1, 1, 1}, 
MIOpen(HIP): }
MIOpen(HIP): miopenStatus_t miopenDestroyTensorDescriptor(miopenTensorDescriptor_t){
MIOpen(HIP): 	tensorDesc = {3072, 48, 1, 2, 2}, {192, 1, 192, 96, 48}, packed, 
MIOpen(HIP): }
MIOpen(HIP): miopenStatus_t miopenDestroyTensorDescriptor(miopenTensorDescriptor_t){
MIOpen(HIP): 	tensorDesc = {1, 3072, 1, 34, 25}, {2611200, 1, 2611200, 76800, 3072}, packed, 
MIOpen(HIP): }
MIOpen(HIP): miopenStatus_t miopenDestroyTensorDescriptor(miopenTensorDescriptor_t){
MIOpen(HIP): 	tensorDesc = {1, 48, 1, 68, 50}, {163200, 1, 163200, 2400, 48}, packed, 
MIOpen(HIP): }
 38%|███▊      | 19/50 [00:10<00:16,  1.86it/s]MIOpen(HIP): Info [get_device_name] Raw device name: gfx1100
MIOpen(HIP): Info [SetStream] stream: 0, device_id: 0
MIOpen(HIP): miopenStatus_t miopenCreateTensorDescriptor(miopenTensorDescriptor_t *){
MIOpen(HIP): 	tensorDesc = 0x5
MIOpen(HIP): }
MIOpen(HIP): miopenStatus_t miopenSetTensorDescriptor(miopenTensorDescriptor_t, miopenDataType_t, int, const int *, const int *){
MIOpen(HIP): 	tensorDesc = {}, {}, packed, 
MIOpen(HIP): 	dataType = 5
MIOpen(HIP): 	nbDims = 5
MIOpen(HIP): 	dim.values = { 1 48 1 68 50 }
MIOpen(HIP): 	stride.values = { 163200 1 163200 2400 48 }
MIOpen(HIP): }
MIOpen(HIP): miopenStatus_t miopenCreateTensorDescriptor(miopenTensorDescriptor_t *){
MIOpen(HIP): 	tensorDesc = 0x96000027d80
MIOpen(HIP): }
MIOpen(HIP): miopenStatus_t miopenSetTensorDescriptor(miopenTensorDescriptor_t, miopenDataType_t, int, const int *, const int *){
MIOpen(HIP): 	tensorDesc = {}, {}, packed, 
MIOpen(HIP): 	dataType = 5
MIOpen(HIP): 	nbDims = 5
MIOpen(HIP): 	dim.values = { 3072 48 1 2 2 }
MIOpen(HIP): 	stride.values = { 192 1 192 96 48 }
MIOpen(HIP): }
MIOpen(HIP): miopenStatus_t miopenCreateTensorDescriptor(miopenTensorDescriptor_t *){
MIOpen(HIP): 	tensorDesc = 0x7d7626d37df6
MIOpen(HIP): }
MIOpen(HIP): miopenStatus_t miopenSetTensorDescriptor(miopenTensorDescriptor_t, miopenDataType_t, int, const int *, const int *){
MIOpen(HIP): 	tensorDesc = {}, {}, packed, 
MIOpen(HIP): 	dataType = 5
MIOpen(HIP): 	nbDims = 5
MIOpen(HIP): 	dim.values = { 1 3072 1 34 25 }
MIOpen(HIP): 	stride.values = { 2611200 1 2611200 76800 3072 }
MIOpen(HIP): }
MIOpen(HIP): miopenStatus_t miopenCreateConvolutionDescriptor(miopenConvolutionDescriptor_t *){
MIOpen(HIP): 	convDesc = 0x7ffd68b9f800
MIOpen(HIP): }
MIOpen(HIP): miopenStatus_t miopenInitConvolutionNdDescriptor(miopenConvolutionDescriptor_t, int, const int *, const int *, const int *, miopenConvolutionMode_t){
MIOpen(HIP): 	convDesc = conv2d, miopenConvolution, miopenPaddingDefault, {0, 0}, {1, 1}, {1, 1}, 
MIOpen(HIP): 	spatialDim = 3
MIOpen(HIP): 	pads = { 0 0 0 }
MIOpen(HIP): 	strides = { 1 2 2 }
MIOpen(HIP): 	dilations = { 1 1 1 }
MIOpen(HIP): 	c_mode = 0
MIOpen(HIP): }
MIOpen(HIP): miopenStatus_t miopenSetConvolutionGroupCount(miopenConvolutionDescriptor_t, int){
MIOpen(HIP): 	convDesc = conv3d, miopenConvolution, miopenPaddingDefault, {0, 0, 0}, {1, 2, 2}, {1, 1, 1}, 
MIOpen(HIP): 	groupCount = 1
MIOpen(HIP): }
MIOpen(HIP): miopenStatus_t miopenSetConvolutionAttribute(miopenConvolutionDescriptor_t, const miopenConvolutionAttrib_t, const int){
MIOpen(HIP): 	convDesc = conv3d, miopenConvolution, miopenPaddingDefault, {0, 0, 0}, {1, 2, 2}, {1, 1, 1}, 
MIOpen(HIP): 	attr = 1
MIOpen(HIP): 	value = 0
MIOpen(HIP): }
MIOpen(HIP): miopenStatus_t miopenConvolutionForward(miopenHandle_t, const void *, const miopenTensorDescriptor_t, const void *, const miopenTensorDescriptor_t, const void *, const miopenConvolutionDescriptor_t, miopenConvFwdAlgorithm_t, const void *, const miopenTensorDescriptor_t, void *, void *, size_t){
MIOpen(HIP): 	handle = stream: 0, device_id: 0
MIOpen(HIP): 	alpha = 0x7ffd68b9f548
MIOpen(HIP): 	xDesc = {1, 48, 1, 68, 50}, {163200, 1, 163200, 2400, 48}, packed, 
MIOpen(HIP): 	x = 0x7d6dcae9f600
MIOpen(HIP): 	wDesc = {3072, 48, 1, 2, 2}, {192, 1, 192, 96, 48}, packed, 
MIOpen(HIP): 	w = 0x7d6e34e00000
MIOpen(HIP): 	convDesc = conv3d, miopenConvolution, miopenPaddingDefault, {0, 0, 0}, {1, 2, 2}, {1, 1, 1}, 
MIOpen(HIP): 	algo = 5
MIOpen(HIP): 	beta = 0x7ffd68b9f550
MIOpen(HIP): 	yDesc = {1, 3072, 1, 34, 25}, {2611200, 1, 2611200, 76800, 3072}, packed, 
MIOpen(HIP): 	y = 0x7d6dd9c20000
MIOpen(HIP): 	workSpace = nullptr
MIOpen(HIP): 	workSpaceSize = 0
MIOpen(HIP): }
MIOpen(HIP): Command [LogCmdConvolution] ./bin/MIOpenDriver convbfp16 -n 1 -c 48 --in_d 1 -H 68 -W 50 -k 3072 --fil_d 1 -y 2 -x 2 --pad_d 0 -p 0 -q 0 --conv_stride_d 1 -u 2 -v 2 --dilation_d 1 -l 1 -j 1 --spatial_dim 3 --in_layout NDHWC --fil_layout NDHWC --out_layout NDHWC -m conv -g 1 -F 1 -t 1
MIOpen(HIP): Info [ConvolutionForward] algo = 5, workspace = 0
MIOpen(HIP): Info2 [GetInvoker] Returning an invoker for problem 48x1x68x50x1x2x2x3072x1x34x25x1xNDHWCxNDHWCxNDHWCxBF16x0x0x0x1x2x2x1x1x1x1xFxDefault and algorithm miopenConvolutionFwdAlgoImplicitGEMM
MIOpen(HIP): miopenStatus_t miopenDestroyConvolutionDescriptor(miopenConvolutionDescriptor_t){
MIOpen(HIP): 	convDesc = conv3d, miopenConvolution, miopenPaddingDefault, {0, 0, 0}, {1, 2, 2}, {1, 1, 1}, 
MIOpen(HIP): }
MIOpen(HIP): miopenStatus_t miopenDestroyTensorDescriptor(miopenTensorDescriptor_t){
MIOpen(HIP): 	tensorDesc = {3072, 48, 1, 2, 2}, {192, 1, 192, 96, 48}, packed, 
MIOpen(HIP): }
MIOpen(HIP): miopenStatus_t miopenDestroyTensorDescriptor(miopenTensorDescriptor_t){
MIOpen(HIP): 	tensorDesc = {1, 3072, 1, 34, 25}, {2611200, 1, 2611200, 76800, 3072}, packed, 
MIOpen(HIP): }
MIOpen(HIP): miopenStatus_t miopenDestroyTensorDescriptor(miopenTensorDescriptor_t){
MIOpen(HIP): 	tensorDesc = {1, 48, 1, 68, 50}, {163200, 1, 163200, 2400, 48}, packed, 
MIOpen(HIP): }
MIOpen(HIP): Info [get_device_name] Raw device name: gfx1100
MIOpen(HIP): Info [SetStream] stream: 0, device_id: 0
MIOpen(HIP): miopenStatus_t miopenCreateTensorDescriptor(miopenTensorDescriptor_t *){
MIOpen(HIP): 	tensorDesc = 0x5
MIOpen(HIP): }
MIOpen(HIP): miopenStatus_t miopenSetTensorDescriptor(miopenTensorDescriptor_t, miopenDataType_t, int, const int *, const int *){
MIOpen(HIP): 	tensorDesc = {}, {}, packed, 
MIOpen(HIP): 	dataType = 5
MIOpen(HIP): 	nbDims = 5
MIOpen(HIP): 	dim.values = { 1 48 1 68 50 }
MIOpen(HIP): 	stride.values = { 163200 1 163200 2400 48 }
MIOpen(HIP): }
MIOpen(HIP): miopenStatus_t miopenCreateTensorDescriptor(miopenTensorDescriptor_t *){
MIOpen(HIP): 	tensorDesc = 0x96000027d80
MIOpen(HIP): }
MIOpen(HIP): miopenStatus_t miopenSetTensorDescriptor(miopenTensorDescriptor_t, miopenDataType_t, int, const int *, const int *){
MIOpen(HIP): 	tensorDesc = {}, {}, packed, 
MIOpen(HIP): 	dataType = 5
MIOpen(HIP): 	nbDims = 5
MIOpen(HIP): 	dim.values = { 3072 48 1 2 2 }
MIOpen(HIP): 	stride.values = { 192 1 192 96 48 }
MIOpen(HIP): }
MIOpen(HIP): miopenStatus_t miopenCreateTensorDescriptor(miopenTensorDescriptor_t *){
MIOpen(HIP): 	tensorDesc = 0x7d7626d37df6
MIOpen(HIP): }
MIOpen(HIP): miopenStatus_t miopenSetTensorDescriptor(miopenTensorDescriptor_t, miopenDataType_t, int, const int *, const int *){
MIOpen(HIP): 	tensorDesc = {}, {}, packed, 
MIOpen(HIP): 	dataType = 5
MIOpen(HIP): 	nbDims = 5
MIOpen(HIP): 	dim.values = { 1 3072 1 34 25 }
MIOpen(HIP): 	stride.values = { 2611200 1 2611200 76800 3072 }
MIOpen(HIP): }
MIOpen(HIP): miopenStatus_t miopenCreateConvolutionDescriptor(miopenConvolutionDescriptor_t *){
MIOpen(HIP): 	convDesc = 0x7ffd68b9f800
MIOpen(HIP): }
MIOpen(HIP): miopenStatus_t miopenInitConvolutionNdDescriptor(miopenConvolutionDescriptor_t, int, const int *, const int *, const int *, miopenConvolutionMode_t){
MIOpen(HIP): 	convDesc = conv2d, miopenConvolution, miopenPaddingDefault, {0, 0}, {1, 1}, {1, 1}, 
MIOpen(HIP): 	spatialDim = 3
MIOpen(HIP): 	pads = { 0 0 0 }
MIOpen(HIP): 	strides = { 1 2 2 }
MIOpen(HIP): 	dilations = { 1 1 1 }
MIOpen(HIP): 	c_mode = 0
MIOpen(HIP): }
MIOpen(HIP): miopenStatus_t miopenSetConvolutionGroupCount(miopenConvolutionDescriptor_t, int){
MIOpen(HIP): 	convDesc = conv3d, miopenConvolution, miopenPaddingDefault, {0, 0, 0}, {1, 2, 2}, {1, 1, 1}, 
MIOpen(HIP): 	groupCount = 1
MIOpen(HIP): }
MIOpen(HIP): miopenStatus_t miopenSetConvolutionAttribute(miopenConvolutionDescriptor_t, const miopenConvolutionAttrib_t, const int){
MIOpen(HIP): 	convDesc = conv3d, miopenConvolution, miopenPaddingDefault, {0, 0, 0}, {1, 2, 2}, {1, 1, 1}, 
MIOpen(HIP): 	attr = 1
MIOpen(HIP): 	value = 0
MIOpen(HIP): }
MIOpen(HIP): miopenStatus_t miopenConvolutionForward(miopenHandle_t, const void *, const miopenTensorDescriptor_t, const void *, const miopenTensorDescriptor_t, const void *, const miopenConvolutionDescriptor_t, miopenConvFwdAlgorithm_t, const void *, const miopenTensorDescriptor_t, void *, void *, size_t){
MIOpen(HIP): 	handle = stream: 0, device_id: 0
MIOpen(HIP): 	alpha = 0x7ffd68b9f548
MIOpen(HIP): 	xDesc = {1, 48, 1, 68, 50}, {163200, 1, 163200, 2400, 48}, packed, 
MIOpen(HIP): 	x = 0x7d705db00000
MIOpen(HIP): 	wDesc = {3072, 48, 1, 2, 2}, {192, 1, 192, 96, 48}, packed, 
MIOpen(HIP): 	w = 0x7d6e34e00000
MIOpen(HIP): 	convDesc = conv3d, miopenConvolution, miopenPaddingDefault, {0, 0, 0}, {1, 2, 2}, {1, 1, 1}, 
MIOpen(HIP): 	algo = 5
MIOpen(HIP): 	beta = 0x7ffd68b9f550
MIOpen(HIP): 	yDesc = {1, 3072, 1, 34, 25}, {2611200, 1, 2611200, 76800, 3072}, packed, 
MIOpen(HIP): 	y = 0x7d6dd9c20000
MIOpen(HIP): 	workSpace = nullptr
MIOpen(HIP): 	workSpaceSize = 0
MIOpen(HIP): }
MIOpen(HIP): Command [LogCmdConvolution] ./bin/MIOpenDriver convbfp16 -n 1 -c 48 --in_d 1 -H 68 -W 50 -k 3072 --fil_d 1 -y 2 -x 2 --pad_d 0 -p 0 -q 0 --conv_stride_d 1 -u 2 -v 2 --dilation_d 1 -l 1 -j 1 --spatial_dim 3 --in_layout NDHWC --fil_layout NDHWC --out_layout NDHWC -m conv -g 1 -F 1 -t 1
MIOpen(HIP): Info [ConvolutionForward] algo = 5, workspace = 0
MIOpen(HIP): Info2 [GetInvoker] Returning an invoker for problem 48x1x68x50x1x2x2x3072x1x34x25x1xNDHWCxNDHWCxNDHWCxBF16x0x0x0x1x2x2x1x1x1x1xFxDefault and algorithm miopenConvolutionFwdAlgoImplicitGEMM
MIOpen(HIP): miopenStatus_t miopenDestroyConvolutionDescriptor(miopenConvolutionDescriptor_t){
MIOpen(HIP): 	convDesc = conv3d, miopenConvolution, miopenPaddingDefault, {0, 0, 0}, {1, 2, 2}, {1, 1, 1}, 
MIOpen(HIP): }
MIOpen(HIP): miopenStatus_t miopenDestroyTensorDescriptor(miopenTensorDescriptor_t){
MIOpen(HIP): 	tensorDesc = {3072, 48, 1, 2, 2}, {192, 1, 192, 96, 48}, packed, 
MIOpen(HIP): }
MIOpen(HIP): miopenStatus_t miopenDestroyTensorDescriptor(miopenTensorDescriptor_t){
MIOpen(HIP): 	tensorDesc = {1, 3072, 1, 34, 25}, {2611200, 1, 2611200, 76800, 3072}, packed, 
MIOpen(HIP): }
MIOpen(HIP): miopenStatus_t miopenDestroyTensorDescriptor(miopenTensorDescriptor_t){
MIOpen(HIP): 	tensorDesc = {1, 48, 1, 68, 50}, {163200, 1, 163200, 2400, 48}, packed, 
MIOpen(HIP): }
 40%|████      | 20/50 [00:11<00:16,  1.86it/s]MIOpen(HIP): Info [get_device_name] Raw device name: gfx1100
MIOpen(HIP): Info [SetStream] stream: 0, device_id: 0
MIOpen(HIP): miopenStatus_t miopenCreateTensorDescriptor(miopenTensorDescriptor_t *){
MIOpen(HIP): 	tensorDesc = 0x5
MIOpen(HIP): }
MIOpen(HIP): miopenStatus_t miopenSetTensorDescriptor(miopenTensorDescriptor_t, miopenDataType_t, int, const int *, const int *){
MIOpen(HIP): 	tensorDesc = {}, {}, packed, 
MIOpen(HIP): 	dataType = 5
MIOpen(HIP): 	nbDims = 5
MIOpen(HIP): 	dim.values = { 1 48 1 68 50 }
MIOpen(HIP): 	stride.values = { 163200 1 163200 2400 48 }
MIOpen(HIP): }
MIOpen(HIP): miopenStatus_t miopenCreateTensorDescriptor(miopenTensorDescriptor_t *){
MIOpen(HIP): 	tensorDesc = 0x96000027d80
MIOpen(HIP): }
MIOpen(HIP): miopenStatus_t miopenSetTensorDescriptor(miopenTensorDescriptor_t, miopenDataType_t, int, const int *, const int *){
MIOpen(HIP): 	tensorDesc = {}, {}, packed, 
MIOpen(HIP): 	dataType = 5
MIOpen(HIP): 	nbDims = 5
MIOpen(HIP): 	dim.values = { 3072 48 1 2 2 }
MIOpen(HIP): 	stride.values = { 192 1 192 96 48 }
MIOpen(HIP): }
MIOpen(HIP): miopenStatus_t miopenCreateTensorDescriptor(miopenTensorDescriptor_t *){
MIOpen(HIP): 	tensorDesc = 0x7d7626d37df6
MIOpen(HIP): }
MIOpen(HIP): miopenStatus_t miopenSetTensorDescriptor(miopenTensorDescriptor_t, miopenDataType_t, int, const int *, const int *){
MIOpen(HIP): 	tensorDesc = {}, {}, packed, 
MIOpen(HIP): 	dataType = 5
MIOpen(HIP): 	nbDims = 5
MIOpen(HIP): 	dim.values = { 1 3072 1 34 25 }
MIOpen(HIP): 	stride.values = { 2611200 1 2611200 76800 3072 }
MIOpen(HIP): }
MIOpen(HIP): miopenStatus_t miopenCreateConvolutionDescriptor(miopenConvolutionDescriptor_t *){
MIOpen(HIP): 	convDesc = 0x7ffd68b9f800
MIOpen(HIP): }
MIOpen(HIP): miopenStatus_t miopenInitConvolutionNdDescriptor(miopenConvolutionDescriptor_t, int, const int *, const int *, const int *, miopenConvolutionMode_t){
MIOpen(HIP): 	convDesc = conv2d, miopenConvolution, miopenPaddingDefault, {0, 0}, {1, 1}, {1, 1}, 
MIOpen(HIP): 	spatialDim = 3
MIOpen(HIP): 	pads = { 0 0 0 }
MIOpen(HIP): 	strides = { 1 2 2 }
MIOpen(HIP): 	dilations = { 1 1 1 }
MIOpen(HIP): 	c_mode = 0
MIOpen(HIP): }
MIOpen(HIP): miopenStatus_t miopenSetConvolutionGroupCount(miopenConvolutionDescriptor_t, int){
MIOpen(HIP): 	convDesc = conv3d, miopenConvolution, miopenPaddingDefault, {0, 0, 0}, {1, 2, 2}, {1, 1, 1}, 
MIOpen(HIP): 	groupCount = 1
MIOpen(HIP): }
MIOpen(HIP): miopenStatus_t miopenSetConvolutionAttribute(miopenConvolutionDescriptor_t, const miopenConvolutionAttrib_t, const int){
MIOpen(HIP): 	convDesc = conv3d, miopenConvolution, miopenPaddingDefault, {0, 0, 0}, {1, 2, 2}, {1, 1, 1}, 
MIOpen(HIP): 	attr = 1
MIOpen(HIP): 	value = 0
MIOpen(HIP): }
MIOpen(HIP): miopenStatus_t miopenConvolutionForward(miopenHandle_t, const void *, const miopenTensorDescriptor_t, const void *, const miopenTensorDescriptor_t, const void *, const miopenConvolutionDescriptor_t, miopenConvFwdAlgorithm_t, const void *, const miopenTensorDescriptor_t, void *, void *, size_t){
MIOpen(HIP): 	handle = stream: 0, device_id: 0
MIOpen(HIP): 	alpha = 0x7ffd68b9f548
MIOpen(HIP): 	xDesc = {1, 48, 1, 68, 50}, {163200, 1, 163200, 2400, 48}, packed, 
MIOpen(HIP): 	x = 0x7d705db9f600
MIOpen(HIP): 	wDesc = {3072, 48, 1, 2, 2}, {192, 1, 192, 96, 48}, packed, 
MIOpen(HIP): 	w = 0x7d6e34e00000
MIOpen(HIP): 	convDesc = conv3d, miopenConvolution, miopenPaddingDefault, {0, 0, 0}, {1, 2, 2}, {1, 1, 1}, 
MIOpen(HIP): 	algo = 5
MIOpen(HIP): 	beta = 0x7ffd68b9f550
MIOpen(HIP): 	yDesc = {1, 3072, 1, 34, 25}, {2611200, 1, 2611200, 76800, 3072}, packed, 
MIOpen(HIP): 	y = 0x7d6dd9c20000
MIOpen(HIP): 	workSpace = nullptr
MIOpen(HIP): 	workSpaceSize = 0
MIOpen(HIP): }
MIOpen(HIP): Command [LogCmdConvolution] ./bin/MIOpenDriver convbfp16 -n 1 -c 48 --in_d 1 -H 68 -W 50 -k 3072 --fil_d 1 -y 2 -x 2 --pad_d 0 -p 0 -q 0 --conv_stride_d 1 -u 2 -v 2 --dilation_d 1 -l 1 -j 1 --spatial_dim 3 --in_layout NDHWC --fil_layout NDHWC --out_layout NDHWC -m conv -g 1 -F 1 -t 1
MIOpen(HIP): Info [ConvolutionForward] algo = 5, workspace = 0
MIOpen(HIP): Info2 [GetInvoker] Returning an invoker for problem 48x1x68x50x1x2x2x3072x1x34x25x1xNDHWCxNDHWCxNDHWCxBF16x0x0x0x1x2x2x1x1x1x1xFxDefault and algorithm miopenConvolutionFwdAlgoImplicitGEMM
MIOpen(HIP): miopenStatus_t miopenDestroyConvolutionDescriptor(miopenConvolutionDescriptor_t){
MIOpen(HIP): 	convDesc = conv3d, miopenConvolution, miopenPaddingDefault, {0, 0, 0}, {1, 2, 2}, {1, 1, 1}, 
MIOpen(HIP): }
MIOpen(HIP): miopenStatus_t miopenDestroyTensorDescriptor(miopenTensorDescriptor_t){
MIOpen(HIP): 	tensorDesc = {3072, 48, 1, 2, 2}, {192, 1, 192, 96, 48}, packed, 
MIOpen(HIP): }
MIOpen(HIP): miopenStatus_t miopenDestroyTensorDescriptor(miopenTensorDescriptor_t){
MIOpen(HIP): 	tensorDesc = {1, 3072, 1, 34, 25}, {2611200, 1, 2611200, 76800, 3072}, packed, 
MIOpen(HIP): }
MIOpen(HIP): miopenStatus_t miopenDestroyTensorDescriptor(miopenTensorDescriptor_t){
MIOpen(HIP): 	tensorDesc = {1, 48, 1, 68, 50}, {163200, 1, 163200, 2400, 48}, packed, 
MIOpen(HIP): }
MIOpen(HIP): Info [get_device_name] Raw device name: gfx1100
MIOpen(HIP): Info [SetStream] stream: 0, device_id: 0
MIOpen(HIP): miopenStatus_t miopenCreateTensorDescriptor(miopenTensorDescriptor_t *){
MIOpen(HIP): 	tensorDesc = 0x5
MIOpen(HIP): }
MIOpen(HIP): miopenStatus_t miopenSetTensorDescriptor(miopenTensorDescriptor_t, miopenDataType_t, int, const int *, const int *){
MIOpen(HIP): 	tensorDesc = {}, {}, packed, 
MIOpen(HIP): 	dataType = 5
MIOpen(HIP): 	nbDims = 5
MIOpen(HIP): 	dim.values = { 1 48 1 68 50 }
MIOpen(HIP): 	stride.values = { 163200 1 163200 2400 48 }
MIOpen(HIP): }
MIOpen(HIP): miopenStatus_t miopenCreateTensorDescriptor(miopenTensorDescriptor_t *){
MIOpen(HIP): 	tensorDesc = 0x96000027d80
MIOpen(HIP): }
MIOpen(HIP): miopenStatus_t miopenSetTensorDescriptor(miopenTensorDescriptor_t, miopenDataType_t, int, const int *, const int *){
MIOpen(HIP): 	tensorDesc = {}, {}, packed, 
MIOpen(HIP): 	dataType = 5
MIOpen(HIP): 	nbDims = 5
MIOpen(HIP): 	dim.values = { 3072 48 1 2 2 }
MIOpen(HIP): 	stride.values = { 192 1 192 96 48 }
MIOpen(HIP): }
MIOpen(HIP): miopenStatus_t miopenCreateTensorDescriptor(miopenTensorDescriptor_t *){
MIOpen(HIP): 	tensorDesc = 0x7d7626d37df6
MIOpen(HIP): }
MIOpen(HIP): miopenStatus_t miopenSetTensorDescriptor(miopenTensorDescriptor_t, miopenDataType_t, int, const int *, const int *){
MIOpen(HIP): 	tensorDesc = {}, {}, packed, 
MIOpen(HIP): 	dataType = 5
MIOpen(HIP): 	nbDims = 5
MIOpen(HIP): 	dim.values = { 1 3072 1 34 25 }
MIOpen(HIP): 	stride.values = { 2611200 1 2611200 76800 3072 }
MIOpen(HIP): }
MIOpen(HIP): miopenStatus_t miopenCreateConvolutionDescriptor(miopenConvolutionDescriptor_t *){
MIOpen(HIP): 	convDesc = 0x7ffd68b9f800
MIOpen(HIP): }
MIOpen(HIP): miopenStatus_t miopenInitConvolutionNdDescriptor(miopenConvolutionDescriptor_t, int, const int *, const int *, const int *, miopenConvolutionMode_t){
MIOpen(HIP): 	convDesc = conv2d, miopenConvolution, miopenPaddingDefault, {0, 0}, {1, 1}, {1, 1}, 
MIOpen(HIP): 	spatialDim = 3
MIOpen(HIP): 	pads = { 0 0 0 }
MIOpen(HIP): 	strides = { 1 2 2 }
MIOpen(HIP): 	dilations = { 1 1 1 }
MIOpen(HIP): 	c_mode = 0
MIOpen(HIP): }
MIOpen(HIP): miopenStatus_t miopenSetConvolutionGroupCount(miopenConvolutionDescriptor_t, int){
MIOpen(HIP): 	convDesc = conv3d, miopenConvolution, miopenPaddingDefault, {0, 0, 0}, {1, 2, 2}, {1, 1, 1}, 
MIOpen(HIP): 	groupCount = 1
MIOpen(HIP): }
MIOpen(HIP): miopenStatus_t miopenSetConvolutionAttribute(miopenConvolutionDescriptor_t, const miopenConvolutionAttrib_t, const int){
MIOpen(HIP): 	convDesc = conv3d, miopenConvolution, miopenPaddingDefault, {0, 0, 0}, {1, 2, 2}, {1, 1, 1}, 
MIOpen(HIP): 	attr = 1
MIOpen(HIP): 	value = 0
MIOpen(HIP): }
MIOpen(HIP): miopenStatus_t miopenConvolutionForward(miopenHandle_t, const void *, const miopenTensorDescriptor_t, const void *, const miopenTensorDescriptor_t, const void *, const miopenConvolutionDescriptor_t, miopenConvFwdAlgorithm_t, const void *, const miopenTensorDescriptor_t, void *, void *, size_t){
MIOpen(HIP): 	handle = stream: 0, device_id: 0
MIOpen(HIP): 	alpha = 0x7ffd68b9f548
MIOpen(HIP): 	xDesc = {1, 48, 1, 68, 50}, {163200, 1, 163200, 2400, 48}, packed, 
MIOpen(HIP): 	x = 0x7d705db9f600
MIOpen(HIP): 	wDesc = {3072, 48, 1, 2, 2}, {192, 1, 192, 96, 48}, packed, 
MIOpen(HIP): 	w = 0x7d6e34e00000
MIOpen(HIP): 	convDesc = conv3d, miopenConvolution, miopenPaddingDefault, {0, 0, 0}, {1, 2, 2}, {1, 1, 1}, 
MIOpen(HIP): 	algo = 5
MIOpen(HIP): 	beta = 0x7ffd68b9f550
MIOpen(HIP): 	yDesc = {1, 3072, 1, 34, 25}, {2611200, 1, 2611200, 76800, 3072}, packed, 
MIOpen(HIP): 	y = 0x7d6dd9c20000
MIOpen(HIP): 	workSpace = nullptr
MIOpen(HIP): 	workSpaceSize = 0
MIOpen(HIP): }
MIOpen(HIP): Command [LogCmdConvolution] ./bin/MIOpenDriver convbfp16 -n 1 -c 48 --in_d 1 -H 68 -W 50 -k 3072 --fil_d 1 -y 2 -x 2 --pad_d 0 -p 0 -q 0 --conv_stride_d 1 -u 2 -v 2 --dilation_d 1 -l 1 -j 1 --spatial_dim 3 --in_layout NDHWC --fil_layout NDHWC --out_layout NDHWC -m conv -g 1 -F 1 -t 1
MIOpen(HIP): Info [ConvolutionForward] algo = 5, workspace = 0
MIOpen(HIP): Info2 [GetInvoker] Returning an invoker for problem 48x1x68x50x1x2x2x3072x1x34x25x1xNDHWCxNDHWCxNDHWCxBF16x0x0x0x1x2x2x1x1x1x1xFxDefault and algorithm miopenConvolutionFwdAlgoImplicitGEMM
MIOpen(HIP): miopenStatus_t miopenDestroyConvolutionDescriptor(miopenConvolutionDescriptor_t){
MIOpen(HIP): 	convDesc = conv3d, miopenConvolution, miopenPaddingDefault, {0, 0, 0}, {1, 2, 2}, {1, 1, 1}, 
MIOpen(HIP): }
MIOpen(HIP): miopenStatus_t miopenDestroyTensorDescriptor(miopenTensorDescriptor_t){
MIOpen(HIP): 	tensorDesc = {3072, 48, 1, 2, 2}, {192, 1, 192, 96, 48}, packed, 
MIOpen(HIP): }
MIOpen(HIP): miopenStatus_t miopenDestroyTensorDescriptor(miopenTensorDescriptor_t){
MIOpen(HIP): 	tensorDesc = {1, 3072, 1, 34, 25}, {2611200, 1, 2611200, 76800, 3072}, packed, 
MIOpen(HIP): }
MIOpen(HIP): miopenStatus_t miopenDestroyTensorDescriptor(miopenTensorDescriptor_t){
MIOpen(HIP): 	tensorDesc = {1, 48, 1, 68, 50}, {163200, 1, 163200, 2400, 48}, packed, 
MIOpen(HIP): }
 42%|████▏     | 21/50 [00:11<00:15,  1.86it/s]MIOpen(HIP): Info [get_device_name] Raw device name: gfx1100
MIOpen(HIP): Info [SetStream] stream: 0, device_id: 0
MIOpen(HIP): miopenStatus_t miopenCreateTensorDescriptor(miopenTensorDescriptor_t *){
MIOpen(HIP): 	tensorDesc = 0x5
MIOpen(HIP): }
MIOpen(HIP): miopenStatus_t miopenSetTensorDescriptor(miopenTensorDescriptor_t, miopenDataType_t, int, const int *, const int *){
MIOpen(HIP): 	tensorDesc = {}, {}, packed, 
MIOpen(HIP): 	dataType = 5
MIOpen(HIP): 	nbDims = 5
MIOpen(HIP): 	dim.values = { 1 48 1 68 50 }
MIOpen(HIP): 	stride.values = { 163200 1 163200 2400 48 }
MIOpen(HIP): }
MIOpen(HIP): miopenStatus_t miopenCreateTensorDescriptor(miopenTensorDescriptor_t *){
MIOpen(HIP): 	tensorDesc = 0x96000027d80
MIOpen(HIP): }
MIOpen(HIP): miopenStatus_t miopenSetTensorDescriptor(miopenTensorDescriptor_t, miopenDataType_t, int, const int *, const int *){
MIOpen(HIP): 	tensorDesc = {}, {}, packed, 
MIOpen(HIP): 	dataType = 5
MIOpen(HIP): 	nbDims = 5
MIOpen(HIP): 	dim.values = { 3072 48 1 2 2 }
MIOpen(HIP): 	stride.values = { 192 1 192 96 48 }
MIOpen(HIP): }
MIOpen(HIP): miopenStatus_t miopenCreateTensorDescriptor(miopenTensorDescriptor_t *){
MIOpen(HIP): 	tensorDesc = 0x7d7626d37df6
MIOpen(HIP): }
MIOpen(HIP): miopenStatus_t miopenSetTensorDescriptor(miopenTensorDescriptor_t, miopenDataType_t, int, const int *, const int *){
MIOpen(HIP): 	tensorDesc = {}, {}, packed, 
MIOpen(HIP): 	dataType = 5
MIOpen(HIP): 	nbDims = 5
MIOpen(HIP): 	dim.values = { 1 3072 1 34 25 }
MIOpen(HIP): 	stride.values = { 2611200 1 2611200 76800 3072 }
MIOpen(HIP): }
MIOpen(HIP): miopenStatus_t miopenCreateConvolutionDescriptor(miopenConvolutionDescriptor_t *){
MIOpen(HIP): 	convDesc = 0x7ffd68b9f800
MIOpen(HIP): }
MIOpen(HIP): miopenStatus_t miopenInitConvolutionNdDescriptor(miopenConvolutionDescriptor_t, int, const int *, const int *, const int *, miopenConvolutionMode_t){
MIOpen(HIP): 	convDesc = conv2d, miopenConvolution, miopenPaddingDefault, {0, 0}, {1, 1}, {1, 1}, 
MIOpen(HIP): 	spatialDim = 3
MIOpen(HIP): 	pads = { 0 0 0 }
MIOpen(HIP): 	strides = { 1 2 2 }
MIOpen(HIP): 	dilations = { 1 1 1 }
MIOpen(HIP): 	c_mode = 0
MIOpen(HIP): }
MIOpen(HIP): miopenStatus_t miopenSetConvolutionGroupCount(miopenConvolutionDescriptor_t, int){
MIOpen(HIP): 	convDesc = conv3d, miopenConvolution, miopenPaddingDefault, {0, 0, 0}, {1, 2, 2}, {1, 1, 1}, 
MIOpen(HIP): 	groupCount = 1
MIOpen(HIP): }
MIOpen(HIP): miopenStatus_t miopenSetConvolutionAttribute(miopenConvolutionDescriptor_t, const miopenConvolutionAttrib_t, const int){
MIOpen(HIP): 	convDesc = conv3d, miopenConvolution, miopenPaddingDefault, {0, 0, 0}, {1, 2, 2}, {1, 1, 1}, 
MIOpen(HIP): 	attr = 1
MIOpen(HIP): 	value = 0
MIOpen(HIP): }
MIOpen(HIP): miopenStatus_t miopenConvolutionForward(miopenHandle_t, const void *, const miopenTensorDescriptor_t, const void *, const miopenTensorDescriptor_t, const void *, const miopenConvolutionDescriptor_t, miopenConvFwdAlgorithm_t, const void *, const miopenTensorDescriptor_t, void *, void *, size_t){
MIOpen(HIP): 	handle = stream: 0, device_id: 0
MIOpen(HIP): 	alpha = 0x7ffd68b9f548
MIOpen(HIP): 	xDesc = {1, 48, 1, 68, 50}, {163200, 1, 163200, 2400, 48}, packed, 
MIOpen(HIP): 	x = 0x7d6dcb69f600
MIOpen(HIP): 	wDesc = {3072, 48, 1, 2, 2}, {192, 1, 192, 96, 48}, packed, 
MIOpen(HIP): 	w = 0x7d6e34e00000
MIOpen(HIP): 	convDesc = conv3d, miopenConvolution, miopenPaddingDefault, {0, 0, 0}, {1, 2, 2}, {1, 1, 1}, 
MIOpen(HIP): 	algo = 5
MIOpen(HIP): 	beta = 0x7ffd68b9f550
MIOpen(HIP): 	yDesc = {1, 3072, 1, 34, 25}, {2611200, 1, 2611200, 76800, 3072}, packed, 
MIOpen(HIP): 	y = 0x7d6dd9c20000
MIOpen(HIP): 	workSpace = nullptr
MIOpen(HIP): 	workSpaceSize = 0
MIOpen(HIP): }
MIOpen(HIP): Command [LogCmdConvolution] ./bin/MIOpenDriver convbfp16 -n 1 -c 48 --in_d 1 -H 68 -W 50 -k 3072 --fil_d 1 -y 2 -x 2 --pad_d 0 -p 0 -q 0 --conv_stride_d 1 -u 2 -v 2 --dilation_d 1 -l 1 -j 1 --spatial_dim 3 --in_layout NDHWC --fil_layout NDHWC --out_layout NDHWC -m conv -g 1 -F 1 -t 1
MIOpen(HIP): Info [ConvolutionForward] algo = 5, workspace = 0
MIOpen(HIP): Info2 [GetInvoker] Returning an invoker for problem 48x1x68x50x1x2x2x3072x1x34x25x1xNDHWCxNDHWCxNDHWCxBF16x0x0x0x1x2x2x1x1x1x1xFxDefault and algorithm miopenConvolutionFwdAlgoImplicitGEMM
MIOpen(HIP): miopenStatus_t miopenDestroyConvolutionDescriptor(miopenConvolutionDescriptor_t){
MIOpen(HIP): 	convDesc = conv3d, miopenConvolution, miopenPaddingDefault, {0, 0, 0}, {1, 2, 2}, {1, 1, 1}, 
MIOpen(HIP): }
MIOpen(HIP): miopenStatus_t miopenDestroyTensorDescriptor(miopenTensorDescriptor_t){
MIOpen(HIP): 	tensorDesc = {3072, 48, 1, 2, 2}, {192, 1, 192, 96, 48}, packed, 
MIOpen(HIP): }
MIOpen(HIP): miopenStatus_t miopenDestroyTensorDescriptor(miopenTensorDescriptor_t){
MIOpen(HIP): 	tensorDesc = {1, 3072, 1, 34, 25}, {2611200, 1, 2611200, 76800, 3072}, packed, 
MIOpen(HIP): }
MIOpen(HIP): miopenStatus_t miopenDestroyTensorDescriptor(miopenTensorDescriptor_t){
MIOpen(HIP): 	tensorDesc = {1, 48, 1, 68, 50}, {163200, 1, 163200, 2400, 48}, packed, 
MIOpen(HIP): }
MIOpen(HIP): Info [get_device_name] Raw device name: gfx1100
MIOpen(HIP): Info [SetStream] stream: 0, device_id: 0
MIOpen(HIP): miopenStatus_t miopenCreateTensorDescriptor(miopenTensorDescriptor_t *){
MIOpen(HIP): 	tensorDesc = 0x5
MIOpen(HIP): }
MIOpen(HIP): miopenStatus_t miopenSetTensorDescriptor(miopenTensorDescriptor_t, miopenDataType_t, int, const int *, const int *){
MIOpen(HIP): 	tensorDesc = {}, {}, packed, 
MIOpen(HIP): 	dataType = 5
MIOpen(HIP): 	nbDims = 5
MIOpen(HIP): 	dim.values = { 1 48 1 68 50 }
MIOpen(HIP): 	stride.values = { 163200 1 163200 2400 48 }
MIOpen(HIP): }
MIOpen(HIP): miopenStatus_t miopenCreateTensorDescriptor(miopenTensorDescriptor_t *){
MIOpen(HIP): 	tensorDesc = 0x96000027d80
MIOpen(HIP): }
MIOpen(HIP): miopenStatus_t miopenSetTensorDescriptor(miopenTensorDescriptor_t, miopenDataType_t, int, const int *, const int *){
MIOpen(HIP): 	tensorDesc = {}, {}, packed, 
MIOpen(HIP): 	dataType = 5
MIOpen(HIP): 	nbDims = 5
MIOpen(HIP): 	dim.values = { 3072 48 1 2 2 }
MIOpen(HIP): 	stride.values = { 192 1 192 96 48 }
MIOpen(HIP): }
MIOpen(HIP): miopenStatus_t miopenCreateTensorDescriptor(miopenTensorDescriptor_t *){
MIOpen(HIP): 	tensorDesc = 0x7d7626d37df6
MIOpen(HIP): }
MIOpen(HIP): miopenStatus_t miopenSetTensorDescriptor(miopenTensorDescriptor_t, miopenDataType_t, int, const int *, const int *){
MIOpen(HIP): 	tensorDesc = {}, {}, packed, 
MIOpen(HIP): 	dataType = 5
MIOpen(HIP): 	nbDims = 5
MIOpen(HIP): 	dim.values = { 1 3072 1 34 25 }
MIOpen(HIP): 	stride.values = { 2611200 1 2611200 76800 3072 }
MIOpen(HIP): }
MIOpen(HIP): miopenStatus_t miopenCreateConvolutionDescriptor(miopenConvolutionDescriptor_t *){
MIOpen(HIP): 	convDesc = 0x7ffd68b9f800
MIOpen(HIP): }
MIOpen(HIP): miopenStatus_t miopenInitConvolutionNdDescriptor(miopenConvolutionDescriptor_t, int, const int *, const int *, const int *, miopenConvolutionMode_t){
MIOpen(HIP): 	convDesc = conv2d, miopenConvolution, miopenPaddingDefault, {0, 0}, {1, 1}, {1, 1}, 
MIOpen(HIP): 	spatialDim = 3
MIOpen(HIP): 	pads = { 0 0 0 }
MIOpen(HIP): 	strides = { 1 2 2 }
MIOpen(HIP): 	dilations = { 1 1 1 }
MIOpen(HIP): 	c_mode = 0
MIOpen(HIP): }
MIOpen(HIP): miopenStatus_t miopenSetConvolutionGroupCount(miopenConvolutionDescriptor_t, int){
MIOpen(HIP): 	convDesc = conv3d, miopenConvolution, miopenPaddingDefault, {0, 0, 0}, {1, 2, 2}, {1, 1, 1}, 
MIOpen(HIP): 	groupCount = 1
MIOpen(HIP): }
MIOpen(HIP): miopenStatus_t miopenSetConvolutionAttribute(miopenConvolutionDescriptor_t, const miopenConvolutionAttrib_t, const int){
MIOpen(HIP): 	convDesc = conv3d, miopenConvolution, miopenPaddingDefault, {0, 0, 0}, {1, 2, 2}, {1, 1, 1}, 
MIOpen(HIP): 	attr = 1
MIOpen(HIP): 	value = 0
MIOpen(HIP): }
MIOpen(HIP): miopenStatus_t miopenConvolutionForward(miopenHandle_t, const void *, const miopenTensorDescriptor_t, const void *, const miopenTensorDescriptor_t, const void *, const miopenConvolutionDescriptor_t, miopenConvFwdAlgorithm_t, const void *, const miopenTensorDescriptor_t, void *, void *, size_t){
MIOpen(HIP): 	handle = stream: 0, device_id: 0
MIOpen(HIP): 	alpha = 0x7ffd68b9f548
MIOpen(HIP): 	xDesc = {1, 48, 1, 68, 50}, {163200, 1, 163200, 2400, 48}, packed, 
MIOpen(HIP): 	x = 0x7d6dcb69f600
MIOpen(HIP): 	wDesc = {3072, 48, 1, 2, 2}, {192, 1, 192, 96, 48}, packed, 
MIOpen(HIP): 	w = 0x7d6e34e00000
MIOpen(HIP): 	convDesc = conv3d, miopenConvolution, miopenPaddingDefault, {0, 0, 0}, {1, 2, 2}, {1, 1, 1}, 
MIOpen(HIP): 	algo = 5
MIOpen(HIP): 	beta = 0x7ffd68b9f550
MIOpen(HIP): 	yDesc = {1, 3072, 1, 34, 25}, {2611200, 1, 2611200, 76800, 3072}, packed, 
MIOpen(HIP): 	y = 0x7d6dd9c20000
MIOpen(HIP): 	workSpace = nullptr
MIOpen(HIP): 	workSpaceSize = 0
MIOpen(HIP): }
MIOpen(HIP): Command [LogCmdConvolution] ./bin/MIOpenDriver convbfp16 -n 1 -c 48 --in_d 1 -H 68 -W 50 -k 3072 --fil_d 1 -y 2 -x 2 --pad_d 0 -p 0 -q 0 --conv_stride_d 1 -u 2 -v 2 --dilation_d 1 -l 1 -j 1 --spatial_dim 3 --in_layout NDHWC --fil_layout NDHWC --out_layout NDHWC -m conv -g 1 -F 1 -t 1
MIOpen(HIP): Info [ConvolutionForward] algo = 5, workspace = 0
MIOpen(HIP): Info2 [GetInvoker] Returning an invoker for problem 48x1x68x50x1x2x2x3072x1x34x25x1xNDHWCxNDHWCxNDHWCxBF16x0x0x0x1x2x2x1x1x1x1xFxDefault and algorithm miopenConvolutionFwdAlgoImplicitGEMM
MIOpen(HIP): miopenStatus_t miopenDestroyConvolutionDescriptor(miopenConvolutionDescriptor_t){
MIOpen(HIP): 	convDesc = conv3d, miopenConvolution, miopenPaddingDefault, {0, 0, 0}, {1, 2, 2}, {1, 1, 1}, 
MIOpen(HIP): }
MIOpen(HIP): miopenStatus_t miopenDestroyTensorDescriptor(miopenTensorDescriptor_t){
MIOpen(HIP): 	tensorDesc = {3072, 48, 1, 2, 2}, {192, 1, 192, 96, 48}, packed, 
MIOpen(HIP): }
MIOpen(HIP): miopenStatus_t miopenDestroyTensorDescriptor(miopenTensorDescriptor_t){
MIOpen(HIP): 	tensorDesc = {1, 3072, 1, 34, 25}, {2611200, 1, 2611200, 76800, 3072}, packed, 
MIOpen(HIP): }
MIOpen(HIP): miopenStatus_t miopenDestroyTensorDescriptor(miopenTensorDescriptor_t){
MIOpen(HIP): 	tensorDesc = {1, 48, 1, 68, 50}, {163200, 1, 163200, 2400, 48}, packed, 
MIOpen(HIP): }
 44%|████▍     | 22/50 [00:12<00:15,  1.86it/s]MIOpen(HIP): Info [get_device_name] Raw device name: gfx1100
MIOpen(HIP): Info [SetStream] stream: 0, device_id: 0
MIOpen(HIP): miopenStatus_t miopenCreateTensorDescriptor(miopenTensorDescriptor_t *){
MIOpen(HIP): 	tensorDesc = 0x5
MIOpen(HIP): }
MIOpen(HIP): miopenStatus_t miopenSetTensorDescriptor(miopenTensorDescriptor_t, miopenDataType_t, int, const int *, const int *){
MIOpen(HIP): 	tensorDesc = {}, {}, packed, 
MIOpen(HIP): 	dataType = 5
MIOpen(HIP): 	nbDims = 5
MIOpen(HIP): 	dim.values = { 1 48 1 68 50 }
MIOpen(HIP): 	stride.values = { 163200 1 163200 2400 48 }
MIOpen(HIP): }
MIOpen(HIP): miopenStatus_t miopenCreateTensorDescriptor(miopenTensorDescriptor_t *){
MIOpen(HIP): 	tensorDesc = 0x96000027d80
MIOpen(HIP): }
MIOpen(HIP): miopenStatus_t miopenSetTensorDescriptor(miopenTensorDescriptor_t, miopenDataType_t, int, const int *, const int *){
MIOpen(HIP): 	tensorDesc = {}, {}, packed, 
MIOpen(HIP): 	dataType = 5
MIOpen(HIP): 	nbDims = 5
MIOpen(HIP): 	dim.values = { 3072 48 1 2 2 }
MIOpen(HIP): 	stride.values = { 192 1 192 96 48 }
MIOpen(HIP): }
MIOpen(HIP): miopenStatus_t miopenCreateTensorDescriptor(miopenTensorDescriptor_t *){
MIOpen(HIP): 	tensorDesc = 0x7d7626d37df6
MIOpen(HIP): }
MIOpen(HIP): miopenStatus_t miopenSetTensorDescriptor(miopenTensorDescriptor_t, miopenDataType_t, int, const int *, const int *){
MIOpen(HIP): 	tensorDesc = {}, {}, packed, 
MIOpen(HIP): 	dataType = 5
MIOpen(HIP): 	nbDims = 5
MIOpen(HIP): 	dim.values = { 1 3072 1 34 25 }
MIOpen(HIP): 	stride.values = { 2611200 1 2611200 76800 3072 }
MIOpen(HIP): }
MIOpen(HIP): miopenStatus_t miopenCreateConvolutionDescriptor(miopenConvolutionDescriptor_t *){
MIOpen(HIP): 	convDesc = 0x7ffd68b9f800
MIOpen(HIP): }
MIOpen(HIP): miopenStatus_t miopenInitConvolutionNdDescriptor(miopenConvolutionDescriptor_t, int, const int *, const int *, const int *, miopenConvolutionMode_t){
MIOpen(HIP): 	convDesc = conv2d, miopenConvolution, miopenPaddingDefault, {0, 0}, {1, 1}, {1, 1}, 
MIOpen(HIP): 	spatialDim = 3
MIOpen(HIP): 	pads = { 0 0 0 }
MIOpen(HIP): 	strides = { 1 2 2 }
MIOpen(HIP): 	dilations = { 1 1 1 }
MIOpen(HIP): 	c_mode = 0
MIOpen(HIP): }
MIOpen(HIP): miopenStatus_t miopenSetConvolutionGroupCount(miopenConvolutionDescriptor_t, int){
MIOpen(HIP): 	convDesc = conv3d, miopenConvolution, miopenPaddingDefault, {0, 0, 0}, {1, 2, 2}, {1, 1, 1}, 
MIOpen(HIP): 	groupCount = 1
MIOpen(HIP): }
MIOpen(HIP): miopenStatus_t miopenSetConvolutionAttribute(miopenConvolutionDescriptor_t, const miopenConvolutionAttrib_t, const int){
MIOpen(HIP): 	convDesc = conv3d, miopenConvolution, miopenPaddingDefault, {0, 0, 0}, {1, 2, 2}, {1, 1, 1}, 
MIOpen(HIP): 	attr = 1
MIOpen(HIP): 	value = 0
MIOpen(HIP): }
MIOpen(HIP): miopenStatus_t miopenConvolutionForward(miopenHandle_t, const void *, const miopenTensorDescriptor_t, const void *, const miopenTensorDescriptor_t, const void *, const miopenConvolutionDescriptor_t, miopenConvFwdAlgorithm_t, const void *, const miopenTensorDescriptor_t, void *, void *, size_t){
MIOpen(HIP): 	handle = stream: 0, device_id: 0
MIOpen(HIP): 	alpha = 0x7ffd68b9f548
MIOpen(HIP): 	xDesc = {1, 48, 1, 68, 50}, {163200, 1, 163200, 2400, 48}, packed, 
MIOpen(HIP): 	x = 0x7d6d6353ec00
MIOpen(HIP): 	wDesc = {3072, 48, 1, 2, 2}, {192, 1, 192, 96, 48}, packed, 
MIOpen(HIP): 	w = 0x7d6e34e00000
MIOpen(HIP): 	convDesc = conv3d, miopenConvolution, miopenPaddingDefault, {0, 0, 0}, {1, 2, 2}, {1, 1, 1}, 
MIOpen(HIP): 	algo = 5
MIOpen(HIP): 	beta = 0x7ffd68b9f550
MIOpen(HIP): 	yDesc = {1, 3072, 1, 34, 25}, {2611200, 1, 2611200, 76800, 3072}, packed, 
MIOpen(HIP): 	y = 0x7d6dd9c20000
MIOpen(HIP): 	workSpace = nullptr
MIOpen(HIP): 	workSpaceSize = 0
MIOpen(HIP): }
MIOpen(HIP): Command [LogCmdConvolution] ./bin/MIOpenDriver convbfp16 -n 1 -c 48 --in_d 1 -H 68 -W 50 -k 3072 --fil_d 1 -y 2 -x 2 --pad_d 0 -p 0 -q 0 --conv_stride_d 1 -u 2 -v 2 --dilation_d 1 -l 1 -j 1 --spatial_dim 3 --in_layout NDHWC --fil_layout NDHWC --out_layout NDHWC -m conv -g 1 -F 1 -t 1
MIOpen(HIP): Info [ConvolutionForward] algo = 5, workspace = 0
MIOpen(HIP): Info2 [GetInvoker] Returning an invoker for problem 48x1x68x50x1x2x2x3072x1x34x25x1xNDHWCxNDHWCxNDHWCxBF16x0x0x0x1x2x2x1x1x1x1xFxDefault and algorithm miopenConvolutionFwdAlgoImplicitGEMM
MIOpen(HIP): miopenStatus_t miopenDestroyConvolutionDescriptor(miopenConvolutionDescriptor_t){
MIOpen(HIP): 	convDesc = conv3d, miopenConvolution, miopenPaddingDefault, {0, 0, 0}, {1, 2, 2}, {1, 1, 1}, 
MIOpen(HIP): }
MIOpen(HIP): miopenStatus_t miopenDestroyTensorDescriptor(miopenTensorDescriptor_t){
MIOpen(HIP): 	tensorDesc = {3072, 48, 1, 2, 2}, {192, 1, 192, 96, 48}, packed, 
MIOpen(HIP): }
MIOpen(HIP): miopenStatus_t miopenDestroyTensorDescriptor(miopenTensorDescriptor_t){
MIOpen(HIP): 	tensorDesc = {1, 3072, 1, 34, 25}, {2611200, 1, 2611200, 76800, 3072}, packed, 
MIOpen(HIP): }
MIOpen(HIP): miopenStatus_t miopenDestroyTensorDescriptor(miopenTensorDescriptor_t){
MIOpen(HIP): 	tensorDesc = {1, 48, 1, 68, 50}, {163200, 1, 163200, 2400, 48}, packed, 
MIOpen(HIP): }
MIOpen(HIP): Info [get_device_name] Raw device name: gfx1100
MIOpen(HIP): Info [SetStream] stream: 0, device_id: 0
MIOpen(HIP): miopenStatus_t miopenCreateTensorDescriptor(miopenTensorDescriptor_t *){
MIOpen(HIP): 	tensorDesc = 0x5
MIOpen(HIP): }
MIOpen(HIP): miopenStatus_t miopenSetTensorDescriptor(miopenTensorDescriptor_t, miopenDataType_t, int, const int *, const int *){
MIOpen(HIP): 	tensorDesc = {}, {}, packed, 
MIOpen(HIP): 	dataType = 5
MIOpen(HIP): 	nbDims = 5
MIOpen(HIP): 	dim.values = { 1 48 1 68 50 }
MIOpen(HIP): 	stride.values = { 163200 1 163200 2400 48 }
MIOpen(HIP): }
MIOpen(HIP): miopenStatus_t miopenCreateTensorDescriptor(miopenTensorDescriptor_t *){
MIOpen(HIP): 	tensorDesc = 0x96000027d80
MIOpen(HIP): }
MIOpen(HIP): miopenStatus_t miopenSetTensorDescriptor(miopenTensorDescriptor_t, miopenDataType_t, int, const int *, const int *){
MIOpen(HIP): 	tensorDesc = {}, {}, packed, 
MIOpen(HIP): 	dataType = 5
MIOpen(HIP): 	nbDims = 5
MIOpen(HIP): 	dim.values = { 3072 48 1 2 2 }
MIOpen(HIP): 	stride.values = { 192 1 192 96 48 }
MIOpen(HIP): }
MIOpen(HIP): miopenStatus_t miopenCreateTensorDescriptor(miopenTensorDescriptor_t *){
MIOpen(HIP): 	tensorDesc = 0x7d7626d37df6
MIOpen(HIP): }
MIOpen(HIP): miopenStatus_t miopenSetTensorDescriptor(miopenTensorDescriptor_t, miopenDataType_t, int, const int *, const int *){
MIOpen(HIP): 	tensorDesc = {}, {}, packed, 
MIOpen(HIP): 	dataType = 5
MIOpen(HIP): 	nbDims = 5
MIOpen(HIP): 	dim.values = { 1 3072 1 34 25 }
MIOpen(HIP): 	stride.values = { 2611200 1 2611200 76800 3072 }
MIOpen(HIP): }
MIOpen(HIP): miopenStatus_t miopenCreateConvolutionDescriptor(miopenConvolutionDescriptor_t *){
MIOpen(HIP): 	convDesc = 0x7ffd68b9f800
MIOpen(HIP): }
MIOpen(HIP): miopenStatus_t miopenInitConvolutionNdDescriptor(miopenConvolutionDescriptor_t, int, const int *, const int *, const int *, miopenConvolutionMode_t){
MIOpen(HIP): 	convDesc = conv2d, miopenConvolution, miopenPaddingDefault, {0, 0}, {1, 1}, {1, 1}, 
MIOpen(HIP): 	spatialDim = 3
MIOpen(HIP): 	pads = { 0 0 0 }
MIOpen(HIP): 	strides = { 1 2 2 }
MIOpen(HIP): 	dilations = { 1 1 1 }
MIOpen(HIP): 	c_mode = 0
MIOpen(HIP): }
MIOpen(HIP): miopenStatus_t miopenSetConvolutionGroupCount(miopenConvolutionDescriptor_t, int){
MIOpen(HIP): 	convDesc = conv3d, miopenConvolution, miopenPaddingDefault, {0, 0, 0}, {1, 2, 2}, {1, 1, 1}, 
MIOpen(HIP): 	groupCount = 1
MIOpen(HIP): }
MIOpen(HIP): miopenStatus_t miopenSetConvolutionAttribute(miopenConvolutionDescriptor_t, const miopenConvolutionAttrib_t, const int){
MIOpen(HIP): 	convDesc = conv3d, miopenConvolution, miopenPaddingDefault, {0, 0, 0}, {1, 2, 2}, {1, 1, 1}, 
MIOpen(HIP): 	attr = 1
MIOpen(HIP): 	value = 0
MIOpen(HIP): }
MIOpen(HIP): miopenStatus_t miopenConvolutionForward(miopenHandle_t, const void *, const miopenTensorDescriptor_t, const void *, const miopenTensorDescriptor_t, const void *, const miopenConvolutionDescriptor_t, miopenConvFwdAlgorithm_t, const void *, const miopenTensorDescriptor_t, void *, void *, size_t){
MIOpen(HIP): 	handle = stream: 0, device_id: 0
MIOpen(HIP): 	alpha = 0x7ffd68b9f548
MIOpen(HIP): 	xDesc = {1, 48, 1, 68, 50}, {163200, 1, 163200, 2400, 48}, packed, 
MIOpen(HIP): 	x = 0x7d6dcaf3ec00
MIOpen(HIP): 	wDesc = {3072, 48, 1, 2, 2}, {192, 1, 192, 96, 48}, packed, 
MIOpen(HIP): 	w = 0x7d6e34e00000
MIOpen(HIP): 	convDesc = conv3d, miopenConvolution, miopenPaddingDefault, {0, 0, 0}, {1, 2, 2}, {1, 1, 1}, 
MIOpen(HIP): 	algo = 5
MIOpen(HIP): 	beta = 0x7ffd68b9f550
MIOpen(HIP): 	yDesc = {1, 3072, 1, 34, 25}, {2611200, 1, 2611200, 76800, 3072}, packed, 
MIOpen(HIP): 	y = 0x7d6dd9c20000
MIOpen(HIP): 	workSpace = nullptr
MIOpen(HIP): 	workSpaceSize = 0
MIOpen(HIP): }
MIOpen(HIP): Command [LogCmdConvolution] ./bin/MIOpenDriver convbfp16 -n 1 -c 48 --in_d 1 -H 68 -W 50 -k 3072 --fil_d 1 -y 2 -x 2 --pad_d 0 -p 0 -q 0 --conv_stride_d 1 -u 2 -v 2 --dilation_d 1 -l 1 -j 1 --spatial_dim 3 --in_layout NDHWC --fil_layout NDHWC --out_layout NDHWC -m conv -g 1 -F 1 -t 1
MIOpen(HIP): Info [ConvolutionForward] algo = 5, workspace = 0
MIOpen(HIP): Info2 [GetInvoker] Returning an invoker for problem 48x1x68x50x1x2x2x3072x1x34x25x1xNDHWCxNDHWCxNDHWCxBF16x0x0x0x1x2x2x1x1x1x1xFxDefault and algorithm miopenConvolutionFwdAlgoImplicitGEMM
MIOpen(HIP): miopenStatus_t miopenDestroyConvolutionDescriptor(miopenConvolutionDescriptor_t){
MIOpen(HIP): 	convDesc = conv3d, miopenConvolution, miopenPaddingDefault, {0, 0, 0}, {1, 2, 2}, {1, 1, 1}, 
MIOpen(HIP): }
MIOpen(HIP): miopenStatus_t miopenDestroyTensorDescriptor(miopenTensorDescriptor_t){
MIOpen(HIP): 	tensorDesc = {3072, 48, 1, 2, 2}, {192, 1, 192, 96, 48}, packed, 
MIOpen(HIP): }
MIOpen(HIP): miopenStatus_t miopenDestroyTensorDescriptor(miopenTensorDescriptor_t){
MIOpen(HIP): 	tensorDesc = {1, 3072, 1, 34, 25}, {2611200, 1, 2611200, 76800, 3072}, packed, 
MIOpen(HIP): }
MIOpen(HIP): miopenStatus_t miopenDestroyTensorDescriptor(miopenTensorDescriptor_t){
MIOpen(HIP): 	tensorDesc = {1, 48, 1, 68, 50}, {163200, 1, 163200, 2400, 48}, packed, 
MIOpen(HIP): }
 46%|████▌     | 23/50 [00:12<00:14,  1.86it/s]MIOpen(HIP): Info [get_device_name] Raw device name: gfx1100
MIOpen(HIP): Info [SetStream] stream: 0, device_id: 0
MIOpen(HIP): miopenStatus_t miopenCreateTensorDescriptor(miopenTensorDescriptor_t *){
MIOpen(HIP): 	tensorDesc = 0x5
MIOpen(HIP): }
MIOpen(HIP): miopenStatus_t miopenSetTensorDescriptor(miopenTensorDescriptor_t, miopenDataType_t, int, const int *, const int *){
MIOpen(HIP): 	tensorDesc = {}, {}, packed, 
MIOpen(HIP): 	dataType = 5
MIOpen(HIP): 	nbDims = 5
MIOpen(HIP): 	dim.values = { 1 48 1 68 50 }
MIOpen(HIP): 	stride.values = { 163200 1 163200 2400 48 }
MIOpen(HIP): }
MIOpen(HIP): miopenStatus_t miopenCreateTensorDescriptor(miopenTensorDescriptor_t *){
MIOpen(HIP): 	tensorDesc = 0x96000027d80
MIOpen(HIP): }
MIOpen(HIP): miopenStatus_t miopenSetTensorDescriptor(miopenTensorDescriptor_t, miopenDataType_t, int, const int *, const int *){
MIOpen(HIP): 	tensorDesc = {}, {}, packed, 
MIOpen(HIP): 	dataType = 5
MIOpen(HIP): 	nbDims = 5
MIOpen(HIP): 	dim.values = { 3072 48 1 2 2 }
MIOpen(HIP): 	stride.values = { 192 1 192 96 48 }
MIOpen(HIP): }
MIOpen(HIP): miopenStatus_t miopenCreateTensorDescriptor(miopenTensorDescriptor_t *){
MIOpen(HIP): 	tensorDesc = 0x7d7626d37df6
MIOpen(HIP): }
MIOpen(HIP): miopenStatus_t miopenSetTensorDescriptor(miopenTensorDescriptor_t, miopenDataType_t, int, const int *, const int *){
MIOpen(HIP): 	tensorDesc = {}, {}, packed, 
MIOpen(HIP): 	dataType = 5
MIOpen(HIP): 	nbDims = 5
MIOpen(HIP): 	dim.values = { 1 3072 1 34 25 }
MIOpen(HIP): 	stride.values = { 2611200 1 2611200 76800 3072 }
MIOpen(HIP): }
MIOpen(HIP): miopenStatus_t miopenCreateConvolutionDescriptor(miopenConvolutionDescriptor_t *){
MIOpen(HIP): 	convDesc = 0x7ffd68b9f800
MIOpen(HIP): }
MIOpen(HIP): miopenStatus_t miopenInitConvolutionNdDescriptor(miopenConvolutionDescriptor_t, int, const int *, const int *, const int *, miopenConvolutionMode_t){
MIOpen(HIP): 	convDesc = conv2d, miopenConvolution, miopenPaddingDefault, {0, 0}, {1, 1}, {1, 1}, 
MIOpen(HIP): 	spatialDim = 3
MIOpen(HIP): 	pads = { 0 0 0 }
MIOpen(HIP): 	strides = { 1 2 2 }
MIOpen(HIP): 	dilations = { 1 1 1 }
MIOpen(HIP): 	c_mode = 0
MIOpen(HIP): }
MIOpen(HIP): miopenStatus_t miopenSetConvolutionGroupCount(miopenConvolutionDescriptor_t, int){
MIOpen(HIP): 	convDesc = conv3d, miopenConvolution, miopenPaddingDefault, {0, 0, 0}, {1, 2, 2}, {1, 1, 1}, 
MIOpen(HIP): 	groupCount = 1
MIOpen(HIP): }
MIOpen(HIP): miopenStatus_t miopenSetConvolutionAttribute(miopenConvolutionDescriptor_t, const miopenConvolutionAttrib_t, const int){
MIOpen(HIP): 	convDesc = conv3d, miopenConvolution, miopenPaddingDefault, {0, 0, 0}, {1, 2, 2}, {1, 1, 1}, 
MIOpen(HIP): 	attr = 1
MIOpen(HIP): 	value = 0
MIOpen(HIP): }
MIOpen(HIP): miopenStatus_t miopenConvolutionForward(miopenHandle_t, const void *, const miopenTensorDescriptor_t, const void *, const miopenTensorDescriptor_t, const void *, const miopenConvolutionDescriptor_t, miopenConvFwdAlgorithm_t, const void *, const miopenTensorDescriptor_t, void *, void *, size_t){
MIOpen(HIP): 	handle = stream: 0, device_id: 0
MIOpen(HIP): 	alpha = 0x7ffd68b9f548
MIOpen(HIP): 	xDesc = {1, 48, 1, 68, 50}, {163200, 1, 163200, 2400, 48}, packed, 
MIOpen(HIP): 	x = 0x7d705db00000
MIOpen(HIP): 	wDesc = {3072, 48, 1, 2, 2}, {192, 1, 192, 96, 48}, packed, 
MIOpen(HIP): 	w = 0x7d6e34e00000
MIOpen(HIP): 	convDesc = conv3d, miopenConvolution, miopenPaddingDefault, {0, 0, 0}, {1, 2, 2}, {1, 1, 1}, 
MIOpen(HIP): 	algo = 5
MIOpen(HIP): 	beta = 0x7ffd68b9f550
MIOpen(HIP): 	yDesc = {1, 3072, 1, 34, 25}, {2611200, 1, 2611200, 76800, 3072}, packed, 
MIOpen(HIP): 	y = 0x7d6dd9c20000
MIOpen(HIP): 	workSpace = nullptr
MIOpen(HIP): 	workSpaceSize = 0
MIOpen(HIP): }
MIOpen(HIP): Command [LogCmdConvolution] ./bin/MIOpenDriver convbfp16 -n 1 -c 48 --in_d 1 -H 68 -W 50 -k 3072 --fil_d 1 -y 2 -x 2 --pad_d 0 -p 0 -q 0 --conv_stride_d 1 -u 2 -v 2 --dilation_d 1 -l 1 -j 1 --spatial_dim 3 --in_layout NDHWC --fil_layout NDHWC --out_layout NDHWC -m conv -g 1 -F 1 -t 1
MIOpen(HIP): Info [ConvolutionForward] algo = 5, workspace = 0
MIOpen(HIP): Info2 [GetInvoker] Returning an invoker for problem 48x1x68x50x1x2x2x3072x1x34x25x1xNDHWCxNDHWCxNDHWCxBF16x0x0x0x1x2x2x1x1x1x1xFxDefault and algorithm miopenConvolutionFwdAlgoImplicitGEMM
MIOpen(HIP): miopenStatus_t miopenDestroyConvolutionDescriptor(miopenConvolutionDescriptor_t){
MIOpen(HIP): 	convDesc = conv3d, miopenConvolution, miopenPaddingDefault, {0, 0, 0}, {1, 2, 2}, {1, 1, 1}, 
MIOpen(HIP): }
MIOpen(HIP): miopenStatus_t miopenDestroyTensorDescriptor(miopenTensorDescriptor_t){
MIOpen(HIP): 	tensorDesc = {3072, 48, 1, 2, 2}, {192, 1, 192, 96, 48}, packed, 
MIOpen(HIP): }
MIOpen(HIP): miopenStatus_t miopenDestroyTensorDescriptor(miopenTensorDescriptor_t){
MIOpen(HIP): 	tensorDesc = {1, 3072, 1, 34, 25}, {2611200, 1, 2611200, 76800, 3072}, packed, 
MIOpen(HIP): }
MIOpen(HIP): miopenStatus_t miopenDestroyTensorDescriptor(miopenTensorDescriptor_t){
MIOpen(HIP): 	tensorDesc = {1, 48, 1, 68, 50}, {163200, 1, 163200, 2400, 48}, packed, 
MIOpen(HIP): }
MIOpen(HIP): Info [get_device_name] Raw device name: gfx1100
MIOpen(HIP): Info [SetStream] stream: 0, device_id: 0
MIOpen(HIP): miopenStatus_t miopenCreateTensorDescriptor(miopenTensorDescriptor_t *){
MIOpen(HIP): 	tensorDesc = 0x5
MIOpen(HIP): }
MIOpen(HIP): miopenStatus_t miopenSetTensorDescriptor(miopenTensorDescriptor_t, miopenDataType_t, int, const int *, const int *){
MIOpen(HIP): 	tensorDesc = {}, {}, packed, 
MIOpen(HIP): 	dataType = 5
MIOpen(HIP): 	nbDims = 5
MIOpen(HIP): 	dim.values = { 1 48 1 68 50 }
MIOpen(HIP): 	stride.values = { 163200 1 163200 2400 48 }
MIOpen(HIP): }
MIOpen(HIP): miopenStatus_t miopenCreateTensorDescriptor(miopenTensorDescriptor_t *){
MIOpen(HIP): 	tensorDesc = 0x96000027d80
MIOpen(HIP): }
MIOpen(HIP): miopenStatus_t miopenSetTensorDescriptor(miopenTensorDescriptor_t, miopenDataType_t, int, const int *, const int *){
MIOpen(HIP): 	tensorDesc = {}, {}, packed, 
MIOpen(HIP): 	dataType = 5
MIOpen(HIP): 	nbDims = 5
MIOpen(HIP): 	dim.values = { 3072 48 1 2 2 }
MIOpen(HIP): 	stride.values = { 192 1 192 96 48 }
MIOpen(HIP): }
MIOpen(HIP): miopenStatus_t miopenCreateTensorDescriptor(miopenTensorDescriptor_t *){
MIOpen(HIP): 	tensorDesc = 0x7d7626d37df6
MIOpen(HIP): }
MIOpen(HIP): miopenStatus_t miopenSetTensorDescriptor(miopenTensorDescriptor_t, miopenDataType_t, int, const int *, const int *){
MIOpen(HIP): 	tensorDesc = {}, {}, packed, 
MIOpen(HIP): 	dataType = 5
MIOpen(HIP): 	nbDims = 5
MIOpen(HIP): 	dim.values = { 1 3072 1 34 25 }
MIOpen(HIP): 	stride.values = { 2611200 1 2611200 76800 3072 }
MIOpen(HIP): }
MIOpen(HIP): miopenStatus_t miopenCreateConvolutionDescriptor(miopenConvolutionDescriptor_t *){
MIOpen(HIP): 	convDesc = 0x7ffd68b9f800
MIOpen(HIP): }
MIOpen(HIP): miopenStatus_t miopenInitConvolutionNdDescriptor(miopenConvolutionDescriptor_t, int, const int *, const int *, const int *, miopenConvolutionMode_t){
MIOpen(HIP): 	convDesc = conv2d, miopenConvolution, miopenPaddingDefault, {0, 0}, {1, 1}, {1, 1}, 
MIOpen(HIP): 	spatialDim = 3
MIOpen(HIP): 	pads = { 0 0 0 }
MIOpen(HIP): 	strides = { 1 2 2 }
MIOpen(HIP): 	dilations = { 1 1 1 }
MIOpen(HIP): 	c_mode = 0
MIOpen(HIP): }
MIOpen(HIP): miopenStatus_t miopenSetConvolutionGroupCount(miopenConvolutionDescriptor_t, int){
MIOpen(HIP): 	convDesc = conv3d, miopenConvolution, miopenPaddingDefault, {0, 0, 0}, {1, 2, 2}, {1, 1, 1}, 
MIOpen(HIP): 	groupCount = 1
MIOpen(HIP): }
MIOpen(HIP): miopenStatus_t miopenSetConvolutionAttribute(miopenConvolutionDescriptor_t, const miopenConvolutionAttrib_t, const int){
MIOpen(HIP): 	convDesc = conv3d, miopenConvolution, miopenPaddingDefault, {0, 0, 0}, {1, 2, 2}, {1, 1, 1}, 
MIOpen(HIP): 	attr = 1
MIOpen(HIP): 	value = 0
MIOpen(HIP): }
MIOpen(HIP): miopenStatus_t miopenConvolutionForward(miopenHandle_t, const void *, const miopenTensorDescriptor_t, const void *, const miopenTensorDescriptor_t, const void *, const miopenConvolutionDescriptor_t, miopenConvFwdAlgorithm_t, const void *, const miopenTensorDescriptor_t, void *, void *, size_t){
MIOpen(HIP): 	handle = stream: 0, device_id: 0
MIOpen(HIP): 	alpha = 0x7ffd68b9f548
MIOpen(HIP): 	xDesc = {1, 48, 1, 68, 50}, {163200, 1, 163200, 2400, 48}, packed, 
MIOpen(HIP): 	x = 0x7d705db00000
MIOpen(HIP): 	wDesc = {3072, 48, 1, 2, 2}, {192, 1, 192, 96, 48}, packed, 
MIOpen(HIP): 	w = 0x7d6e34e00000
MIOpen(HIP): 	convDesc = conv3d, miopenConvolution, miopenPaddingDefault, {0, 0, 0}, {1, 2, 2}, {1, 1, 1}, 
MIOpen(HIP): 	algo = 5
MIOpen(HIP): 	beta = 0x7ffd68b9f550
MIOpen(HIP): 	yDesc = {1, 3072, 1, 34, 25}, {2611200, 1, 2611200, 76800, 3072}, packed, 
MIOpen(HIP): 	y = 0x7d6dd9c20000
MIOpen(HIP): 	workSpace = nullptr
MIOpen(HIP): 	workSpaceSize = 0
MIOpen(HIP): }
MIOpen(HIP): Command [LogCmdConvolution] ./bin/MIOpenDriver convbfp16 -n 1 -c 48 --in_d 1 -H 68 -W 50 -k 3072 --fil_d 1 -y 2 -x 2 --pad_d 0 -p 0 -q 0 --conv_stride_d 1 -u 2 -v 2 --dilation_d 1 -l 1 -j 1 --spatial_dim 3 --in_layout NDHWC --fil_layout NDHWC --out_layout NDHWC -m conv -g 1 -F 1 -t 1
MIOpen(HIP): Info [ConvolutionForward] algo = 5, workspace = 0
MIOpen(HIP): Info2 [GetInvoker] Returning an invoker for problem 48x1x68x50x1x2x2x3072x1x34x25x1xNDHWCxNDHWCxNDHWCxBF16x0x0x0x1x2x2x1x1x1x1xFxDefault and algorithm miopenConvolutionFwdAlgoImplicitGEMM
MIOpen(HIP): miopenStatus_t miopenDestroyConvolutionDescriptor(miopenConvolutionDescriptor_t){
MIOpen(HIP): 	convDesc = conv3d, miopenConvolution, miopenPaddingDefault, {0, 0, 0}, {1, 2, 2}, {1, 1, 1}, 
MIOpen(HIP): }
MIOpen(HIP): miopenStatus_t miopenDestroyTensorDescriptor(miopenTensorDescriptor_t){
MIOpen(HIP): 	tensorDesc = {3072, 48, 1, 2, 2}, {192, 1, 192, 96, 48}, packed, 
MIOpen(HIP): }
MIOpen(HIP): miopenStatus_t miopenDestroyTensorDescriptor(miopenTensorDescriptor_t){
MIOpen(HIP): 	tensorDesc = {1, 3072, 1, 34, 25}, {2611200, 1, 2611200, 76800, 3072}, packed, 
MIOpen(HIP): }
MIOpen(HIP): miopenStatus_t miopenDestroyTensorDescriptor(miopenTensorDescriptor_t){
MIOpen(HIP): 	tensorDesc = {1, 48, 1, 68, 50}, {163200, 1, 163200, 2400, 48}, packed, 
MIOpen(HIP): }
 48%|████▊     | 24/50 [00:13<00:14,  1.86it/s]MIOpen(HIP): Info [get_device_name] Raw device name: gfx1100
MIOpen(HIP): Info [SetStream] stream: 0, device_id: 0
MIOpen(HIP): miopenStatus_t miopenCreateTensorDescriptor(miopenTensorDescriptor_t *){
MIOpen(HIP): 	tensorDesc = 0x5
MIOpen(HIP): }
MIOpen(HIP): miopenStatus_t miopenSetTensorDescriptor(miopenTensorDescriptor_t, miopenDataType_t, int, const int *, const int *){
MIOpen(HIP): 	tensorDesc = {}, {}, packed, 
MIOpen(HIP): 	dataType = 5
MIOpen(HIP): 	nbDims = 5
MIOpen(HIP): 	dim.values = { 1 48 1 68 50 }
MIOpen(HIP): 	stride.values = { 163200 1 163200 2400 48 }
MIOpen(HIP): }
MIOpen(HIP): miopenStatus_t miopenCreateTensorDescriptor(miopenTensorDescriptor_t *){
MIOpen(HIP): 	tensorDesc = 0x96000027d80
MIOpen(HIP): }
MIOpen(HIP): miopenStatus_t miopenSetTensorDescriptor(miopenTensorDescriptor_t, miopenDataType_t, int, const int *, const int *){
MIOpen(HIP): 	tensorDesc = {}, {}, packed, 
MIOpen(HIP): 	dataType = 5
MIOpen(HIP): 	nbDims = 5
MIOpen(HIP): 	dim.values = { 3072 48 1 2 2 }
MIOpen(HIP): 	stride.values = { 192 1 192 96 48 }
MIOpen(HIP): }
MIOpen(HIP): miopenStatus_t miopenCreateTensorDescriptor(miopenTensorDescriptor_t *){
MIOpen(HIP): 	tensorDesc = 0x7d7626d37df6
MIOpen(HIP): }
MIOpen(HIP): miopenStatus_t miopenSetTensorDescriptor(miopenTensorDescriptor_t, miopenDataType_t, int, const int *, const int *){
MIOpen(HIP): 	tensorDesc = {}, {}, packed, 
MIOpen(HIP): 	dataType = 5
MIOpen(HIP): 	nbDims = 5
MIOpen(HIP): 	dim.values = { 1 3072 1 34 25 }
MIOpen(HIP): 	stride.values = { 2611200 1 2611200 76800 3072 }
MIOpen(HIP): }
MIOpen(HIP): miopenStatus_t miopenCreateConvolutionDescriptor(miopenConvolutionDescriptor_t *){
MIOpen(HIP): 	convDesc = 0x7ffd68b9f800
MIOpen(HIP): }
MIOpen(HIP): miopenStatus_t miopenInitConvolutionNdDescriptor(miopenConvolutionDescriptor_t, int, const int *, const int *, const int *, miopenConvolutionMode_t){
MIOpen(HIP): 	convDesc = conv2d, miopenConvolution, miopenPaddingDefault, {0, 0}, {1, 1}, {1, 1}, 
MIOpen(HIP): 	spatialDim = 3
MIOpen(HIP): 	pads = { 0 0 0 }
MIOpen(HIP): 	strides = { 1 2 2 }
MIOpen(HIP): 	dilations = { 1 1 1 }
MIOpen(HIP): 	c_mode = 0
MIOpen(HIP): }
MIOpen(HIP): miopenStatus_t miopenSetConvolutionGroupCount(miopenConvolutionDescriptor_t, int){
MIOpen(HIP): 	convDesc = conv3d, miopenConvolution, miopenPaddingDefault, {0, 0, 0}, {1, 2, 2}, {1, 1, 1}, 
MIOpen(HIP): 	groupCount = 1
MIOpen(HIP): }
MIOpen(HIP): miopenStatus_t miopenSetConvolutionAttribute(miopenConvolutionDescriptor_t, const miopenConvolutionAttrib_t, const int){
MIOpen(HIP): 	convDesc = conv3d, miopenConvolution, miopenPaddingDefault, {0, 0, 0}, {1, 2, 2}, {1, 1, 1}, 
MIOpen(HIP): 	attr = 1
MIOpen(HIP): 	value = 0
MIOpen(HIP): }
MIOpen(HIP): miopenStatus_t miopenConvolutionForward(miopenHandle_t, const void *, const miopenTensorDescriptor_t, const void *, const miopenTensorDescriptor_t, const void *, const miopenConvolutionDescriptor_t, miopenConvFwdAlgorithm_t, const void *, const miopenTensorDescriptor_t, void *, void *, size_t){
MIOpen(HIP): 	handle = stream: 0, device_id: 0
MIOpen(HIP): 	alpha = 0x7ffd68b9f548
MIOpen(HIP): 	xDesc = {1, 48, 1, 68, 50}, {163200, 1, 163200, 2400, 48}, packed, 
MIOpen(HIP): 	x = 0x7d6dcae9f600
MIOpen(HIP): 	wDesc = {3072, 48, 1, 2, 2}, {192, 1, 192, 96, 48}, packed, 
MIOpen(HIP): 	w = 0x7d6e34e00000
MIOpen(HIP): 	convDesc = conv3d, miopenConvolution, miopenPaddingDefault, {0, 0, 0}, {1, 2, 2}, {1, 1, 1}, 
MIOpen(HIP): 	algo = 5
MIOpen(HIP): 	beta = 0x7ffd68b9f550
MIOpen(HIP): 	yDesc = {1, 3072, 1, 34, 25}, {2611200, 1, 2611200, 76800, 3072}, packed, 
MIOpen(HIP): 	y = 0x7d6dd9c20000
MIOpen(HIP): 	workSpace = nullptr
MIOpen(HIP): 	workSpaceSize = 0
MIOpen(HIP): }
MIOpen(HIP): Command [LogCmdConvolution] ./bin/MIOpenDriver convbfp16 -n 1 -c 48 --in_d 1 -H 68 -W 50 -k 3072 --fil_d 1 -y 2 -x 2 --pad_d 0 -p 0 -q 0 --conv_stride_d 1 -u 2 -v 2 --dilation_d 1 -l 1 -j 1 --spatial_dim 3 --in_layout NDHWC --fil_layout NDHWC --out_layout NDHWC -m conv -g 1 -F 1 -t 1
MIOpen(HIP): Info [ConvolutionForward] algo = 5, workspace = 0
MIOpen(HIP): Info2 [GetInvoker] Returning an invoker for problem 48x1x68x50x1x2x2x3072x1x34x25x1xNDHWCxNDHWCxNDHWCxBF16x0x0x0x1x2x2x1x1x1x1xFxDefault and algorithm miopenConvolutionFwdAlgoImplicitGEMM
MIOpen(HIP): miopenStatus_t miopenDestroyConvolutionDescriptor(miopenConvolutionDescriptor_t){
MIOpen(HIP): 	convDesc = conv3d, miopenConvolution, miopenPaddingDefault, {0, 0, 0}, {1, 2, 2}, {1, 1, 1}, 
MIOpen(HIP): }
MIOpen(HIP): miopenStatus_t miopenDestroyTensorDescriptor(miopenTensorDescriptor_t){
MIOpen(HIP): 	tensorDesc = {3072, 48, 1, 2, 2}, {192, 1, 192, 96, 48}, packed, 
MIOpen(HIP): }
MIOpen(HIP): miopenStatus_t miopenDestroyTensorDescriptor(miopenTensorDescriptor_t){
MIOpen(HIP): 	tensorDesc = {1, 3072, 1, 34, 25}, {2611200, 1, 2611200, 76800, 3072}, packed, 
MIOpen(HIP): }
MIOpen(HIP): miopenStatus_t miopenDestroyTensorDescriptor(miopenTensorDescriptor_t){
MIOpen(HIP): 	tensorDesc = {1, 48, 1, 68, 50}, {163200, 1, 163200, 2400, 48}, packed, 
MIOpen(HIP): }
MIOpen(HIP): Info [get_device_name] Raw device name: gfx1100
MIOpen(HIP): Info [SetStream] stream: 0, device_id: 0
MIOpen(HIP): miopenStatus_t miopenCreateTensorDescriptor(miopenTensorDescriptor_t *){
MIOpen(HIP): 	tensorDesc = 0x5
MIOpen(HIP): }
MIOpen(HIP): miopenStatus_t miopenSetTensorDescriptor(miopenTensorDescriptor_t, miopenDataType_t, int, const int *, const int *){
MIOpen(HIP): 	tensorDesc = {}, {}, packed, 
MIOpen(HIP): 	dataType = 5
MIOpen(HIP): 	nbDims = 5
MIOpen(HIP): 	dim.values = { 1 48 1 68 50 }
MIOpen(HIP): 	stride.values = { 163200 1 163200 2400 48 }
MIOpen(HIP): }
MIOpen(HIP): miopenStatus_t miopenCreateTensorDescriptor(miopenTensorDescriptor_t *){
MIOpen(HIP): 	tensorDesc = 0x96000027d80
MIOpen(HIP): }
MIOpen(HIP): miopenStatus_t miopenSetTensorDescriptor(miopenTensorDescriptor_t, miopenDataType_t, int, const int *, const int *){
MIOpen(HIP): 	tensorDesc = {}, {}, packed, 
MIOpen(HIP): 	dataType = 5
MIOpen(HIP): 	nbDims = 5
MIOpen(HIP): 	dim.values = { 3072 48 1 2 2 }
MIOpen(HIP): 	stride.values = { 192 1 192 96 48 }
MIOpen(HIP): }
MIOpen(HIP): miopenStatus_t miopenCreateTensorDescriptor(miopenTensorDescriptor_t *){
MIOpen(HIP): 	tensorDesc = 0x7d7626d37df6
MIOpen(HIP): }
MIOpen(HIP): miopenStatus_t miopenSetTensorDescriptor(miopenTensorDescriptor_t, miopenDataType_t, int, const int *, const int *){
MIOpen(HIP): 	tensorDesc = {}, {}, packed, 
MIOpen(HIP): 	dataType = 5
MIOpen(HIP): 	nbDims = 5
MIOpen(HIP): 	dim.values = { 1 3072 1 34 25 }
MIOpen(HIP): 	stride.values = { 2611200 1 2611200 76800 3072 }
MIOpen(HIP): }
MIOpen(HIP): miopenStatus_t miopenCreateConvolutionDescriptor(miopenConvolutionDescriptor_t *){
MIOpen(HIP): 	convDesc = 0x7ffd68b9f800
MIOpen(HIP): }
MIOpen(HIP): miopenStatus_t miopenInitConvolutionNdDescriptor(miopenConvolutionDescriptor_t, int, const int *, const int *, const int *, miopenConvolutionMode_t){
MIOpen(HIP): 	convDesc = conv2d, miopenConvolution, miopenPaddingDefault, {0, 0}, {1, 1}, {1, 1}, 
MIOpen(HIP): 	spatialDim = 3
MIOpen(HIP): 	pads = { 0 0 0 }
MIOpen(HIP): 	strides = { 1 2 2 }
MIOpen(HIP): 	dilations = { 1 1 1 }
MIOpen(HIP): 	c_mode = 0
MIOpen(HIP): }
MIOpen(HIP): miopenStatus_t miopenSetConvolutionGroupCount(miopenConvolutionDescriptor_t, int){
MIOpen(HIP): 	convDesc = conv3d, miopenConvolution, miopenPaddingDefault, {0, 0, 0}, {1, 2, 2}, {1, 1, 1}, 
MIOpen(HIP): 	groupCount = 1
MIOpen(HIP): }
MIOpen(HIP): miopenStatus_t miopenSetConvolutionAttribute(miopenConvolutionDescriptor_t, const miopenConvolutionAttrib_t, const int){
MIOpen(HIP): 	convDesc = conv3d, miopenConvolution, miopenPaddingDefault, {0, 0, 0}, {1, 2, 2}, {1, 1, 1}, 
MIOpen(HIP): 	attr = 1
MIOpen(HIP): 	value = 0
MIOpen(HIP): }
MIOpen(HIP): miopenStatus_t miopenConvolutionForward(miopenHandle_t, const void *, const miopenTensorDescriptor_t, const void *, const miopenTensorDescriptor_t, const void *, const miopenConvolutionDescriptor_t, miopenConvFwdAlgorithm_t, const void *, const miopenTensorDescriptor_t, void *, void *, size_t){
MIOpen(HIP): 	handle = stream: 0, device_id: 0
MIOpen(HIP): 	alpha = 0x7ffd68b9f548
MIOpen(HIP): 	xDesc = {1, 48, 1, 68, 50}, {163200, 1, 163200, 2400, 48}, packed, 
MIOpen(HIP): 	x = 0x7d6e3dc00000
MIOpen(HIP): 	wDesc = {3072, 48, 1, 2, 2}, {192, 1, 192, 96, 48}, packed, 
MIOpen(HIP): 	w = 0x7d6e34e00000
MIOpen(HIP): 	convDesc = conv3d, miopenConvolution, miopenPaddingDefault, {0, 0, 0}, {1, 2, 2}, {1, 1, 1}, 
MIOpen(HIP): 	algo = 5
MIOpen(HIP): 	beta = 0x7ffd68b9f550
MIOpen(HIP): 	yDesc = {1, 3072, 1, 34, 25}, {2611200, 1, 2611200, 76800, 3072}, packed, 
MIOpen(HIP): 	y = 0x7d6dd9c20000
MIOpen(HIP): 	workSpace = nullptr
MIOpen(HIP): 	workSpaceSize = 0
MIOpen(HIP): }
MIOpen(HIP): Command [LogCmdConvolution] ./bin/MIOpenDriver convbfp16 -n 1 -c 48 --in_d 1 -H 68 -W 50 -k 3072 --fil_d 1 -y 2 -x 2 --pad_d 0 -p 0 -q 0 --conv_stride_d 1 -u 2 -v 2 --dilation_d 1 -l 1 -j 1 --spatial_dim 3 --in_layout NDHWC --fil_layout NDHWC --out_layout NDHWC -m conv -g 1 -F 1 -t 1
MIOpen(HIP): Info [ConvolutionForward] algo = 5, workspace = 0
MIOpen(HIP): Info2 [GetInvoker] Returning an invoker for problem 48x1x68x50x1x2x2x3072x1x34x25x1xNDHWCxNDHWCxNDHWCxBF16x0x0x0x1x2x2x1x1x1x1xFxDefault and algorithm miopenConvolutionFwdAlgoImplicitGEMM
MIOpen(HIP): miopenStatus_t miopenDestroyConvolutionDescriptor(miopenConvolutionDescriptor_t){
MIOpen(HIP): 	convDesc = conv3d, miopenConvolution, miopenPaddingDefault, {0, 0, 0}, {1, 2, 2}, {1, 1, 1}, 
MIOpen(HIP): }
MIOpen(HIP): miopenStatus_t miopenDestroyTensorDescriptor(miopenTensorDescriptor_t){
MIOpen(HIP): 	tensorDesc = {3072, 48, 1, 2, 2}, {192, 1, 192, 96, 48}, packed, 
MIOpen(HIP): }
MIOpen(HIP): miopenStatus_t miopenDestroyTensorDescriptor(miopenTensorDescriptor_t){
MIOpen(HIP): 	tensorDesc = {1, 3072, 1, 34, 25}, {2611200, 1, 2611200, 76800, 3072}, packed, 
MIOpen(HIP): }
MIOpen(HIP): miopenStatus_t miopenDestroyTensorDescriptor(miopenTensorDescriptor_t){
MIOpen(HIP): 	tensorDesc = {1, 48, 1, 68, 50}, {163200, 1, 163200, 2400, 48}, packed, 
MIOpen(HIP): }
 50%|█████     | 25/50 [00:14<00:13,  1.86it/s]MIOpen(HIP): Info [get_device_name] Raw device name: gfx1100
MIOpen(HIP): Info [SetStream] stream: 0, device_id: 0
MIOpen(HIP): miopenStatus_t miopenCreateTensorDescriptor(miopenTensorDescriptor_t *){
MIOpen(HIP): 	tensorDesc = 0x5
MIOpen(HIP): }
MIOpen(HIP): miopenStatus_t miopenSetTensorDescriptor(miopenTensorDescriptor_t, miopenDataType_t, int, const int *, const int *){
MIOpen(HIP): 	tensorDesc = {}, {}, packed, 
MIOpen(HIP): 	dataType = 5
MIOpen(HIP): 	nbDims = 5
MIOpen(HIP): 	dim.values = { 1 48 1 68 50 }
MIOpen(HIP): 	stride.values = { 163200 1 163200 2400 48 }
MIOpen(HIP): }
MIOpen(HIP): miopenStatus_t miopenCreateTensorDescriptor(miopenTensorDescriptor_t *){
MIOpen(HIP): 	tensorDesc = 0x96000027d80
MIOpen(HIP): }
MIOpen(HIP): miopenStatus_t miopenSetTensorDescriptor(miopenTensorDescriptor_t, miopenDataType_t, int, const int *, const int *){
MIOpen(HIP): 	tensorDesc = {}, {}, packed, 
MIOpen(HIP): 	dataType = 5
MIOpen(HIP): 	nbDims = 5
MIOpen(HIP): 	dim.values = { 3072 48 1 2 2 }
MIOpen(HIP): 	stride.values = { 192 1 192 96 48 }
MIOpen(HIP): }
MIOpen(HIP): miopenStatus_t miopenCreateTensorDescriptor(miopenTensorDescriptor_t *){
MIOpen(HIP): 	tensorDesc = 0x7d7626d37df6
MIOpen(HIP): }
MIOpen(HIP): miopenStatus_t miopenSetTensorDescriptor(miopenTensorDescriptor_t, miopenDataType_t, int, const int *, const int *){
MIOpen(HIP): 	tensorDesc = {}, {}, packed, 
MIOpen(HIP): 	dataType = 5
MIOpen(HIP): 	nbDims = 5
MIOpen(HIP): 	dim.values = { 1 3072 1 34 25 }
MIOpen(HIP): 	stride.values = { 2611200 1 2611200 76800 3072 }
MIOpen(HIP): }
MIOpen(HIP): miopenStatus_t miopenCreateConvolutionDescriptor(miopenConvolutionDescriptor_t *){
MIOpen(HIP): 	convDesc = 0x7ffd68b9f800
MIOpen(HIP): }
MIOpen(HIP): miopenStatus_t miopenInitConvolutionNdDescriptor(miopenConvolutionDescriptor_t, int, const int *, const int *, const int *, miopenConvolutionMode_t){
MIOpen(HIP): 	convDesc = conv2d, miopenConvolution, miopenPaddingDefault, {0, 0}, {1, 1}, {1, 1}, 
MIOpen(HIP): 	spatialDim = 3
MIOpen(HIP): 	pads = { 0 0 0 }
MIOpen(HIP): 	strides = { 1 2 2 }
MIOpen(HIP): 	dilations = { 1 1 1 }
MIOpen(HIP): 	c_mode = 0
MIOpen(HIP): }
MIOpen(HIP): miopenStatus_t miopenSetConvolutionGroupCount(miopenConvolutionDescriptor_t, int){
MIOpen(HIP): 	convDesc = conv3d, miopenConvolution, miopenPaddingDefault, {0, 0, 0}, {1, 2, 2}, {1, 1, 1}, 
MIOpen(HIP): 	groupCount = 1
MIOpen(HIP): }
MIOpen(HIP): miopenStatus_t miopenSetConvolutionAttribute(miopenConvolutionDescriptor_t, const miopenConvolutionAttrib_t, const int){
MIOpen(HIP): 	convDesc = conv3d, miopenConvolution, miopenPaddingDefault, {0, 0, 0}, {1, 2, 2}, {1, 1, 1}, 
MIOpen(HIP): 	attr = 1
MIOpen(HIP): 	value = 0
MIOpen(HIP): }
MIOpen(HIP): miopenStatus_t miopenConvolutionForward(miopenHandle_t, const void *, const miopenTensorDescriptor_t, const void *, const miopenTensorDescriptor_t, const void *, const miopenConvolutionDescriptor_t, miopenConvFwdAlgorithm_t, const void *, const miopenTensorDescriptor_t, void *, void *, size_t){
MIOpen(HIP): 	handle = stream: 0, device_id: 0
MIOpen(HIP): 	alpha = 0x7ffd68b9f548
MIOpen(HIP): 	xDesc = {1, 48, 1, 68, 50}, {163200, 1, 163200, 2400, 48}, packed, 
MIOpen(HIP): 	x = 0x7d6e3dc00000
MIOpen(HIP): 	wDesc = {3072, 48, 1, 2, 2}, {192, 1, 192, 96, 48}, packed, 
MIOpen(HIP): 	w = 0x7d6e34e00000
MIOpen(HIP): 	convDesc = conv3d, miopenConvolution, miopenPaddingDefault, {0, 0, 0}, {1, 2, 2}, {1, 1, 1}, 
MIOpen(HIP): 	algo = 5
MIOpen(HIP): 	beta = 0x7ffd68b9f550
MIOpen(HIP): 	yDesc = {1, 3072, 1, 34, 25}, {2611200, 1, 2611200, 76800, 3072}, packed, 
MIOpen(HIP): 	y = 0x7d6dd9c20000
MIOpen(HIP): 	workSpace = nullptr
MIOpen(HIP): 	workSpaceSize = 0
MIOpen(HIP): }
MIOpen(HIP): Command [LogCmdConvolution] ./bin/MIOpenDriver convbfp16 -n 1 -c 48 --in_d 1 -H 68 -W 50 -k 3072 --fil_d 1 -y 2 -x 2 --pad_d 0 -p 0 -q 0 --conv_stride_d 1 -u 2 -v 2 --dilation_d 1 -l 1 -j 1 --spatial_dim 3 --in_layout NDHWC --fil_layout NDHWC --out_layout NDHWC -m conv -g 1 -F 1 -t 1
MIOpen(HIP): Info [ConvolutionForward] algo = 5, workspace = 0
MIOpen(HIP): Info2 [GetInvoker] Returning an invoker for problem 48x1x68x50x1x2x2x3072x1x34x25x1xNDHWCxNDHWCxNDHWCxBF16x0x0x0x1x2x2x1x1x1x1xFxDefault and algorithm miopenConvolutionFwdAlgoImplicitGEMM
MIOpen(HIP): miopenStatus_t miopenDestroyConvolutionDescriptor(miopenConvolutionDescriptor_t){
MIOpen(HIP): 	convDesc = conv3d, miopenConvolution, miopenPaddingDefault, {0, 0, 0}, {1, 2, 2}, {1, 1, 1}, 
MIOpen(HIP): }
MIOpen(HIP): miopenStatus_t miopenDestroyTensorDescriptor(miopenTensorDescriptor_t){
MIOpen(HIP): 	tensorDesc = {3072, 48, 1, 2, 2}, {192, 1, 192, 96, 48}, packed, 
MIOpen(HIP): }
MIOpen(HIP): miopenStatus_t miopenDestroyTensorDescriptor(miopenTensorDescriptor_t){
MIOpen(HIP): 	tensorDesc = {1, 3072, 1, 34, 25}, {2611200, 1, 2611200, 76800, 3072}, packed, 
MIOpen(HIP): }
MIOpen(HIP): miopenStatus_t miopenDestroyTensorDescriptor(miopenTensorDescriptor_t){
MIOpen(HIP): 	tensorDesc = {1, 48, 1, 68, 50}, {163200, 1, 163200, 2400, 48}, packed, 
MIOpen(HIP): }
MIOpen(HIP): Info [get_device_name] Raw device name: gfx1100
MIOpen(HIP): Info [SetStream] stream: 0, device_id: 0
MIOpen(HIP): miopenStatus_t miopenCreateTensorDescriptor(miopenTensorDescriptor_t *){
MIOpen(HIP): 	tensorDesc = 0x5
MIOpen(HIP): }
MIOpen(HIP): miopenStatus_t miopenSetTensorDescriptor(miopenTensorDescriptor_t, miopenDataType_t, int, const int *, const int *){
MIOpen(HIP): 	tensorDesc = {}, {}, packed, 
MIOpen(HIP): 	dataType = 5
MIOpen(HIP): 	nbDims = 5
MIOpen(HIP): 	dim.values = { 1 48 1 68 50 }
MIOpen(HIP): 	stride.values = { 163200 1 163200 2400 48 }
MIOpen(HIP): }
MIOpen(HIP): miopenStatus_t miopenCreateTensorDescriptor(miopenTensorDescriptor_t *){
MIOpen(HIP): 	tensorDesc = 0x96000027d80
MIOpen(HIP): }
MIOpen(HIP): miopenStatus_t miopenSetTensorDescriptor(miopenTensorDescriptor_t, miopenDataType_t, int, const int *, const int *){
MIOpen(HIP): 	tensorDesc = {}, {}, packed, 
MIOpen(HIP): 	dataType = 5
MIOpen(HIP): 	nbDims = 5
MIOpen(HIP): 	dim.values = { 3072 48 1 2 2 }
MIOpen(HIP): 	stride.values = { 192 1 192 96 48 }
MIOpen(HIP): }
MIOpen(HIP): miopenStatus_t miopenCreateTensorDescriptor(miopenTensorDescriptor_t *){
MIOpen(HIP): 	tensorDesc = 0x7d7626d37df6
MIOpen(HIP): }
MIOpen(HIP): miopenStatus_t miopenSetTensorDescriptor(miopenTensorDescriptor_t, miopenDataType_t, int, const int *, const int *){
MIOpen(HIP): 	tensorDesc = {}, {}, packed, 
MIOpen(HIP): 	dataType = 5
MIOpen(HIP): 	nbDims = 5
MIOpen(HIP): 	dim.values = { 1 3072 1 34 25 }
MIOpen(HIP): 	stride.values = { 2611200 1 2611200 76800 3072 }
MIOpen(HIP): }
MIOpen(HIP): miopenStatus_t miopenCreateConvolutionDescriptor(miopenConvolutionDescriptor_t *){
MIOpen(HIP): 	convDesc = 0x7ffd68b9f800
MIOpen(HIP): }
MIOpen(HIP): miopenStatus_t miopenInitConvolutionNdDescriptor(miopenConvolutionDescriptor_t, int, const int *, const int *, const int *, miopenConvolutionMode_t){
MIOpen(HIP): 	convDesc = conv2d, miopenConvolution, miopenPaddingDefault, {0, 0}, {1, 1}, {1, 1}, 
MIOpen(HIP): 	spatialDim = 3
MIOpen(HIP): 	pads = { 0 0 0 }
MIOpen(HIP): 	strides = { 1 2 2 }
MIOpen(HIP): 	dilations = { 1 1 1 }
MIOpen(HIP): 	c_mode = 0
MIOpen(HIP): }
MIOpen(HIP): miopenStatus_t miopenSetConvolutionGroupCount(miopenConvolutionDescriptor_t, int){
MIOpen(HIP): 	convDesc = conv3d, miopenConvolution, miopenPaddingDefault, {0, 0, 0}, {1, 2, 2}, {1, 1, 1}, 
MIOpen(HIP): 	groupCount = 1
MIOpen(HIP): }
MIOpen(HIP): miopenStatus_t miopenSetConvolutionAttribute(miopenConvolutionDescriptor_t, const miopenConvolutionAttrib_t, const int){
MIOpen(HIP): 	convDesc = conv3d, miopenConvolution, miopenPaddingDefault, {0, 0, 0}, {1, 2, 2}, {1, 1, 1}, 
MIOpen(HIP): 	attr = 1
MIOpen(HIP): 	value = 0
MIOpen(HIP): }
MIOpen(HIP): miopenStatus_t miopenConvolutionForward(miopenHandle_t, const void *, const miopenTensorDescriptor_t, const void *, const miopenTensorDescriptor_t, const void *, const miopenConvolutionDescriptor_t, miopenConvFwdAlgorithm_t, const void *, const miopenTensorDescriptor_t, void *, void *, size_t){
MIOpen(HIP): 	handle = stream: 0, device_id: 0
MIOpen(HIP): 	alpha = 0x7ffd68b9f548
MIOpen(HIP): 	xDesc = {1, 48, 1, 68, 50}, {163200, 1, 163200, 2400, 48}, packed, 
MIOpen(HIP): 	x = 0x7d705db00000
MIOpen(HIP): 	wDesc = {3072, 48, 1, 2, 2}, {192, 1, 192, 96, 48}, packed, 
MIOpen(HIP): 	w = 0x7d6e34e00000
MIOpen(HIP): 	convDesc = conv3d, miopenConvolution, miopenPaddingDefault, {0, 0, 0}, {1, 2, 2}, {1, 1, 1}, 
MIOpen(HIP): 	algo = 5
MIOpen(HIP): 	beta = 0x7ffd68b9f550
MIOpen(HIP): 	yDesc = {1, 3072, 1, 34, 25}, {2611200, 1, 2611200, 76800, 3072}, packed, 
MIOpen(HIP): 	y = 0x7d6dd9c20000
MIOpen(HIP): 	workSpace = nullptr
MIOpen(HIP): 	workSpaceSize = 0
MIOpen(HIP): }
MIOpen(HIP): Command [LogCmdConvolution] ./bin/MIOpenDriver convbfp16 -n 1 -c 48 --in_d 1 -H 68 -W 50 -k 3072 --fil_d 1 -y 2 -x 2 --pad_d 0 -p 0 -q 0 --conv_stride_d 1 -u 2 -v 2 --dilation_d 1 -l 1 -j 1 --spatial_dim 3 --in_layout NDHWC --fil_layout NDHWC --out_layout NDHWC -m conv -g 1 -F 1 -t 1
MIOpen(HIP): Info [ConvolutionForward] algo = 5, workspace = 0
MIOpen(HIP): Info2 [GetInvoker] Returning an invoker for problem 48x1x68x50x1x2x2x3072x1x34x25x1xNDHWCxNDHWCxNDHWCxBF16x0x0x0x1x2x2x1x1x1x1xFxDefault and algorithm miopenConvolutionFwdAlgoImplicitGEMM
MIOpen(HIP): miopenStatus_t miopenDestroyConvolutionDescriptor(miopenConvolutionDescriptor_t){
MIOpen(HIP): 	convDesc = conv3d, miopenConvolution, miopenPaddingDefault, {0, 0, 0}, {1, 2, 2}, {1, 1, 1}, 
MIOpen(HIP): }
MIOpen(HIP): miopenStatus_t miopenDestroyTensorDescriptor(miopenTensorDescriptor_t){
MIOpen(HIP): 	tensorDesc = {3072, 48, 1, 2, 2}, {192, 1, 192, 96, 48}, packed, 
MIOpen(HIP): }
MIOpen(HIP): miopenStatus_t miopenDestroyTensorDescriptor(miopenTensorDescriptor_t){
MIOpen(HIP): 	tensorDesc = {1, 3072, 1, 34, 25}, {2611200, 1, 2611200, 76800, 3072}, packed, 
MIOpen(HIP): }
MIOpen(HIP): miopenStatus_t miopenDestroyTensorDescriptor(miopenTensorDescriptor_t){
MIOpen(HIP): 	tensorDesc = {1, 48, 1, 68, 50}, {163200, 1, 163200, 2400, 48}, packed, 
MIOpen(HIP): }
 52%|█████▏    | 26/50 [00:14<00:12,  1.86it/s]MIOpen(HIP): Info [get_device_name] Raw device name: gfx1100
MIOpen(HIP): Info [SetStream] stream: 0, device_id: 0
MIOpen(HIP): miopenStatus_t miopenCreateTensorDescriptor(miopenTensorDescriptor_t *){
MIOpen(HIP): 	tensorDesc = 0x5
MIOpen(HIP): }
MIOpen(HIP): miopenStatus_t miopenSetTensorDescriptor(miopenTensorDescriptor_t, miopenDataType_t, int, const int *, const int *){
MIOpen(HIP): 	tensorDesc = {}, {}, packed, 
MIOpen(HIP): 	dataType = 5
MIOpen(HIP): 	nbDims = 5
MIOpen(HIP): 	dim.values = { 1 48 1 68 50 }
MIOpen(HIP): 	stride.values = { 163200 1 163200 2400 48 }
MIOpen(HIP): }
MIOpen(HIP): miopenStatus_t miopenCreateTensorDescriptor(miopenTensorDescriptor_t *){
MIOpen(HIP): 	tensorDesc = 0x96000027d80
MIOpen(HIP): }
MIOpen(HIP): miopenStatus_t miopenSetTensorDescriptor(miopenTensorDescriptor_t, miopenDataType_t, int, const int *, const int *){
MIOpen(HIP): 	tensorDesc = {}, {}, packed, 
MIOpen(HIP): 	dataType = 5
MIOpen(HIP): 	nbDims = 5
MIOpen(HIP): 	dim.values = { 3072 48 1 2 2 }
MIOpen(HIP): 	stride.values = { 192 1 192 96 48 }
MIOpen(HIP): }
MIOpen(HIP): miopenStatus_t miopenCreateTensorDescriptor(miopenTensorDescriptor_t *){
MIOpen(HIP): 	tensorDesc = 0x7d7626d37df6
MIOpen(HIP): }
MIOpen(HIP): miopenStatus_t miopenSetTensorDescriptor(miopenTensorDescriptor_t, miopenDataType_t, int, const int *, const int *){
MIOpen(HIP): 	tensorDesc = {}, {}, packed, 
MIOpen(HIP): 	dataType = 5
MIOpen(HIP): 	nbDims = 5
MIOpen(HIP): 	dim.values = { 1 3072 1 34 25 }
MIOpen(HIP): 	stride.values = { 2611200 1 2611200 76800 3072 }
MIOpen(HIP): }
MIOpen(HIP): miopenStatus_t miopenCreateConvolutionDescriptor(miopenConvolutionDescriptor_t *){
MIOpen(HIP): 	convDesc = 0x7ffd68b9f800
MIOpen(HIP): }
MIOpen(HIP): miopenStatus_t miopenInitConvolutionNdDescriptor(miopenConvolutionDescriptor_t, int, const int *, const int *, const int *, miopenConvolutionMode_t){
MIOpen(HIP): 	convDesc = conv2d, miopenConvolution, miopenPaddingDefault, {0, 0}, {1, 1}, {1, 1}, 
MIOpen(HIP): 	spatialDim = 3
MIOpen(HIP): 	pads = { 0 0 0 }
MIOpen(HIP): 	strides = { 1 2 2 }
MIOpen(HIP): 	dilations = { 1 1 1 }
MIOpen(HIP): 	c_mode = 0
MIOpen(HIP): }
MIOpen(HIP): miopenStatus_t miopenSetConvolutionGroupCount(miopenConvolutionDescriptor_t, int){
MIOpen(HIP): 	convDesc = conv3d, miopenConvolution, miopenPaddingDefault, {0, 0, 0}, {1, 2, 2}, {1, 1, 1}, 
MIOpen(HIP): 	groupCount = 1
MIOpen(HIP): }
MIOpen(HIP): miopenStatus_t miopenSetConvolutionAttribute(miopenConvolutionDescriptor_t, const miopenConvolutionAttrib_t, const int){
MIOpen(HIP): 	convDesc = conv3d, miopenConvolution, miopenPaddingDefault, {0, 0, 0}, {1, 2, 2}, {1, 1, 1}, 
MIOpen(HIP): 	attr = 1
MIOpen(HIP): 	value = 0
MIOpen(HIP): }
MIOpen(HIP): miopenStatus_t miopenConvolutionForward(miopenHandle_t, const void *, const miopenTensorDescriptor_t, const void *, const miopenTensorDescriptor_t, const void *, const miopenConvolutionDescriptor_t, miopenConvFwdAlgorithm_t, const void *, const miopenTensorDescriptor_t, void *, void *, size_t){
MIOpen(HIP): 	handle = stream: 0, device_id: 0
MIOpen(HIP): 	alpha = 0x7ffd68b9f548
MIOpen(HIP): 	xDesc = {1, 48, 1, 68, 50}, {163200, 1, 163200, 2400, 48}, packed, 
MIOpen(HIP): 	x = 0x7d705db00000
MIOpen(HIP): 	wDesc = {3072, 48, 1, 2, 2}, {192, 1, 192, 96, 48}, packed, 
MIOpen(HIP): 	w = 0x7d6e34e00000
MIOpen(HIP): 	convDesc = conv3d, miopenConvolution, miopenPaddingDefault, {0, 0, 0}, {1, 2, 2}, {1, 1, 1}, 
MIOpen(HIP): 	algo = 5
MIOpen(HIP): 	beta = 0x7ffd68b9f550
MIOpen(HIP): 	yDesc = {1, 3072, 1, 34, 25}, {2611200, 1, 2611200, 76800, 3072}, packed, 
MIOpen(HIP): 	y = 0x7d6dd9c20000
MIOpen(HIP): 	workSpace = nullptr
MIOpen(HIP): 	workSpaceSize = 0
MIOpen(HIP): }
MIOpen(HIP): Command [LogCmdConvolution] ./bin/MIOpenDriver convbfp16 -n 1 -c 48 --in_d 1 -H 68 -W 50 -k 3072 --fil_d 1 -y 2 -x 2 --pad_d 0 -p 0 -q 0 --conv_stride_d 1 -u 2 -v 2 --dilation_d 1 -l 1 -j 1 --spatial_dim 3 --in_layout NDHWC --fil_layout NDHWC --out_layout NDHWC -m conv -g 1 -F 1 -t 1
MIOpen(HIP): Info [ConvolutionForward] algo = 5, workspace = 0
MIOpen(HIP): Info2 [GetInvoker] Returning an invoker for problem 48x1x68x50x1x2x2x3072x1x34x25x1xNDHWCxNDHWCxNDHWCxBF16x0x0x0x1x2x2x1x1x1x1xFxDefault and algorithm miopenConvolutionFwdAlgoImplicitGEMM
MIOpen(HIP): miopenStatus_t miopenDestroyConvolutionDescriptor(miopenConvolutionDescriptor_t){
MIOpen(HIP): 	convDesc = conv3d, miopenConvolution, miopenPaddingDefault, {0, 0, 0}, {1, 2, 2}, {1, 1, 1}, 
MIOpen(HIP): }
MIOpen(HIP): miopenStatus_t miopenDestroyTensorDescriptor(miopenTensorDescriptor_t){
MIOpen(HIP): 	tensorDesc = {3072, 48, 1, 2, 2}, {192, 1, 192, 96, 48}, packed, 
MIOpen(HIP): }
MIOpen(HIP): miopenStatus_t miopenDestroyTensorDescriptor(miopenTensorDescriptor_t){
MIOpen(HIP): 	tensorDesc = {1, 3072, 1, 34, 25}, {2611200, 1, 2611200, 76800, 3072}, packed, 
MIOpen(HIP): }
MIOpen(HIP): miopenStatus_t miopenDestroyTensorDescriptor(miopenTensorDescriptor_t){
MIOpen(HIP): 	tensorDesc = {1, 48, 1, 68, 50}, {163200, 1, 163200, 2400, 48}, packed, 
MIOpen(HIP): }
MIOpen(HIP): Info [get_device_name] Raw device name: gfx1100
MIOpen(HIP): Info [SetStream] stream: 0, device_id: 0
MIOpen(HIP): miopenStatus_t miopenCreateTensorDescriptor(miopenTensorDescriptor_t *){
MIOpen(HIP): 	tensorDesc = 0x5
MIOpen(HIP): }
MIOpen(HIP): miopenStatus_t miopenSetTensorDescriptor(miopenTensorDescriptor_t, miopenDataType_t, int, const int *, const int *){
MIOpen(HIP): 	tensorDesc = {}, {}, packed, 
MIOpen(HIP): 	dataType = 5
MIOpen(HIP): 	nbDims = 5
MIOpen(HIP): 	dim.values = { 1 48 1 68 50 }
MIOpen(HIP): 	stride.values = { 163200 1 163200 2400 48 }
MIOpen(HIP): }
MIOpen(HIP): miopenStatus_t miopenCreateTensorDescriptor(miopenTensorDescriptor_t *){
MIOpen(HIP): 	tensorDesc = 0x96000027d80
MIOpen(HIP): }
MIOpen(HIP): miopenStatus_t miopenSetTensorDescriptor(miopenTensorDescriptor_t, miopenDataType_t, int, const int *, const int *){
MIOpen(HIP): 	tensorDesc = {}, {}, packed, 
MIOpen(HIP): 	dataType = 5
MIOpen(HIP): 	nbDims = 5
MIOpen(HIP): 	dim.values = { 3072 48 1 2 2 }
MIOpen(HIP): 	stride.values = { 192 1 192 96 48 }
MIOpen(HIP): }
MIOpen(HIP): miopenStatus_t miopenCreateTensorDescriptor(miopenTensorDescriptor_t *){
MIOpen(HIP): 	tensorDesc = 0x7d7626d37df6
MIOpen(HIP): }
MIOpen(HIP): miopenStatus_t miopenSetTensorDescriptor(miopenTensorDescriptor_t, miopenDataType_t, int, const int *, const int *){
MIOpen(HIP): 	tensorDesc = {}, {}, packed, 
MIOpen(HIP): 	dataType = 5
MIOpen(HIP): 	nbDims = 5
MIOpen(HIP): 	dim.values = { 1 3072 1 34 25 }
MIOpen(HIP): 	stride.values = { 2611200 1 2611200 76800 3072 }
MIOpen(HIP): }
MIOpen(HIP): miopenStatus_t miopenCreateConvolutionDescriptor(miopenConvolutionDescriptor_t *){
MIOpen(HIP): 	convDesc = 0x7ffd68b9f800
MIOpen(HIP): }
MIOpen(HIP): miopenStatus_t miopenInitConvolutionNdDescriptor(miopenConvolutionDescriptor_t, int, const int *, const int *, const int *, miopenConvolutionMode_t){
MIOpen(HIP): 	convDesc = conv2d, miopenConvolution, miopenPaddingDefault, {0, 0}, {1, 1}, {1, 1}, 
MIOpen(HIP): 	spatialDim = 3
MIOpen(HIP): 	pads = { 0 0 0 }
MIOpen(HIP): 	strides = { 1 2 2 }
MIOpen(HIP): 	dilations = { 1 1 1 }
MIOpen(HIP): 	c_mode = 0
MIOpen(HIP): }
MIOpen(HIP): miopenStatus_t miopenSetConvolutionGroupCount(miopenConvolutionDescriptor_t, int){
MIOpen(HIP): 	convDesc = conv3d, miopenConvolution, miopenPaddingDefault, {0, 0, 0}, {1, 2, 2}, {1, 1, 1}, 
MIOpen(HIP): 	groupCount = 1
MIOpen(HIP): }
MIOpen(HIP): miopenStatus_t miopenSetConvolutionAttribute(miopenConvolutionDescriptor_t, const miopenConvolutionAttrib_t, const int){
MIOpen(HIP): 	convDesc = conv3d, miopenConvolution, miopenPaddingDefault, {0, 0, 0}, {1, 2, 2}, {1, 1, 1}, 
MIOpen(HIP): 	attr = 1
MIOpen(HIP): 	value = 0
MIOpen(HIP): }
MIOpen(HIP): miopenStatus_t miopenConvolutionForward(miopenHandle_t, const void *, const miopenTensorDescriptor_t, const void *, const miopenTensorDescriptor_t, const void *, const miopenConvolutionDescriptor_t, miopenConvFwdAlgorithm_t, const void *, const miopenTensorDescriptor_t, void *, void *, size_t){
MIOpen(HIP): 	handle = stream: 0, device_id: 0
MIOpen(HIP): 	alpha = 0x7ffd68b9f548
MIOpen(HIP): 	xDesc = {1, 48, 1, 68, 50}, {163200, 1, 163200, 2400, 48}, packed, 
MIOpen(HIP): 	x = 0x7d705db00000
MIOpen(HIP): 	wDesc = {3072, 48, 1, 2, 2}, {192, 1, 192, 96, 48}, packed, 
MIOpen(HIP): 	w = 0x7d6e34e00000
MIOpen(HIP): 	convDesc = conv3d, miopenConvolution, miopenPaddingDefault, {0, 0, 0}, {1, 2, 2}, {1, 1, 1}, 
MIOpen(HIP): 	algo = 5
MIOpen(HIP): 	beta = 0x7ffd68b9f550
MIOpen(HIP): 	yDesc = {1, 3072, 1, 34, 25}, {2611200, 1, 2611200, 76800, 3072}, packed, 
MIOpen(HIP): 	y = 0x7d6dd9c20000
MIOpen(HIP): 	workSpace = nullptr
MIOpen(HIP): 	workSpaceSize = 0
MIOpen(HIP): }
MIOpen(HIP): Command [LogCmdConvolution] ./bin/MIOpenDriver convbfp16 -n 1 -c 48 --in_d 1 -H 68 -W 50 -k 3072 --fil_d 1 -y 2 -x 2 --pad_d 0 -p 0 -q 0 --conv_stride_d 1 -u 2 -v 2 --dilation_d 1 -l 1 -j 1 --spatial_dim 3 --in_layout NDHWC --fil_layout NDHWC --out_layout NDHWC -m conv -g 1 -F 1 -t 1
MIOpen(HIP): Info [ConvolutionForward] algo = 5, workspace = 0
MIOpen(HIP): Info2 [GetInvoker] Returning an invoker for problem 48x1x68x50x1x2x2x3072x1x34x25x1xNDHWCxNDHWCxNDHWCxBF16x0x0x0x1x2x2x1x1x1x1xFxDefault and algorithm miopenConvolutionFwdAlgoImplicitGEMM
MIOpen(HIP): miopenStatus_t miopenDestroyConvolutionDescriptor(miopenConvolutionDescriptor_t){
MIOpen(HIP): 	convDesc = conv3d, miopenConvolution, miopenPaddingDefault, {0, 0, 0}, {1, 2, 2}, {1, 1, 1}, 
MIOpen(HIP): }
MIOpen(HIP): miopenStatus_t miopenDestroyTensorDescriptor(miopenTensorDescriptor_t){
MIOpen(HIP): 	tensorDesc = {3072, 48, 1, 2, 2}, {192, 1, 192, 96, 48}, packed, 
MIOpen(HIP): }
MIOpen(HIP): miopenStatus_t miopenDestroyTensorDescriptor(miopenTensorDescriptor_t){
MIOpen(HIP): 	tensorDesc = {1, 3072, 1, 34, 25}, {2611200, 1, 2611200, 76800, 3072}, packed, 
MIOpen(HIP): }
MIOpen(HIP): miopenStatus_t miopenDestroyTensorDescriptor(miopenTensorDescriptor_t){
MIOpen(HIP): 	tensorDesc = {1, 48, 1, 68, 50}, {163200, 1, 163200, 2400, 48}, packed, 
MIOpen(HIP): }
 54%|█████▍    | 27/50 [00:15<00:12,  1.86it/s]MIOpen(HIP): Info [get_device_name] Raw device name: gfx1100
MIOpen(HIP): Info [SetStream] stream: 0, device_id: 0
MIOpen(HIP): miopenStatus_t miopenCreateTensorDescriptor(miopenTensorDescriptor_t *){
MIOpen(HIP): 	tensorDesc = 0x5
MIOpen(HIP): }
MIOpen(HIP): miopenStatus_t miopenSetTensorDescriptor(miopenTensorDescriptor_t, miopenDataType_t, int, const int *, const int *){
MIOpen(HIP): 	tensorDesc = {}, {}, packed, 
MIOpen(HIP): 	dataType = 5
MIOpen(HIP): 	nbDims = 5
MIOpen(HIP): 	dim.values = { 1 48 1 68 50 }
MIOpen(HIP): 	stride.values = { 163200 1 163200 2400 48 }
MIOpen(HIP): }
MIOpen(HIP): miopenStatus_t miopenCreateTensorDescriptor(miopenTensorDescriptor_t *){
MIOpen(HIP): 	tensorDesc = 0x96000027d80
MIOpen(HIP): }
MIOpen(HIP): miopenStatus_t miopenSetTensorDescriptor(miopenTensorDescriptor_t, miopenDataType_t, int, const int *, const int *){
MIOpen(HIP): 	tensorDesc = {}, {}, packed, 
MIOpen(HIP): 	dataType = 5
MIOpen(HIP): 	nbDims = 5
MIOpen(HIP): 	dim.values = { 3072 48 1 2 2 }
MIOpen(HIP): 	stride.values = { 192 1 192 96 48 }
MIOpen(HIP): }
MIOpen(HIP): miopenStatus_t miopenCreateTensorDescriptor(miopenTensorDescriptor_t *){
MIOpen(HIP): 	tensorDesc = 0x7d7626d37df6
MIOpen(HIP): }
MIOpen(HIP): miopenStatus_t miopenSetTensorDescriptor(miopenTensorDescriptor_t, miopenDataType_t, int, const int *, const int *){
MIOpen(HIP): 	tensorDesc = {}, {}, packed, 
MIOpen(HIP): 	dataType = 5
MIOpen(HIP): 	nbDims = 5
MIOpen(HIP): 	dim.values = { 1 3072 1 34 25 }
MIOpen(HIP): 	stride.values = { 2611200 1 2611200 76800 3072 }
MIOpen(HIP): }
MIOpen(HIP): miopenStatus_t miopenCreateConvolutionDescriptor(miopenConvolutionDescriptor_t *){
MIOpen(HIP): 	convDesc = 0x7ffd68b9f800
MIOpen(HIP): }
MIOpen(HIP): miopenStatus_t miopenInitConvolutionNdDescriptor(miopenConvolutionDescriptor_t, int, const int *, const int *, const int *, miopenConvolutionMode_t){
MIOpen(HIP): 	convDesc = conv2d, miopenConvolution, miopenPaddingDefault, {0, 0}, {1, 1}, {1, 1}, 
MIOpen(HIP): 	spatialDim = 3
MIOpen(HIP): 	pads = { 0 0 0 }
MIOpen(HIP): 	strides = { 1 2 2 }
MIOpen(HIP): 	dilations = { 1 1 1 }
MIOpen(HIP): 	c_mode = 0
MIOpen(HIP): }
MIOpen(HIP): miopenStatus_t miopenSetConvolutionGroupCount(miopenConvolutionDescriptor_t, int){
MIOpen(HIP): 	convDesc = conv3d, miopenConvolution, miopenPaddingDefault, {0, 0, 0}, {1, 2, 2}, {1, 1, 1}, 
MIOpen(HIP): 	groupCount = 1
MIOpen(HIP): }
MIOpen(HIP): miopenStatus_t miopenSetConvolutionAttribute(miopenConvolutionDescriptor_t, const miopenConvolutionAttrib_t, const int){
MIOpen(HIP): 	convDesc = conv3d, miopenConvolution, miopenPaddingDefault, {0, 0, 0}, {1, 2, 2}, {1, 1, 1}, 
MIOpen(HIP): 	attr = 1
MIOpen(HIP): 	value = 0
MIOpen(HIP): }
MIOpen(HIP): miopenStatus_t miopenConvolutionForward(miopenHandle_t, const void *, const miopenTensorDescriptor_t, const void *, const miopenTensorDescriptor_t, const void *, const miopenConvolutionDescriptor_t, miopenConvFwdAlgorithm_t, const void *, const miopenTensorDescriptor_t, void *, void *, size_t){
MIOpen(HIP): 	handle = stream: 0, device_id: 0
MIOpen(HIP): 	alpha = 0x7ffd68b9f548
MIOpen(HIP): 	xDesc = {1, 48, 1, 68, 50}, {163200, 1, 163200, 2400, 48}, packed, 
MIOpen(HIP): 	x = 0x7d705db00000
MIOpen(HIP): 	wDesc = {3072, 48, 1, 2, 2}, {192, 1, 192, 96, 48}, packed, 
MIOpen(HIP): 	w = 0x7d6e34e00000
MIOpen(HIP): 	convDesc = conv3d, miopenConvolution, miopenPaddingDefault, {0, 0, 0}, {1, 2, 2}, {1, 1, 1}, 
MIOpen(HIP): 	algo = 5
MIOpen(HIP): 	beta = 0x7ffd68b9f550
MIOpen(HIP): 	yDesc = {1, 3072, 1, 34, 25}, {2611200, 1, 2611200, 76800, 3072}, packed, 
MIOpen(HIP): 	y = 0x7d6dd9c20000
MIOpen(HIP): 	workSpace = nullptr
MIOpen(HIP): 	workSpaceSize = 0
MIOpen(HIP): }
MIOpen(HIP): Command [LogCmdConvolution] ./bin/MIOpenDriver convbfp16 -n 1 -c 48 --in_d 1 -H 68 -W 50 -k 3072 --fil_d 1 -y 2 -x 2 --pad_d 0 -p 0 -q 0 --conv_stride_d 1 -u 2 -v 2 --dilation_d 1 -l 1 -j 1 --spatial_dim 3 --in_layout NDHWC --fil_layout NDHWC --out_layout NDHWC -m conv -g 1 -F 1 -t 1
MIOpen(HIP): Info [ConvolutionForward] algo = 5, workspace = 0
MIOpen(HIP): Info2 [GetInvoker] Returning an invoker for problem 48x1x68x50x1x2x2x3072x1x34x25x1xNDHWCxNDHWCxNDHWCxBF16x0x0x0x1x2x2x1x1x1x1xFxDefault and algorithm miopenConvolutionFwdAlgoImplicitGEMM
MIOpen(HIP): miopenStatus_t miopenDestroyConvolutionDescriptor(miopenConvolutionDescriptor_t){
MIOpen(HIP): 	convDesc = conv3d, miopenConvolution, miopenPaddingDefault, {0, 0, 0}, {1, 2, 2}, {1, 1, 1}, 
MIOpen(HIP): }
MIOpen(HIP): miopenStatus_t miopenDestroyTensorDescriptor(miopenTensorDescriptor_t){
MIOpen(HIP): 	tensorDesc = {3072, 48, 1, 2, 2}, {192, 1, 192, 96, 48}, packed, 
MIOpen(HIP): }
MIOpen(HIP): miopenStatus_t miopenDestroyTensorDescriptor(miopenTensorDescriptor_t){
MIOpen(HIP): 	tensorDesc = {1, 3072, 1, 34, 25}, {2611200, 1, 2611200, 76800, 3072}, packed, 
MIOpen(HIP): }
MIOpen(HIP): miopenStatus_t miopenDestroyTensorDescriptor(miopenTensorDescriptor_t){
MIOpen(HIP): 	tensorDesc = {1, 48, 1, 68, 50}, {163200, 1, 163200, 2400, 48}, packed, 
MIOpen(HIP): }
MIOpen(HIP): Info [get_device_name] Raw device name: gfx1100
MIOpen(HIP): Info [SetStream] stream: 0, device_id: 0
MIOpen(HIP): miopenStatus_t miopenCreateTensorDescriptor(miopenTensorDescriptor_t *){
MIOpen(HIP): 	tensorDesc = 0x5
MIOpen(HIP): }
MIOpen(HIP): miopenStatus_t miopenSetTensorDescriptor(miopenTensorDescriptor_t, miopenDataType_t, int, const int *, const int *){
MIOpen(HIP): 	tensorDesc = {}, {}, packed, 
MIOpen(HIP): 	dataType = 5
MIOpen(HIP): 	nbDims = 5
MIOpen(HIP): 	dim.values = { 1 48 1 68 50 }
MIOpen(HIP): 	stride.values = { 163200 1 163200 2400 48 }
MIOpen(HIP): }
MIOpen(HIP): miopenStatus_t miopenCreateTensorDescriptor(miopenTensorDescriptor_t *){
MIOpen(HIP): 	tensorDesc = 0x96000027d80
MIOpen(HIP): }
MIOpen(HIP): miopenStatus_t miopenSetTensorDescriptor(miopenTensorDescriptor_t, miopenDataType_t, int, const int *, const int *){
MIOpen(HIP): 	tensorDesc = {}, {}, packed, 
MIOpen(HIP): 	dataType = 5
MIOpen(HIP): 	nbDims = 5
MIOpen(HIP): 	dim.values = { 3072 48 1 2 2 }
MIOpen(HIP): 	stride.values = { 192 1 192 96 48 }
MIOpen(HIP): }
MIOpen(HIP): miopenStatus_t miopenCreateTensorDescriptor(miopenTensorDescriptor_t *){
MIOpen(HIP): 	tensorDesc = 0x7d7626d37df6
MIOpen(HIP): }
MIOpen(HIP): miopenStatus_t miopenSetTensorDescriptor(miopenTensorDescriptor_t, miopenDataType_t, int, const int *, const int *){
MIOpen(HIP): 	tensorDesc = {}, {}, packed, 
MIOpen(HIP): 	dataType = 5
MIOpen(HIP): 	nbDims = 5
MIOpen(HIP): 	dim.values = { 1 3072 1 34 25 }
MIOpen(HIP): 	stride.values = { 2611200 1 2611200 76800 3072 }
MIOpen(HIP): }
MIOpen(HIP): miopenStatus_t miopenCreateConvolutionDescriptor(miopenConvolutionDescriptor_t *){
MIOpen(HIP): 	convDesc = 0x7ffd68b9f800
MIOpen(HIP): }
MIOpen(HIP): miopenStatus_t miopenInitConvolutionNdDescriptor(miopenConvolutionDescriptor_t, int, const int *, const int *, const int *, miopenConvolutionMode_t){
MIOpen(HIP): 	convDesc = conv2d, miopenConvolution, miopenPaddingDefault, {0, 0}, {1, 1}, {1, 1}, 
MIOpen(HIP): 	spatialDim = 3
MIOpen(HIP): 	pads = { 0 0 0 }
MIOpen(HIP): 	strides = { 1 2 2 }
MIOpen(HIP): 	dilations = { 1 1 1 }
MIOpen(HIP): 	c_mode = 0
MIOpen(HIP): }
MIOpen(HIP): miopenStatus_t miopenSetConvolutionGroupCount(miopenConvolutionDescriptor_t, int){
MIOpen(HIP): 	convDesc = conv3d, miopenConvolution, miopenPaddingDefault, {0, 0, 0}, {1, 2, 2}, {1, 1, 1}, 
MIOpen(HIP): 	groupCount = 1
MIOpen(HIP): }
MIOpen(HIP): miopenStatus_t miopenSetConvolutionAttribute(miopenConvolutionDescriptor_t, const miopenConvolutionAttrib_t, const int){
MIOpen(HIP): 	convDesc = conv3d, miopenConvolution, miopenPaddingDefault, {0, 0, 0}, {1, 2, 2}, {1, 1, 1}, 
MIOpen(HIP): 	attr = 1
MIOpen(HIP): 	value = 0
MIOpen(HIP): }
MIOpen(HIP): miopenStatus_t miopenConvolutionForward(miopenHandle_t, const void *, const miopenTensorDescriptor_t, const void *, const miopenTensorDescriptor_t, const void *, const miopenConvolutionDescriptor_t, miopenConvFwdAlgorithm_t, const void *, const miopenTensorDescriptor_t, void *, void *, size_t){
MIOpen(HIP): 	handle = stream: 0, device_id: 0
MIOpen(HIP): 	alpha = 0x7ffd68b9f548
MIOpen(HIP): 	xDesc = {1, 48, 1, 68, 50}, {163200, 1, 163200, 2400, 48}, packed, 
MIOpen(HIP): 	x = 0x7d705db00000
MIOpen(HIP): 	wDesc = {3072, 48, 1, 2, 2}, {192, 1, 192, 96, 48}, packed, 
MIOpen(HIP): 	w = 0x7d6e34e00000
MIOpen(HIP): 	convDesc = conv3d, miopenConvolution, miopenPaddingDefault, {0, 0, 0}, {1, 2, 2}, {1, 1, 1}, 
MIOpen(HIP): 	algo = 5
MIOpen(HIP): 	beta = 0x7ffd68b9f550
MIOpen(HIP): 	yDesc = {1, 3072, 1, 34, 25}, {2611200, 1, 2611200, 76800, 3072}, packed, 
MIOpen(HIP): 	y = 0x7d6dd9c20000
MIOpen(HIP): 	workSpace = nullptr
MIOpen(HIP): 	workSpaceSize = 0
MIOpen(HIP): }
MIOpen(HIP): Command [LogCmdConvolution] ./bin/MIOpenDriver convbfp16 -n 1 -c 48 --in_d 1 -H 68 -W 50 -k 3072 --fil_d 1 -y 2 -x 2 --pad_d 0 -p 0 -q 0 --conv_stride_d 1 -u 2 -v 2 --dilation_d 1 -l 1 -j 1 --spatial_dim 3 --in_layout NDHWC --fil_layout NDHWC --out_layout NDHWC -m conv -g 1 -F 1 -t 1
MIOpen(HIP): Info [ConvolutionForward] algo = 5, workspace = 0
MIOpen(HIP): Info2 [GetInvoker] Returning an invoker for problem 48x1x68x50x1x2x2x3072x1x34x25x1xNDHWCxNDHWCxNDHWCxBF16x0x0x0x1x2x2x1x1x1x1xFxDefault and algorithm miopenConvolutionFwdAlgoImplicitGEMM
MIOpen(HIP): miopenStatus_t miopenDestroyConvolutionDescriptor(miopenConvolutionDescriptor_t){
MIOpen(HIP): 	convDesc = conv3d, miopenConvolution, miopenPaddingDefault, {0, 0, 0}, {1, 2, 2}, {1, 1, 1}, 
MIOpen(HIP): }
MIOpen(HIP): miopenStatus_t miopenDestroyTensorDescriptor(miopenTensorDescriptor_t){
MIOpen(HIP): 	tensorDesc = {3072, 48, 1, 2, 2}, {192, 1, 192, 96, 48}, packed, 
MIOpen(HIP): }
MIOpen(HIP): miopenStatus_t miopenDestroyTensorDescriptor(miopenTensorDescriptor_t){
MIOpen(HIP): 	tensorDesc = {1, 3072, 1, 34, 25}, {2611200, 1, 2611200, 76800, 3072}, packed, 
MIOpen(HIP): }
MIOpen(HIP): miopenStatus_t miopenDestroyTensorDescriptor(miopenTensorDescriptor_t){
MIOpen(HIP): 	tensorDesc = {1, 48, 1, 68, 50}, {163200, 1, 163200, 2400, 48}, packed, 
MIOpen(HIP): }
 56%|█████▌    | 28/50 [00:15<00:11,  1.86it/s]MIOpen(HIP): Info [get_device_name] Raw device name: gfx1100
MIOpen(HIP): Info [SetStream] stream: 0, device_id: 0
MIOpen(HIP): miopenStatus_t miopenCreateTensorDescriptor(miopenTensorDescriptor_t *){
MIOpen(HIP): 	tensorDesc = 0x5
MIOpen(HIP): }
MIOpen(HIP): miopenStatus_t miopenSetTensorDescriptor(miopenTensorDescriptor_t, miopenDataType_t, int, const int *, const int *){
MIOpen(HIP): 	tensorDesc = {}, {}, packed, 
MIOpen(HIP): 	dataType = 5
MIOpen(HIP): 	nbDims = 5
MIOpen(HIP): 	dim.values = { 1 48 1 68 50 }
MIOpen(HIP): 	stride.values = { 163200 1 163200 2400 48 }
MIOpen(HIP): }
MIOpen(HIP): miopenStatus_t miopenCreateTensorDescriptor(miopenTensorDescriptor_t *){
MIOpen(HIP): 	tensorDesc = 0x96000027d80
MIOpen(HIP): }
MIOpen(HIP): miopenStatus_t miopenSetTensorDescriptor(miopenTensorDescriptor_t, miopenDataType_t, int, const int *, const int *){
MIOpen(HIP): 	tensorDesc = {}, {}, packed, 
MIOpen(HIP): 	dataType = 5
MIOpen(HIP): 	nbDims = 5
MIOpen(HIP): 	dim.values = { 3072 48 1 2 2 }
MIOpen(HIP): 	stride.values = { 192 1 192 96 48 }
MIOpen(HIP): }
MIOpen(HIP): miopenStatus_t miopenCreateTensorDescriptor(miopenTensorDescriptor_t *){
MIOpen(HIP): 	tensorDesc = 0x7d7626d37df6
MIOpen(HIP): }
MIOpen(HIP): miopenStatus_t miopenSetTensorDescriptor(miopenTensorDescriptor_t, miopenDataType_t, int, const int *, const int *){
MIOpen(HIP): 	tensorDesc = {}, {}, packed, 
MIOpen(HIP): 	dataType = 5
MIOpen(HIP): 	nbDims = 5
MIOpen(HIP): 	dim.values = { 1 3072 1 34 25 }
MIOpen(HIP): 	stride.values = { 2611200 1 2611200 76800 3072 }
MIOpen(HIP): }
MIOpen(HIP): miopenStatus_t miopenCreateConvolutionDescriptor(miopenConvolutionDescriptor_t *){
MIOpen(HIP): 	convDesc = 0x7ffd68b9f800
MIOpen(HIP): }
MIOpen(HIP): miopenStatus_t miopenInitConvolutionNdDescriptor(miopenConvolutionDescriptor_t, int, const int *, const int *, const int *, miopenConvolutionMode_t){
MIOpen(HIP): 	convDesc = conv2d, miopenConvolution, miopenPaddingDefault, {0, 0}, {1, 1}, {1, 1}, 
MIOpen(HIP): 	spatialDim = 3
MIOpen(HIP): 	pads = { 0 0 0 }
MIOpen(HIP): 	strides = { 1 2 2 }
MIOpen(HIP): 	dilations = { 1 1 1 }
MIOpen(HIP): 	c_mode = 0
MIOpen(HIP): }
MIOpen(HIP): miopenStatus_t miopenSetConvolutionGroupCount(miopenConvolutionDescriptor_t, int){
MIOpen(HIP): 	convDesc = conv3d, miopenConvolution, miopenPaddingDefault, {0, 0, 0}, {1, 2, 2}, {1, 1, 1}, 
MIOpen(HIP): 	groupCount = 1
MIOpen(HIP): }
MIOpen(HIP): miopenStatus_t miopenSetConvolutionAttribute(miopenConvolutionDescriptor_t, const miopenConvolutionAttrib_t, const int){
MIOpen(HIP): 	convDesc = conv3d, miopenConvolution, miopenPaddingDefault, {0, 0, 0}, {1, 2, 2}, {1, 1, 1}, 
MIOpen(HIP): 	attr = 1
MIOpen(HIP): 	value = 0
MIOpen(HIP): }
MIOpen(HIP): miopenStatus_t miopenConvolutionForward(miopenHandle_t, const void *, const miopenTensorDescriptor_t, const void *, const miopenTensorDescriptor_t, const void *, const miopenConvolutionDescriptor_t, miopenConvFwdAlgorithm_t, const void *, const miopenTensorDescriptor_t, void *, void *, size_t){
MIOpen(HIP): 	handle = stream: 0, device_id: 0
MIOpen(HIP): 	alpha = 0x7ffd68b9f548
MIOpen(HIP): 	xDesc = {1, 48, 1, 68, 50}, {163200, 1, 163200, 2400, 48}, packed, 
MIOpen(HIP): 	x = 0x7d705db00000
MIOpen(HIP): 	wDesc = {3072, 48, 1, 2, 2}, {192, 1, 192, 96, 48}, packed, 
MIOpen(HIP): 	w = 0x7d6e34e00000
MIOpen(HIP): 	convDesc = conv3d, miopenConvolution, miopenPaddingDefault, {0, 0, 0}, {1, 2, 2}, {1, 1, 1}, 
MIOpen(HIP): 	algo = 5
MIOpen(HIP): 	beta = 0x7ffd68b9f550
MIOpen(HIP): 	yDesc = {1, 3072, 1, 34, 25}, {2611200, 1, 2611200, 76800, 3072}, packed, 
MIOpen(HIP): 	y = 0x7d6dd9c20000
MIOpen(HIP): 	workSpace = nullptr
MIOpen(HIP): 	workSpaceSize = 0
MIOpen(HIP): }
MIOpen(HIP): Command [LogCmdConvolution] ./bin/MIOpenDriver convbfp16 -n 1 -c 48 --in_d 1 -H 68 -W 50 -k 3072 --fil_d 1 -y 2 -x 2 --pad_d 0 -p 0 -q 0 --conv_stride_d 1 -u 2 -v 2 --dilation_d 1 -l 1 -j 1 --spatial_dim 3 --in_layout NDHWC --fil_layout NDHWC --out_layout NDHWC -m conv -g 1 -F 1 -t 1
MIOpen(HIP): Info [ConvolutionForward] algo = 5, workspace = 0
MIOpen(HIP): Info2 [GetInvoker] Returning an invoker for problem 48x1x68x50x1x2x2x3072x1x34x25x1xNDHWCxNDHWCxNDHWCxBF16x0x0x0x1x2x2x1x1x1x1xFxDefault and algorithm miopenConvolutionFwdAlgoImplicitGEMM
MIOpen(HIP): miopenStatus_t miopenDestroyConvolutionDescriptor(miopenConvolutionDescriptor_t){
MIOpen(HIP): 	convDesc = conv3d, miopenConvolution, miopenPaddingDefault, {0, 0, 0}, {1, 2, 2}, {1, 1, 1}, 
MIOpen(HIP): }
MIOpen(HIP): miopenStatus_t miopenDestroyTensorDescriptor(miopenTensorDescriptor_t){
MIOpen(HIP): 	tensorDesc = {3072, 48, 1, 2, 2}, {192, 1, 192, 96, 48}, packed, 
MIOpen(HIP): }
MIOpen(HIP): miopenStatus_t miopenDestroyTensorDescriptor(miopenTensorDescriptor_t){
MIOpen(HIP): 	tensorDesc = {1, 3072, 1, 34, 25}, {2611200, 1, 2611200, 76800, 3072}, packed, 
MIOpen(HIP): }
MIOpen(HIP): miopenStatus_t miopenDestroyTensorDescriptor(miopenTensorDescriptor_t){
MIOpen(HIP): 	tensorDesc = {1, 48, 1, 68, 50}, {163200, 1, 163200, 2400, 48}, packed, 
MIOpen(HIP): }
MIOpen(HIP): Info [get_device_name] Raw device name: gfx1100
MIOpen(HIP): Info [SetStream] stream: 0, device_id: 0
MIOpen(HIP): miopenStatus_t miopenCreateTensorDescriptor(miopenTensorDescriptor_t *){
MIOpen(HIP): 	tensorDesc = 0x5
MIOpen(HIP): }
MIOpen(HIP): miopenStatus_t miopenSetTensorDescriptor(miopenTensorDescriptor_t, miopenDataType_t, int, const int *, const int *){
MIOpen(HIP): 	tensorDesc = {}, {}, packed, 
MIOpen(HIP): 	dataType = 5
MIOpen(HIP): 	nbDims = 5
MIOpen(HIP): 	dim.values = { 1 48 1 68 50 }
MIOpen(HIP): 	stride.values = { 163200 1 163200 2400 48 }
MIOpen(HIP): }
MIOpen(HIP): miopenStatus_t miopenCreateTensorDescriptor(miopenTensorDescriptor_t *){
MIOpen(HIP): 	tensorDesc = 0x96000027d80
MIOpen(HIP): }
MIOpen(HIP): miopenStatus_t miopenSetTensorDescriptor(miopenTensorDescriptor_t, miopenDataType_t, int, const int *, const int *){
MIOpen(HIP): 	tensorDesc = {}, {}, packed, 
MIOpen(HIP): 	dataType = 5
MIOpen(HIP): 	nbDims = 5
MIOpen(HIP): 	dim.values = { 3072 48 1 2 2 }
MIOpen(HIP): 	stride.values = { 192 1 192 96 48 }
MIOpen(HIP): }
MIOpen(HIP): miopenStatus_t miopenCreateTensorDescriptor(miopenTensorDescriptor_t *){
MIOpen(HIP): 	tensorDesc = 0x7d7626d37df6
MIOpen(HIP): }
MIOpen(HIP): miopenStatus_t miopenSetTensorDescriptor(miopenTensorDescriptor_t, miopenDataType_t, int, const int *, const int *){
MIOpen(HIP): 	tensorDesc = {}, {}, packed, 
MIOpen(HIP): 	dataType = 5
MIOpen(HIP): 	nbDims = 5
MIOpen(HIP): 	dim.values = { 1 3072 1 34 25 }
MIOpen(HIP): 	stride.values = { 2611200 1 2611200 76800 3072 }
MIOpen(HIP): }
MIOpen(HIP): miopenStatus_t miopenCreateConvolutionDescriptor(miopenConvolutionDescriptor_t *){
MIOpen(HIP): 	convDesc = 0x7ffd68b9f800
MIOpen(HIP): }
MIOpen(HIP): miopenStatus_t miopenInitConvolutionNdDescriptor(miopenConvolutionDescriptor_t, int, const int *, const int *, const int *, miopenConvolutionMode_t){
MIOpen(HIP): 	convDesc = conv2d, miopenConvolution, miopenPaddingDefault, {0, 0}, {1, 1}, {1, 1}, 
MIOpen(HIP): 	spatialDim = 3
MIOpen(HIP): 	pads = { 0 0 0 }
MIOpen(HIP): 	strides = { 1 2 2 }
MIOpen(HIP): 	dilations = { 1 1 1 }
MIOpen(HIP): 	c_mode = 0
MIOpen(HIP): }
MIOpen(HIP): miopenStatus_t miopenSetConvolutionGroupCount(miopenConvolutionDescriptor_t, int){
MIOpen(HIP): 	convDesc = conv3d, miopenConvolution, miopenPaddingDefault, {0, 0, 0}, {1, 2, 2}, {1, 1, 1}, 
MIOpen(HIP): 	groupCount = 1
MIOpen(HIP): }
MIOpen(HIP): miopenStatus_t miopenSetConvolutionAttribute(miopenConvolutionDescriptor_t, const miopenConvolutionAttrib_t, const int){
MIOpen(HIP): 	convDesc = conv3d, miopenConvolution, miopenPaddingDefault, {0, 0, 0}, {1, 2, 2}, {1, 1, 1}, 
MIOpen(HIP): 	attr = 1
MIOpen(HIP): 	value = 0
MIOpen(HIP): }
MIOpen(HIP): miopenStatus_t miopenConvolutionForward(miopenHandle_t, const void *, const miopenTensorDescriptor_t, const void *, const miopenTensorDescriptor_t, const void *, const miopenConvolutionDescriptor_t, miopenConvFwdAlgorithm_t, const void *, const miopenTensorDescriptor_t, void *, void *, size_t){
MIOpen(HIP): 	handle = stream: 0, device_id: 0
MIOpen(HIP): 	alpha = 0x7ffd68b9f548
MIOpen(HIP): 	xDesc = {1, 48, 1, 68, 50}, {163200, 1, 163200, 2400, 48}, packed, 
MIOpen(HIP): 	x = 0x7d705db00000
MIOpen(HIP): 	wDesc = {3072, 48, 1, 2, 2}, {192, 1, 192, 96, 48}, packed, 
MIOpen(HIP): 	w = 0x7d6e34e00000
MIOpen(HIP): 	convDesc = conv3d, miopenConvolution, miopenPaddingDefault, {0, 0, 0}, {1, 2, 2}, {1, 1, 1}, 
MIOpen(HIP): 	algo = 5
MIOpen(HIP): 	beta = 0x7ffd68b9f550
MIOpen(HIP): 	yDesc = {1, 3072, 1, 34, 25}, {2611200, 1, 2611200, 76800, 3072}, packed, 
MIOpen(HIP): 	y = 0x7d6dd9c20000
MIOpen(HIP): 	workSpace = nullptr
MIOpen(HIP): 	workSpaceSize = 0
MIOpen(HIP): }
MIOpen(HIP): Command [LogCmdConvolution] ./bin/MIOpenDriver convbfp16 -n 1 -c 48 --in_d 1 -H 68 -W 50 -k 3072 --fil_d 1 -y 2 -x 2 --pad_d 0 -p 0 -q 0 --conv_stride_d 1 -u 2 -v 2 --dilation_d 1 -l 1 -j 1 --spatial_dim 3 --in_layout NDHWC --fil_layout NDHWC --out_layout NDHWC -m conv -g 1 -F 1 -t 1
MIOpen(HIP): Info [ConvolutionForward] algo = 5, workspace = 0
MIOpen(HIP): Info2 [GetInvoker] Returning an invoker for problem 48x1x68x50x1x2x2x3072x1x34x25x1xNDHWCxNDHWCxNDHWCxBF16x0x0x0x1x2x2x1x1x1x1xFxDefault and algorithm miopenConvolutionFwdAlgoImplicitGEMM
MIOpen(HIP): miopenStatus_t miopenDestroyConvolutionDescriptor(miopenConvolutionDescriptor_t){
MIOpen(HIP): 	convDesc = conv3d, miopenConvolution, miopenPaddingDefault, {0, 0, 0}, {1, 2, 2}, {1, 1, 1}, 
MIOpen(HIP): }
MIOpen(HIP): miopenStatus_t miopenDestroyTensorDescriptor(miopenTensorDescriptor_t){
MIOpen(HIP): 	tensorDesc = {3072, 48, 1, 2, 2}, {192, 1, 192, 96, 48}, packed, 
MIOpen(HIP): }
MIOpen(HIP): miopenStatus_t miopenDestroyTensorDescriptor(miopenTensorDescriptor_t){
MIOpen(HIP): 	tensorDesc = {1, 3072, 1, 34, 25}, {2611200, 1, 2611200, 76800, 3072}, packed, 
MIOpen(HIP): }
MIOpen(HIP): miopenStatus_t miopenDestroyTensorDescriptor(miopenTensorDescriptor_t){
MIOpen(HIP): 	tensorDesc = {1, 48, 1, 68, 50}, {163200, 1, 163200, 2400, 48}, packed, 
MIOpen(HIP): }
 58%|█████▊    | 29/50 [00:16<00:11,  1.86it/s]MIOpen(HIP): Info [get_device_name] Raw device name: gfx1100
MIOpen(HIP): Info [SetStream] stream: 0, device_id: 0
MIOpen(HIP): miopenStatus_t miopenCreateTensorDescriptor(miopenTensorDescriptor_t *){
MIOpen(HIP): 	tensorDesc = 0x5
MIOpen(HIP): }
MIOpen(HIP): miopenStatus_t miopenSetTensorDescriptor(miopenTensorDescriptor_t, miopenDataType_t, int, const int *, const int *){
MIOpen(HIP): 	tensorDesc = {}, {}, packed, 
MIOpen(HIP): 	dataType = 5
MIOpen(HIP): 	nbDims = 5
MIOpen(HIP): 	dim.values = { 1 48 1 68 50 }
MIOpen(HIP): 	stride.values = { 163200 1 163200 2400 48 }
MIOpen(HIP): }
MIOpen(HIP): miopenStatus_t miopenCreateTensorDescriptor(miopenTensorDescriptor_t *){
MIOpen(HIP): 	tensorDesc = 0x96000027d80
MIOpen(HIP): }
MIOpen(HIP): miopenStatus_t miopenSetTensorDescriptor(miopenTensorDescriptor_t, miopenDataType_t, int, const int *, const int *){
MIOpen(HIP): 	tensorDesc = {}, {}, packed, 
MIOpen(HIP): 	dataType = 5
MIOpen(HIP): 	nbDims = 5
MIOpen(HIP): 	dim.values = { 3072 48 1 2 2 }
MIOpen(HIP): 	stride.values = { 192 1 192 96 48 }
MIOpen(HIP): }
MIOpen(HIP): miopenStatus_t miopenCreateTensorDescriptor(miopenTensorDescriptor_t *){
MIOpen(HIP): 	tensorDesc = 0x7d7626d37df6
MIOpen(HIP): }
MIOpen(HIP): miopenStatus_t miopenSetTensorDescriptor(miopenTensorDescriptor_t, miopenDataType_t, int, const int *, const int *){
MIOpen(HIP): 	tensorDesc = {}, {}, packed, 
MIOpen(HIP): 	dataType = 5
MIOpen(HIP): 	nbDims = 5
MIOpen(HIP): 	dim.values = { 1 3072 1 34 25 }
MIOpen(HIP): 	stride.values = { 2611200 1 2611200 76800 3072 }
MIOpen(HIP): }
MIOpen(HIP): miopenStatus_t miopenCreateConvolutionDescriptor(miopenConvolutionDescriptor_t *){
MIOpen(HIP): 	convDesc = 0x7ffd68b9f800
MIOpen(HIP): }
MIOpen(HIP): miopenStatus_t miopenInitConvolutionNdDescriptor(miopenConvolutionDescriptor_t, int, const int *, const int *, const int *, miopenConvolutionMode_t){
MIOpen(HIP): 	convDesc = conv2d, miopenConvolution, miopenPaddingDefault, {0, 0}, {1, 1}, {1, 1}, 
MIOpen(HIP): 	spatialDim = 3
MIOpen(HIP): 	pads = { 0 0 0 }
MIOpen(HIP): 	strides = { 1 2 2 }
MIOpen(HIP): 	dilations = { 1 1 1 }
MIOpen(HIP): 	c_mode = 0
MIOpen(HIP): }
MIOpen(HIP): miopenStatus_t miopenSetConvolutionGroupCount(miopenConvolutionDescriptor_t, int){
MIOpen(HIP): 	convDesc = conv3d, miopenConvolution, miopenPaddingDefault, {0, 0, 0}, {1, 2, 2}, {1, 1, 1}, 
MIOpen(HIP): 	groupCount = 1
MIOpen(HIP): }
MIOpen(HIP): miopenStatus_t miopenSetConvolutionAttribute(miopenConvolutionDescriptor_t, const miopenConvolutionAttrib_t, const int){
MIOpen(HIP): 	convDesc = conv3d, miopenConvolution, miopenPaddingDefault, {0, 0, 0}, {1, 2, 2}, {1, 1, 1}, 
MIOpen(HIP): 	attr = 1
MIOpen(HIP): 	value = 0
MIOpen(HIP): }
MIOpen(HIP): miopenStatus_t miopenConvolutionForward(miopenHandle_t, const void *, const miopenTensorDescriptor_t, const void *, const miopenTensorDescriptor_t, const void *, const miopenConvolutionDescriptor_t, miopenConvFwdAlgorithm_t, const void *, const miopenTensorDescriptor_t, void *, void *, size_t){
MIOpen(HIP): 	handle = stream: 0, device_id: 0
MIOpen(HIP): 	alpha = 0x7ffd68b9f548
MIOpen(HIP): 	xDesc = {1, 48, 1, 68, 50}, {163200, 1, 163200, 2400, 48}, packed, 
MIOpen(HIP): 	x = 0x7d6dd1200000
MIOpen(HIP): 	wDesc = {3072, 48, 1, 2, 2}, {192, 1, 192, 96, 48}, packed, 
MIOpen(HIP): 	w = 0x7d6e34e00000
MIOpen(HIP): 	convDesc = conv3d, miopenConvolution, miopenPaddingDefault, {0, 0, 0}, {1, 2, 2}, {1, 1, 1}, 
MIOpen(HIP): 	algo = 5
MIOpen(HIP): 	beta = 0x7ffd68b9f550
MIOpen(HIP): 	yDesc = {1, 3072, 1, 34, 25}, {2611200, 1, 2611200, 76800, 3072}, packed, 
MIOpen(HIP): 	y = 0x7d6dd9c20000
MIOpen(HIP): 	workSpace = nullptr
MIOpen(HIP): 	workSpaceSize = 0
MIOpen(HIP): }
MIOpen(HIP): Command [LogCmdConvolution] ./bin/MIOpenDriver convbfp16 -n 1 -c 48 --in_d 1 -H 68 -W 50 -k 3072 --fil_d 1 -y 2 -x 2 --pad_d 0 -p 0 -q 0 --conv_stride_d 1 -u 2 -v 2 --dilation_d 1 -l 1 -j 1 --spatial_dim 3 --in_layout NDHWC --fil_layout NDHWC --out_layout NDHWC -m conv -g 1 -F 1 -t 1
MIOpen(HIP): Info [ConvolutionForward] algo = 5, workspace = 0
MIOpen(HIP): Info2 [GetInvoker] Returning an invoker for problem 48x1x68x50x1x2x2x3072x1x34x25x1xNDHWCxNDHWCxNDHWCxBF16x0x0x0x1x2x2x1x1x1x1xFxDefault and algorithm miopenConvolutionFwdAlgoImplicitGEMM
MIOpen(HIP): miopenStatus_t miopenDestroyConvolutionDescriptor(miopenConvolutionDescriptor_t){
MIOpen(HIP): 	convDesc = conv3d, miopenConvolution, miopenPaddingDefault, {0, 0, 0}, {1, 2, 2}, {1, 1, 1}, 
MIOpen(HIP): }
MIOpen(HIP): miopenStatus_t miopenDestroyTensorDescriptor(miopenTensorDescriptor_t){
MIOpen(HIP): 	tensorDesc = {3072, 48, 1, 2, 2}, {192, 1, 192, 96, 48}, packed, 
MIOpen(HIP): }
MIOpen(HIP): miopenStatus_t miopenDestroyTensorDescriptor(miopenTensorDescriptor_t){
MIOpen(HIP): 	tensorDesc = {1, 3072, 1, 34, 25}, {2611200, 1, 2611200, 76800, 3072}, packed, 
MIOpen(HIP): }
MIOpen(HIP): miopenStatus_t miopenDestroyTensorDescriptor(miopenTensorDescriptor_t){
MIOpen(HIP): 	tensorDesc = {1, 48, 1, 68, 50}, {163200, 1, 163200, 2400, 48}, packed, 
MIOpen(HIP): }
MIOpen(HIP): Info [get_device_name] Raw device name: gfx1100
MIOpen(HIP): Info [SetStream] stream: 0, device_id: 0
MIOpen(HIP): miopenStatus_t miopenCreateTensorDescriptor(miopenTensorDescriptor_t *){
MIOpen(HIP): 	tensorDesc = 0x5
MIOpen(HIP): }
MIOpen(HIP): miopenStatus_t miopenSetTensorDescriptor(miopenTensorDescriptor_t, miopenDataType_t, int, const int *, const int *){
MIOpen(HIP): 	tensorDesc = {}, {}, packed, 
MIOpen(HIP): 	dataType = 5
MIOpen(HIP): 	nbDims = 5
MIOpen(HIP): 	dim.values = { 1 48 1 68 50 }
MIOpen(HIP): 	stride.values = { 163200 1 163200 2400 48 }
MIOpen(HIP): }
MIOpen(HIP): miopenStatus_t miopenCreateTensorDescriptor(miopenTensorDescriptor_t *){
MIOpen(HIP): 	tensorDesc = 0x96000027d80
MIOpen(HIP): }
MIOpen(HIP): miopenStatus_t miopenSetTensorDescriptor(miopenTensorDescriptor_t, miopenDataType_t, int, const int *, const int *){
MIOpen(HIP): 	tensorDesc = {}, {}, packed, 
MIOpen(HIP): 	dataType = 5
MIOpen(HIP): 	nbDims = 5
MIOpen(HIP): 	dim.values = { 3072 48 1 2 2 }
MIOpen(HIP): 	stride.values = { 192 1 192 96 48 }
MIOpen(HIP): }
MIOpen(HIP): miopenStatus_t miopenCreateTensorDescriptor(miopenTensorDescriptor_t *){
MIOpen(HIP): 	tensorDesc = 0x7d7626d37df6
MIOpen(HIP): }
MIOpen(HIP): miopenStatus_t miopenSetTensorDescriptor(miopenTensorDescriptor_t, miopenDataType_t, int, const int *, const int *){
MIOpen(HIP): 	tensorDesc = {}, {}, packed, 
MIOpen(HIP): 	dataType = 5
MIOpen(HIP): 	nbDims = 5
MIOpen(HIP): 	dim.values = { 1 3072 1 34 25 }
MIOpen(HIP): 	stride.values = { 2611200 1 2611200 76800 3072 }
MIOpen(HIP): }
MIOpen(HIP): miopenStatus_t miopenCreateConvolutionDescriptor(miopenConvolutionDescriptor_t *){
MIOpen(HIP): 	convDesc = 0x7ffd68b9f800
MIOpen(HIP): }
MIOpen(HIP): miopenStatus_t miopenInitConvolutionNdDescriptor(miopenConvolutionDescriptor_t, int, const int *, const int *, const int *, miopenConvolutionMode_t){
MIOpen(HIP): 	convDesc = conv2d, miopenConvolution, miopenPaddingDefault, {0, 0}, {1, 1}, {1, 1}, 
MIOpen(HIP): 	spatialDim = 3
MIOpen(HIP): 	pads = { 0 0 0 }
MIOpen(HIP): 	strides = { 1 2 2 }
MIOpen(HIP): 	dilations = { 1 1 1 }
MIOpen(HIP): 	c_mode = 0
MIOpen(HIP): }
MIOpen(HIP): miopenStatus_t miopenSetConvolutionGroupCount(miopenConvolutionDescriptor_t, int){
MIOpen(HIP): 	convDesc = conv3d, miopenConvolution, miopenPaddingDefault, {0, 0, 0}, {1, 2, 2}, {1, 1, 1}, 
MIOpen(HIP): 	groupCount = 1
MIOpen(HIP): }
MIOpen(HIP): miopenStatus_t miopenSetConvolutionAttribute(miopenConvolutionDescriptor_t, const miopenConvolutionAttrib_t, const int){
MIOpen(HIP): 	convDesc = conv3d, miopenConvolution, miopenPaddingDefault, {0, 0, 0}, {1, 2, 2}, {1, 1, 1}, 
MIOpen(HIP): 	attr = 1
MIOpen(HIP): 	value = 0
MIOpen(HIP): }
MIOpen(HIP): miopenStatus_t miopenConvolutionForward(miopenHandle_t, const void *, const miopenTensorDescriptor_t, const void *, const miopenTensorDescriptor_t, const void *, const miopenConvolutionDescriptor_t, miopenConvFwdAlgorithm_t, const void *, const miopenTensorDescriptor_t, void *, void *, size_t){
MIOpen(HIP): 	handle = stream: 0, device_id: 0
MIOpen(HIP): 	alpha = 0x7ffd68b9f548
MIOpen(HIP): 	xDesc = {1, 48, 1, 68, 50}, {163200, 1, 163200, 2400, 48}, packed, 
MIOpen(HIP): 	x = 0x7d705db00000
MIOpen(HIP): 	wDesc = {3072, 48, 1, 2, 2}, {192, 1, 192, 96, 48}, packed, 
MIOpen(HIP): 	w = 0x7d6e34e00000
MIOpen(HIP): 	convDesc = conv3d, miopenConvolution, miopenPaddingDefault, {0, 0, 0}, {1, 2, 2}, {1, 1, 1}, 
MIOpen(HIP): 	algo = 5
MIOpen(HIP): 	beta = 0x7ffd68b9f550
MIOpen(HIP): 	yDesc = {1, 3072, 1, 34, 25}, {2611200, 1, 2611200, 76800, 3072}, packed, 
MIOpen(HIP): 	y = 0x7d6dd9c20000
MIOpen(HIP): 	workSpace = nullptr
MIOpen(HIP): 	workSpaceSize = 0
MIOpen(HIP): }
MIOpen(HIP): Command [LogCmdConvolution] ./bin/MIOpenDriver convbfp16 -n 1 -c 48 --in_d 1 -H 68 -W 50 -k 3072 --fil_d 1 -y 2 -x 2 --pad_d 0 -p 0 -q 0 --conv_stride_d 1 -u 2 -v 2 --dilation_d 1 -l 1 -j 1 --spatial_dim 3 --in_layout NDHWC --fil_layout NDHWC --out_layout NDHWC -m conv -g 1 -F 1 -t 1
MIOpen(HIP): Info [ConvolutionForward] algo = 5, workspace = 0
MIOpen(HIP): Info2 [GetInvoker] Returning an invoker for problem 48x1x68x50x1x2x2x3072x1x34x25x1xNDHWCxNDHWCxNDHWCxBF16x0x0x0x1x2x2x1x1x1x1xFxDefault and algorithm miopenConvolutionFwdAlgoImplicitGEMM
MIOpen(HIP): miopenStatus_t miopenDestroyConvolutionDescriptor(miopenConvolutionDescriptor_t){
MIOpen(HIP): 	convDesc = conv3d, miopenConvolution, miopenPaddingDefault, {0, 0, 0}, {1, 2, 2}, {1, 1, 1}, 
MIOpen(HIP): }
MIOpen(HIP): miopenStatus_t miopenDestroyTensorDescriptor(miopenTensorDescriptor_t){
MIOpen(HIP): 	tensorDesc = {3072, 48, 1, 2, 2}, {192, 1, 192, 96, 48}, packed, 
MIOpen(HIP): }
MIOpen(HIP): miopenStatus_t miopenDestroyTensorDescriptor(miopenTensorDescriptor_t){
MIOpen(HIP): 	tensorDesc = {1, 3072, 1, 34, 25}, {2611200, 1, 2611200, 76800, 3072}, packed, 
MIOpen(HIP): }
MIOpen(HIP): miopenStatus_t miopenDestroyTensorDescriptor(miopenTensorDescriptor_t){
MIOpen(HIP): 	tensorDesc = {1, 48, 1, 68, 50}, {163200, 1, 163200, 2400, 48}, packed, 
MIOpen(HIP): }
 60%|██████    | 30/50 [00:16<00:10,  1.86it/s]MIOpen(HIP): Info [get_device_name] Raw device name: gfx1100
MIOpen(HIP): Info [SetStream] stream: 0, device_id: 0
MIOpen(HIP): miopenStatus_t miopenCreateTensorDescriptor(miopenTensorDescriptor_t *){
MIOpen(HIP): 	tensorDesc = 0x5
MIOpen(HIP): }
MIOpen(HIP): miopenStatus_t miopenSetTensorDescriptor(miopenTensorDescriptor_t, miopenDataType_t, int, const int *, const int *){
MIOpen(HIP): 	tensorDesc = {}, {}, packed, 
MIOpen(HIP): 	dataType = 5
MIOpen(HIP): 	nbDims = 5
MIOpen(HIP): 	dim.values = { 1 48 1 68 50 }
MIOpen(HIP): 	stride.values = { 163200 1 163200 2400 48 }
MIOpen(HIP): }
MIOpen(HIP): miopenStatus_t miopenCreateTensorDescriptor(miopenTensorDescriptor_t *){
MIOpen(HIP): 	tensorDesc = 0x96000027d80
MIOpen(HIP): }
MIOpen(HIP): miopenStatus_t miopenSetTensorDescriptor(miopenTensorDescriptor_t, miopenDataType_t, int, const int *, const int *){
MIOpen(HIP): 	tensorDesc = {}, {}, packed, 
MIOpen(HIP): 	dataType = 5
MIOpen(HIP): 	nbDims = 5
MIOpen(HIP): 	dim.values = { 3072 48 1 2 2 }
MIOpen(HIP): 	stride.values = { 192 1 192 96 48 }
MIOpen(HIP): }
MIOpen(HIP): miopenStatus_t miopenCreateTensorDescriptor(miopenTensorDescriptor_t *){
MIOpen(HIP): 	tensorDesc = 0x7d7626d37df6
MIOpen(HIP): }
MIOpen(HIP): miopenStatus_t miopenSetTensorDescriptor(miopenTensorDescriptor_t, miopenDataType_t, int, const int *, const int *){
MIOpen(HIP): 	tensorDesc = {}, {}, packed, 
MIOpen(HIP): 	dataType = 5
MIOpen(HIP): 	nbDims = 5
MIOpen(HIP): 	dim.values = { 1 3072 1 34 25 }
MIOpen(HIP): 	stride.values = { 2611200 1 2611200 76800 3072 }
MIOpen(HIP): }
MIOpen(HIP): miopenStatus_t miopenCreateConvolutionDescriptor(miopenConvolutionDescriptor_t *){
MIOpen(HIP): 	convDesc = 0x7ffd68b9f800
MIOpen(HIP): }
MIOpen(HIP): miopenStatus_t miopenInitConvolutionNdDescriptor(miopenConvolutionDescriptor_t, int, const int *, const int *, const int *, miopenConvolutionMode_t){
MIOpen(HIP): 	convDesc = conv2d, miopenConvolution, miopenPaddingDefault, {0, 0}, {1, 1}, {1, 1}, 
MIOpen(HIP): 	spatialDim = 3
MIOpen(HIP): 	pads = { 0 0 0 }
MIOpen(HIP): 	strides = { 1 2 2 }
MIOpen(HIP): 	dilations = { 1 1 1 }
MIOpen(HIP): 	c_mode = 0
MIOpen(HIP): }
MIOpen(HIP): miopenStatus_t miopenSetConvolutionGroupCount(miopenConvolutionDescriptor_t, int){
MIOpen(HIP): 	convDesc = conv3d, miopenConvolution, miopenPaddingDefault, {0, 0, 0}, {1, 2, 2}, {1, 1, 1}, 
MIOpen(HIP): 	groupCount = 1
MIOpen(HIP): }
MIOpen(HIP): miopenStatus_t miopenSetConvolutionAttribute(miopenConvolutionDescriptor_t, const miopenConvolutionAttrib_t, const int){
MIOpen(HIP): 	convDesc = conv3d, miopenConvolution, miopenPaddingDefault, {0, 0, 0}, {1, 2, 2}, {1, 1, 1}, 
MIOpen(HIP): 	attr = 1
MIOpen(HIP): 	value = 0
MIOpen(HIP): }
MIOpen(HIP): miopenStatus_t miopenConvolutionForward(miopenHandle_t, const void *, const miopenTensorDescriptor_t, const void *, const miopenTensorDescriptor_t, const void *, const miopenConvolutionDescriptor_t, miopenConvFwdAlgorithm_t, const void *, const miopenTensorDescriptor_t, void *, void *, size_t){
MIOpen(HIP): 	handle = stream: 0, device_id: 0
MIOpen(HIP): 	alpha = 0x7ffd68b9f548
MIOpen(HIP): 	xDesc = {1, 48, 1, 68, 50}, {163200, 1, 163200, 2400, 48}, packed, 
MIOpen(HIP): 	x = 0x7d705db9f600
MIOpen(HIP): 	wDesc = {3072, 48, 1, 2, 2}, {192, 1, 192, 96, 48}, packed, 
MIOpen(HIP): 	w = 0x7d6e34e00000
MIOpen(HIP): 	convDesc = conv3d, miopenConvolution, miopenPaddingDefault, {0, 0, 0}, {1, 2, 2}, {1, 1, 1}, 
MIOpen(HIP): 	algo = 5
MIOpen(HIP): 	beta = 0x7ffd68b9f550
MIOpen(HIP): 	yDesc = {1, 3072, 1, 34, 25}, {2611200, 1, 2611200, 76800, 3072}, packed, 
MIOpen(HIP): 	y = 0x7d6dd9c20000
MIOpen(HIP): 	workSpace = nullptr
MIOpen(HIP): 	workSpaceSize = 0
MIOpen(HIP): }
MIOpen(HIP): Command [LogCmdConvolution] ./bin/MIOpenDriver convbfp16 -n 1 -c 48 --in_d 1 -H 68 -W 50 -k 3072 --fil_d 1 -y 2 -x 2 --pad_d 0 -p 0 -q 0 --conv_stride_d 1 -u 2 -v 2 --dilation_d 1 -l 1 -j 1 --spatial_dim 3 --in_layout NDHWC --fil_layout NDHWC --out_layout NDHWC -m conv -g 1 -F 1 -t 1
MIOpen(HIP): Info [ConvolutionForward] algo = 5, workspace = 0
MIOpen(HIP): Info2 [GetInvoker] Returning an invoker for problem 48x1x68x50x1x2x2x3072x1x34x25x1xNDHWCxNDHWCxNDHWCxBF16x0x0x0x1x2x2x1x1x1x1xFxDefault and algorithm miopenConvolutionFwdAlgoImplicitGEMM
MIOpen(HIP): miopenStatus_t miopenDestroyConvolutionDescriptor(miopenConvolutionDescriptor_t){
MIOpen(HIP): 	convDesc = conv3d, miopenConvolution, miopenPaddingDefault, {0, 0, 0}, {1, 2, 2}, {1, 1, 1}, 
MIOpen(HIP): }
MIOpen(HIP): miopenStatus_t miopenDestroyTensorDescriptor(miopenTensorDescriptor_t){
MIOpen(HIP): 	tensorDesc = {3072, 48, 1, 2, 2}, {192, 1, 192, 96, 48}, packed, 
MIOpen(HIP): }
MIOpen(HIP): miopenStatus_t miopenDestroyTensorDescriptor(miopenTensorDescriptor_t){
MIOpen(HIP): 	tensorDesc = {1, 3072, 1, 34, 25}, {2611200, 1, 2611200, 76800, 3072}, packed, 
MIOpen(HIP): }
MIOpen(HIP): miopenStatus_t miopenDestroyTensorDescriptor(miopenTensorDescriptor_t){
MIOpen(HIP): 	tensorDesc = {1, 48, 1, 68, 50}, {163200, 1, 163200, 2400, 48}, packed, 
MIOpen(HIP): }
MIOpen(HIP): Info [get_device_name] Raw device name: gfx1100
MIOpen(HIP): Info [SetStream] stream: 0, device_id: 0
MIOpen(HIP): miopenStatus_t miopenCreateTensorDescriptor(miopenTensorDescriptor_t *){
MIOpen(HIP): 	tensorDesc = 0x5
MIOpen(HIP): }
MIOpen(HIP): miopenStatus_t miopenSetTensorDescriptor(miopenTensorDescriptor_t, miopenDataType_t, int, const int *, const int *){
MIOpen(HIP): 	tensorDesc = {}, {}, packed, 
MIOpen(HIP): 	dataType = 5
MIOpen(HIP): 	nbDims = 5
MIOpen(HIP): 	dim.values = { 1 48 1 68 50 }
MIOpen(HIP): 	stride.values = { 163200 1 163200 2400 48 }
MIOpen(HIP): }
MIOpen(HIP): miopenStatus_t miopenCreateTensorDescriptor(miopenTensorDescriptor_t *){
MIOpen(HIP): 	tensorDesc = 0x96000027d80
MIOpen(HIP): }
MIOpen(HIP): miopenStatus_t miopenSetTensorDescriptor(miopenTensorDescriptor_t, miopenDataType_t, int, const int *, const int *){
MIOpen(HIP): 	tensorDesc = {}, {}, packed, 
MIOpen(HIP): 	dataType = 5
MIOpen(HIP): 	nbDims = 5
MIOpen(HIP): 	dim.values = { 3072 48 1 2 2 }
MIOpen(HIP): 	stride.values = { 192 1 192 96 48 }
MIOpen(HIP): }
MIOpen(HIP): miopenStatus_t miopenCreateTensorDescriptor(miopenTensorDescriptor_t *){
MIOpen(HIP): 	tensorDesc = 0x7d7626d37df6
MIOpen(HIP): }
MIOpen(HIP): miopenStatus_t miopenSetTensorDescriptor(miopenTensorDescriptor_t, miopenDataType_t, int, const int *, const int *){
MIOpen(HIP): 	tensorDesc = {}, {}, packed, 
MIOpen(HIP): 	dataType = 5
MIOpen(HIP): 	nbDims = 5
MIOpen(HIP): 	dim.values = { 1 3072 1 34 25 }
MIOpen(HIP): 	stride.values = { 2611200 1 2611200 76800 3072 }
MIOpen(HIP): }
MIOpen(HIP): miopenStatus_t miopenCreateConvolutionDescriptor(miopenConvolutionDescriptor_t *){
MIOpen(HIP): 	convDesc = 0x7ffd68b9f800
MIOpen(HIP): }
MIOpen(HIP): miopenStatus_t miopenInitConvolutionNdDescriptor(miopenConvolutionDescriptor_t, int, const int *, const int *, const int *, miopenConvolutionMode_t){
MIOpen(HIP): 	convDesc = conv2d, miopenConvolution, miopenPaddingDefault, {0, 0}, {1, 1}, {1, 1}, 
MIOpen(HIP): 	spatialDim = 3
MIOpen(HIP): 	pads = { 0 0 0 }
MIOpen(HIP): 	strides = { 1 2 2 }
MIOpen(HIP): 	dilations = { 1 1 1 }
MIOpen(HIP): 	c_mode = 0
MIOpen(HIP): }
MIOpen(HIP): miopenStatus_t miopenSetConvolutionGroupCount(miopenConvolutionDescriptor_t, int){
MIOpen(HIP): 	convDesc = conv3d, miopenConvolution, miopenPaddingDefault, {0, 0, 0}, {1, 2, 2}, {1, 1, 1}, 
MIOpen(HIP): 	groupCount = 1
MIOpen(HIP): }
MIOpen(HIP): miopenStatus_t miopenSetConvolutionAttribute(miopenConvolutionDescriptor_t, const miopenConvolutionAttrib_t, const int){
MIOpen(HIP): 	convDesc = conv3d, miopenConvolution, miopenPaddingDefault, {0, 0, 0}, {1, 2, 2}, {1, 1, 1}, 
MIOpen(HIP): 	attr = 1
MIOpen(HIP): 	value = 0
MIOpen(HIP): }
MIOpen(HIP): miopenStatus_t miopenConvolutionForward(miopenHandle_t, const void *, const miopenTensorDescriptor_t, const void *, const miopenTensorDescriptor_t, const void *, const miopenConvolutionDescriptor_t, miopenConvFwdAlgorithm_t, const void *, const miopenTensorDescriptor_t, void *, void *, size_t){
MIOpen(HIP): 	handle = stream: 0, device_id: 0
MIOpen(HIP): 	alpha = 0x7ffd68b9f548
MIOpen(HIP): 	xDesc = {1, 48, 1, 68, 50}, {163200, 1, 163200, 2400, 48}, packed, 
MIOpen(HIP): 	x = 0x7d705db9f600
MIOpen(HIP): 	wDesc = {3072, 48, 1, 2, 2}, {192, 1, 192, 96, 48}, packed, 
MIOpen(HIP): 	w = 0x7d6e34e00000
MIOpen(HIP): 	convDesc = conv3d, miopenConvolution, miopenPaddingDefault, {0, 0, 0}, {1, 2, 2}, {1, 1, 1}, 
MIOpen(HIP): 	algo = 5
MIOpen(HIP): 	beta = 0x7ffd68b9f550
MIOpen(HIP): 	yDesc = {1, 3072, 1, 34, 25}, {2611200, 1, 2611200, 76800, 3072}, packed, 
MIOpen(HIP): 	y = 0x7d6dd9c20000
MIOpen(HIP): 	workSpace = nullptr
MIOpen(HIP): 	workSpaceSize = 0
MIOpen(HIP): }
MIOpen(HIP): Command [LogCmdConvolution] ./bin/MIOpenDriver convbfp16 -n 1 -c 48 --in_d 1 -H 68 -W 50 -k 3072 --fil_d 1 -y 2 -x 2 --pad_d 0 -p 0 -q 0 --conv_stride_d 1 -u 2 -v 2 --dilation_d 1 -l 1 -j 1 --spatial_dim 3 --in_layout NDHWC --fil_layout NDHWC --out_layout NDHWC -m conv -g 1 -F 1 -t 1
MIOpen(HIP): Info [ConvolutionForward] algo = 5, workspace = 0
MIOpen(HIP): Info2 [GetInvoker] Returning an invoker for problem 48x1x68x50x1x2x2x3072x1x34x25x1xNDHWCxNDHWCxNDHWCxBF16x0x0x0x1x2x2x1x1x1x1xFxDefault and algorithm miopenConvolutionFwdAlgoImplicitGEMM
MIOpen(HIP): miopenStatus_t miopenDestroyConvolutionDescriptor(miopenConvolutionDescriptor_t){
MIOpen(HIP): 	convDesc = conv3d, miopenConvolution, miopenPaddingDefault, {0, 0, 0}, {1, 2, 2}, {1, 1, 1}, 
MIOpen(HIP): }
MIOpen(HIP): miopenStatus_t miopenDestroyTensorDescriptor(miopenTensorDescriptor_t){
MIOpen(HIP): 	tensorDesc = {3072, 48, 1, 2, 2}, {192, 1, 192, 96, 48}, packed, 
MIOpen(HIP): }
MIOpen(HIP): miopenStatus_t miopenDestroyTensorDescriptor(miopenTensorDescriptor_t){
MIOpen(HIP): 	tensorDesc = {1, 3072, 1, 34, 25}, {2611200, 1, 2611200, 76800, 3072}, packed, 
MIOpen(HIP): }
MIOpen(HIP): miopenStatus_t miopenDestroyTensorDescriptor(miopenTensorDescriptor_t){
MIOpen(HIP): 	tensorDesc = {1, 48, 1, 68, 50}, {163200, 1, 163200, 2400, 48}, packed, 
MIOpen(HIP): }
 62%|██████▏   | 31/50 [00:17<00:10,  1.85it/s]MIOpen(HIP): Info [get_device_name] Raw device name: gfx1100
MIOpen(HIP): Info [SetStream] stream: 0, device_id: 0
MIOpen(HIP): miopenStatus_t miopenCreateTensorDescriptor(miopenTensorDescriptor_t *){
MIOpen(HIP): 	tensorDesc = 0x5
MIOpen(HIP): }
MIOpen(HIP): miopenStatus_t miopenSetTensorDescriptor(miopenTensorDescriptor_t, miopenDataType_t, int, const int *, const int *){
MIOpen(HIP): 	tensorDesc = {}, {}, packed, 
MIOpen(HIP): 	dataType = 5
MIOpen(HIP): 	nbDims = 5
MIOpen(HIP): 	dim.values = { 1 48 1 68 50 }
MIOpen(HIP): 	stride.values = { 163200 1 163200 2400 48 }
MIOpen(HIP): }
MIOpen(HIP): miopenStatus_t miopenCreateTensorDescriptor(miopenTensorDescriptor_t *){
MIOpen(HIP): 	tensorDesc = 0x96000027d80
MIOpen(HIP): }
MIOpen(HIP): miopenStatus_t miopenSetTensorDescriptor(miopenTensorDescriptor_t, miopenDataType_t, int, const int *, const int *){
MIOpen(HIP): 	tensorDesc = {}, {}, packed, 
MIOpen(HIP): 	dataType = 5
MIOpen(HIP): 	nbDims = 5
MIOpen(HIP): 	dim.values = { 3072 48 1 2 2 }
MIOpen(HIP): 	stride.values = { 192 1 192 96 48 }
MIOpen(HIP): }
MIOpen(HIP): miopenStatus_t miopenCreateTensorDescriptor(miopenTensorDescriptor_t *){
MIOpen(HIP): 	tensorDesc = 0x7d7626d37df6
MIOpen(HIP): }
MIOpen(HIP): miopenStatus_t miopenSetTensorDescriptor(miopenTensorDescriptor_t, miopenDataType_t, int, const int *, const int *){
MIOpen(HIP): 	tensorDesc = {}, {}, packed, 
MIOpen(HIP): 	dataType = 5
MIOpen(HIP): 	nbDims = 5
MIOpen(HIP): 	dim.values = { 1 3072 1 34 25 }
MIOpen(HIP): 	stride.values = { 2611200 1 2611200 76800 3072 }
MIOpen(HIP): }
MIOpen(HIP): miopenStatus_t miopenCreateConvolutionDescriptor(miopenConvolutionDescriptor_t *){
MIOpen(HIP): 	convDesc = 0x7ffd68b9f800
MIOpen(HIP): }
MIOpen(HIP): miopenStatus_t miopenInitConvolutionNdDescriptor(miopenConvolutionDescriptor_t, int, const int *, const int *, const int *, miopenConvolutionMode_t){
MIOpen(HIP): 	convDesc = conv2d, miopenConvolution, miopenPaddingDefault, {0, 0}, {1, 1}, {1, 1}, 
MIOpen(HIP): 	spatialDim = 3
MIOpen(HIP): 	pads = { 0 0 0 }
MIOpen(HIP): 	strides = { 1 2 2 }
MIOpen(HIP): 	dilations = { 1 1 1 }
MIOpen(HIP): 	c_mode = 0
MIOpen(HIP): }
MIOpen(HIP): miopenStatus_t miopenSetConvolutionGroupCount(miopenConvolutionDescriptor_t, int){
MIOpen(HIP): 	convDesc = conv3d, miopenConvolution, miopenPaddingDefault, {0, 0, 0}, {1, 2, 2}, {1, 1, 1}, 
MIOpen(HIP): 	groupCount = 1
MIOpen(HIP): }
MIOpen(HIP): miopenStatus_t miopenSetConvolutionAttribute(miopenConvolutionDescriptor_t, const miopenConvolutionAttrib_t, const int){
MIOpen(HIP): 	convDesc = conv3d, miopenConvolution, miopenPaddingDefault, {0, 0, 0}, {1, 2, 2}, {1, 1, 1}, 
MIOpen(HIP): 	attr = 1
MIOpen(HIP): 	value = 0
MIOpen(HIP): }
MIOpen(HIP): miopenStatus_t miopenConvolutionForward(miopenHandle_t, const void *, const miopenTensorDescriptor_t, const void *, const miopenTensorDescriptor_t, const void *, const miopenConvolutionDescriptor_t, miopenConvFwdAlgorithm_t, const void *, const miopenTensorDescriptor_t, void *, void *, size_t){
MIOpen(HIP): 	handle = stream: 0, device_id: 0
MIOpen(HIP): 	alpha = 0x7ffd68b9f548
MIOpen(HIP): 	xDesc = {1, 48, 1, 68, 50}, {163200, 1, 163200, 2400, 48}, packed, 
MIOpen(HIP): 	x = 0x7d705db9f600
MIOpen(HIP): 	wDesc = {3072, 48, 1, 2, 2}, {192, 1, 192, 96, 48}, packed, 
MIOpen(HIP): 	w = 0x7d6e34e00000
MIOpen(HIP): 	convDesc = conv3d, miopenConvolution, miopenPaddingDefault, {0, 0, 0}, {1, 2, 2}, {1, 1, 1}, 
MIOpen(HIP): 	algo = 5
MIOpen(HIP): 	beta = 0x7ffd68b9f550
MIOpen(HIP): 	yDesc = {1, 3072, 1, 34, 25}, {2611200, 1, 2611200, 76800, 3072}, packed, 
MIOpen(HIP): 	y = 0x7d6dd9c20000
MIOpen(HIP): 	workSpace = nullptr
MIOpen(HIP): 	workSpaceSize = 0
MIOpen(HIP): }
MIOpen(HIP): Command [LogCmdConvolution] ./bin/MIOpenDriver convbfp16 -n 1 -c 48 --in_d 1 -H 68 -W 50 -k 3072 --fil_d 1 -y 2 -x 2 --pad_d 0 -p 0 -q 0 --conv_stride_d 1 -u 2 -v 2 --dilation_d 1 -l 1 -j 1 --spatial_dim 3 --in_layout NDHWC --fil_layout NDHWC --out_layout NDHWC -m conv -g 1 -F 1 -t 1
MIOpen(HIP): Info [ConvolutionForward] algo = 5, workspace = 0
MIOpen(HIP): Info2 [GetInvoker] Returning an invoker for problem 48x1x68x50x1x2x2x3072x1x34x25x1xNDHWCxNDHWCxNDHWCxBF16x0x0x0x1x2x2x1x1x1x1xFxDefault and algorithm miopenConvolutionFwdAlgoImplicitGEMM
MIOpen(HIP): miopenStatus_t miopenDestroyConvolutionDescriptor(miopenConvolutionDescriptor_t){
MIOpen(HIP): 	convDesc = conv3d, miopenConvolution, miopenPaddingDefault, {0, 0, 0}, {1, 2, 2}, {1, 1, 1}, 
MIOpen(HIP): }
MIOpen(HIP): miopenStatus_t miopenDestroyTensorDescriptor(miopenTensorDescriptor_t){
MIOpen(HIP): 	tensorDesc = {3072, 48, 1, 2, 2}, {192, 1, 192, 96, 48}, packed, 
MIOpen(HIP): }
MIOpen(HIP): miopenStatus_t miopenDestroyTensorDescriptor(miopenTensorDescriptor_t){
MIOpen(HIP): 	tensorDesc = {1, 3072, 1, 34, 25}, {2611200, 1, 2611200, 76800, 3072}, packed, 
MIOpen(HIP): }
MIOpen(HIP): miopenStatus_t miopenDestroyTensorDescriptor(miopenTensorDescriptor_t){
MIOpen(HIP): 	tensorDesc = {1, 48, 1, 68, 50}, {163200, 1, 163200, 2400, 48}, packed, 
MIOpen(HIP): }
MIOpen(HIP): Info [get_device_name] Raw device name: gfx1100
MIOpen(HIP): Info [SetStream] stream: 0, device_id: 0
MIOpen(HIP): miopenStatus_t miopenCreateTensorDescriptor(miopenTensorDescriptor_t *){
MIOpen(HIP): 	tensorDesc = 0x5
MIOpen(HIP): }
MIOpen(HIP): miopenStatus_t miopenSetTensorDescriptor(miopenTensorDescriptor_t, miopenDataType_t, int, const int *, const int *){
MIOpen(HIP): 	tensorDesc = {}, {}, packed, 
MIOpen(HIP): 	dataType = 5
MIOpen(HIP): 	nbDims = 5
MIOpen(HIP): 	dim.values = { 1 48 1 68 50 }
MIOpen(HIP): 	stride.values = { 163200 1 163200 2400 48 }
MIOpen(HIP): }
MIOpen(HIP): miopenStatus_t miopenCreateTensorDescriptor(miopenTensorDescriptor_t *){
MIOpen(HIP): 	tensorDesc = 0x96000027d80
MIOpen(HIP): }
MIOpen(HIP): miopenStatus_t miopenSetTensorDescriptor(miopenTensorDescriptor_t, miopenDataType_t, int, const int *, const int *){
MIOpen(HIP): 	tensorDesc = {}, {}, packed, 
MIOpen(HIP): 	dataType = 5
MIOpen(HIP): 	nbDims = 5
MIOpen(HIP): 	dim.values = { 3072 48 1 2 2 }
MIOpen(HIP): 	stride.values = { 192 1 192 96 48 }
MIOpen(HIP): }
MIOpen(HIP): miopenStatus_t miopenCreateTensorDescriptor(miopenTensorDescriptor_t *){
MIOpen(HIP): 	tensorDesc = 0x7d7626d37df6
MIOpen(HIP): }
MIOpen(HIP): miopenStatus_t miopenSetTensorDescriptor(miopenTensorDescriptor_t, miopenDataType_t, int, const int *, const int *){
MIOpen(HIP): 	tensorDesc = {}, {}, packed, 
MIOpen(HIP): 	dataType = 5
MIOpen(HIP): 	nbDims = 5
MIOpen(HIP): 	dim.values = { 1 3072 1 34 25 }
MIOpen(HIP): 	stride.values = { 2611200 1 2611200 76800 3072 }
MIOpen(HIP): }
MIOpen(HIP): miopenStatus_t miopenCreateConvolutionDescriptor(miopenConvolutionDescriptor_t *){
MIOpen(HIP): 	convDesc = 0x7ffd68b9f800
MIOpen(HIP): }
MIOpen(HIP): miopenStatus_t miopenInitConvolutionNdDescriptor(miopenConvolutionDescriptor_t, int, const int *, const int *, const int *, miopenConvolutionMode_t){
MIOpen(HIP): 	convDesc = conv2d, miopenConvolution, miopenPaddingDefault, {0, 0}, {1, 1}, {1, 1}, 
MIOpen(HIP): 	spatialDim = 3
MIOpen(HIP): 	pads = { 0 0 0 }
MIOpen(HIP): 	strides = { 1 2 2 }
MIOpen(HIP): 	dilations = { 1 1 1 }
MIOpen(HIP): 	c_mode = 0
MIOpen(HIP): }
MIOpen(HIP): miopenStatus_t miopenSetConvolutionGroupCount(miopenConvolutionDescriptor_t, int){
MIOpen(HIP): 	convDesc = conv3d, miopenConvolution, miopenPaddingDefault, {0, 0, 0}, {1, 2, 2}, {1, 1, 1}, 
MIOpen(HIP): 	groupCount = 1
MIOpen(HIP): }
MIOpen(HIP): miopenStatus_t miopenSetConvolutionAttribute(miopenConvolutionDescriptor_t, const miopenConvolutionAttrib_t, const int){
MIOpen(HIP): 	convDesc = conv3d, miopenConvolution, miopenPaddingDefault, {0, 0, 0}, {1, 2, 2}, {1, 1, 1}, 
MIOpen(HIP): 	attr = 1
MIOpen(HIP): 	value = 0
MIOpen(HIP): }
MIOpen(HIP): miopenStatus_t miopenConvolutionForward(miopenHandle_t, const void *, const miopenTensorDescriptor_t, const void *, const miopenTensorDescriptor_t, const void *, const miopenConvolutionDescriptor_t, miopenConvFwdAlgorithm_t, const void *, const miopenTensorDescriptor_t, void *, void *, size_t){
MIOpen(HIP): 	handle = stream: 0, device_id: 0
MIOpen(HIP): 	alpha = 0x7ffd68b9f548
MIOpen(HIP): 	xDesc = {1, 48, 1, 68, 50}, {163200, 1, 163200, 2400, 48}, packed, 
MIOpen(HIP): 	x = 0x7d705db9f600
MIOpen(HIP): 	wDesc = {3072, 48, 1, 2, 2}, {192, 1, 192, 96, 48}, packed, 
MIOpen(HIP): 	w = 0x7d6e34e00000
MIOpen(HIP): 	convDesc = conv3d, miopenConvolution, miopenPaddingDefault, {0, 0, 0}, {1, 2, 2}, {1, 1, 1}, 
MIOpen(HIP): 	algo = 5
MIOpen(HIP): 	beta = 0x7ffd68b9f550
MIOpen(HIP): 	yDesc = {1, 3072, 1, 34, 25}, {2611200, 1, 2611200, 76800, 3072}, packed, 
MIOpen(HIP): 	y = 0x7d6dd9c20000
MIOpen(HIP): 	workSpace = nullptr
MIOpen(HIP): 	workSpaceSize = 0
MIOpen(HIP): }
MIOpen(HIP): Command [LogCmdConvolution] ./bin/MIOpenDriver convbfp16 -n 1 -c 48 --in_d 1 -H 68 -W 50 -k 3072 --fil_d 1 -y 2 -x 2 --pad_d 0 -p 0 -q 0 --conv_stride_d 1 -u 2 -v 2 --dilation_d 1 -l 1 -j 1 --spatial_dim 3 --in_layout NDHWC --fil_layout NDHWC --out_layout NDHWC -m conv -g 1 -F 1 -t 1
MIOpen(HIP): Info [ConvolutionForward] algo = 5, workspace = 0
MIOpen(HIP): Info2 [GetInvoker] Returning an invoker for problem 48x1x68x50x1x2x2x3072x1x34x25x1xNDHWCxNDHWCxNDHWCxBF16x0x0x0x1x2x2x1x1x1x1xFxDefault and algorithm miopenConvolutionFwdAlgoImplicitGEMM
MIOpen(HIP): miopenStatus_t miopenDestroyConvolutionDescriptor(miopenConvolutionDescriptor_t){
MIOpen(HIP): 	convDesc = conv3d, miopenConvolution, miopenPaddingDefault, {0, 0, 0}, {1, 2, 2}, {1, 1, 1}, 
MIOpen(HIP): }
MIOpen(HIP): miopenStatus_t miopenDestroyTensorDescriptor(miopenTensorDescriptor_t){
MIOpen(HIP): 	tensorDesc = {3072, 48, 1, 2, 2}, {192, 1, 192, 96, 48}, packed, 
MIOpen(HIP): }
MIOpen(HIP): miopenStatus_t miopenDestroyTensorDescriptor(miopenTensorDescriptor_t){
MIOpen(HIP): 	tensorDesc = {1, 3072, 1, 34, 25}, {2611200, 1, 2611200, 76800, 3072}, packed, 
MIOpen(HIP): }
MIOpen(HIP): miopenStatus_t miopenDestroyTensorDescriptor(miopenTensorDescriptor_t){
MIOpen(HIP): 	tensorDesc = {1, 48, 1, 68, 50}, {163200, 1, 163200, 2400, 48}, packed, 
MIOpen(HIP): }
 64%|██████▍   | 32/50 [00:17<00:09,  1.85it/s]MIOpen(HIP): Info [get_device_name] Raw device name: gfx1100
MIOpen(HIP): Info [SetStream] stream: 0, device_id: 0
MIOpen(HIP): miopenStatus_t miopenCreateTensorDescriptor(miopenTensorDescriptor_t *){
MIOpen(HIP): 	tensorDesc = 0x5
MIOpen(HIP): }
MIOpen(HIP): miopenStatus_t miopenSetTensorDescriptor(miopenTensorDescriptor_t, miopenDataType_t, int, const int *, const int *){
MIOpen(HIP): 	tensorDesc = {}, {}, packed, 
MIOpen(HIP): 	dataType = 5
MIOpen(HIP): 	nbDims = 5
MIOpen(HIP): 	dim.values = { 1 48 1 68 50 }
MIOpen(HIP): 	stride.values = { 163200 1 163200 2400 48 }
MIOpen(HIP): }
MIOpen(HIP): miopenStatus_t miopenCreateTensorDescriptor(miopenTensorDescriptor_t *){
MIOpen(HIP): 	tensorDesc = 0x96000027d80
MIOpen(HIP): }
MIOpen(HIP): miopenStatus_t miopenSetTensorDescriptor(miopenTensorDescriptor_t, miopenDataType_t, int, const int *, const int *){
MIOpen(HIP): 	tensorDesc = {}, {}, packed, 
MIOpen(HIP): 	dataType = 5
MIOpen(HIP): 	nbDims = 5
MIOpen(HIP): 	dim.values = { 3072 48 1 2 2 }
MIOpen(HIP): 	stride.values = { 192 1 192 96 48 }
MIOpen(HIP): }
MIOpen(HIP): miopenStatus_t miopenCreateTensorDescriptor(miopenTensorDescriptor_t *){
MIOpen(HIP): 	tensorDesc = 0x7d7626d37df6
MIOpen(HIP): }
MIOpen(HIP): miopenStatus_t miopenSetTensorDescriptor(miopenTensorDescriptor_t, miopenDataType_t, int, const int *, const int *){
MIOpen(HIP): 	tensorDesc = {}, {}, packed, 
MIOpen(HIP): 	dataType = 5
MIOpen(HIP): 	nbDims = 5
MIOpen(HIP): 	dim.values = { 1 3072 1 34 25 }
MIOpen(HIP): 	stride.values = { 2611200 1 2611200 76800 3072 }
MIOpen(HIP): }
MIOpen(HIP): miopenStatus_t miopenCreateConvolutionDescriptor(miopenConvolutionDescriptor_t *){
MIOpen(HIP): 	convDesc = 0x7ffd68b9f800
MIOpen(HIP): }
MIOpen(HIP): miopenStatus_t miopenInitConvolutionNdDescriptor(miopenConvolutionDescriptor_t, int, const int *, const int *, const int *, miopenConvolutionMode_t){
MIOpen(HIP): 	convDesc = conv2d, miopenConvolution, miopenPaddingDefault, {0, 0}, {1, 1}, {1, 1}, 
MIOpen(HIP): 	spatialDim = 3
MIOpen(HIP): 	pads = { 0 0 0 }
MIOpen(HIP): 	strides = { 1 2 2 }
MIOpen(HIP): 	dilations = { 1 1 1 }
MIOpen(HIP): 	c_mode = 0
MIOpen(HIP): }
MIOpen(HIP): miopenStatus_t miopenSetConvolutionGroupCount(miopenConvolutionDescriptor_t, int){
MIOpen(HIP): 	convDesc = conv3d, miopenConvolution, miopenPaddingDefault, {0, 0, 0}, {1, 2, 2}, {1, 1, 1}, 
MIOpen(HIP): 	groupCount = 1
MIOpen(HIP): }
MIOpen(HIP): miopenStatus_t miopenSetConvolutionAttribute(miopenConvolutionDescriptor_t, const miopenConvolutionAttrib_t, const int){
MIOpen(HIP): 	convDesc = conv3d, miopenConvolution, miopenPaddingDefault, {0, 0, 0}, {1, 2, 2}, {1, 1, 1}, 
MIOpen(HIP): 	attr = 1
MIOpen(HIP): 	value = 0
MIOpen(HIP): }
MIOpen(HIP): miopenStatus_t miopenConvolutionForward(miopenHandle_t, const void *, const miopenTensorDescriptor_t, const void *, const miopenTensorDescriptor_t, const void *, const miopenConvolutionDescriptor_t, miopenConvFwdAlgorithm_t, const void *, const miopenTensorDescriptor_t, void *, void *, size_t){
MIOpen(HIP): 	handle = stream: 0, device_id: 0
MIOpen(HIP): 	alpha = 0x7ffd68b9f548
MIOpen(HIP): 	xDesc = {1, 48, 1, 68, 50}, {163200, 1, 163200, 2400, 48}, packed, 
MIOpen(HIP): 	x = 0x7d705db00000
MIOpen(HIP): 	wDesc = {3072, 48, 1, 2, 2}, {192, 1, 192, 96, 48}, packed, 
MIOpen(HIP): 	w = 0x7d6e34e00000
MIOpen(HIP): 	convDesc = conv3d, miopenConvolution, miopenPaddingDefault, {0, 0, 0}, {1, 2, 2}, {1, 1, 1}, 
MIOpen(HIP): 	algo = 5
MIOpen(HIP): 	beta = 0x7ffd68b9f550
MIOpen(HIP): 	yDesc = {1, 3072, 1, 34, 25}, {2611200, 1, 2611200, 76800, 3072}, packed, 
MIOpen(HIP): 	y = 0x7d6dd9c20000
MIOpen(HIP): 	workSpace = nullptr
MIOpen(HIP): 	workSpaceSize = 0
MIOpen(HIP): }
MIOpen(HIP): Command [LogCmdConvolution] ./bin/MIOpenDriver convbfp16 -n 1 -c 48 --in_d 1 -H 68 -W 50 -k 3072 --fil_d 1 -y 2 -x 2 --pad_d 0 -p 0 -q 0 --conv_stride_d 1 -u 2 -v 2 --dilation_d 1 -l 1 -j 1 --spatial_dim 3 --in_layout NDHWC --fil_layout NDHWC --out_layout NDHWC -m conv -g 1 -F 1 -t 1
MIOpen(HIP): Info [ConvolutionForward] algo = 5, workspace = 0
MIOpen(HIP): Info2 [GetInvoker] Returning an invoker for problem 48x1x68x50x1x2x2x3072x1x34x25x1xNDHWCxNDHWCxNDHWCxBF16x0x0x0x1x2x2x1x1x1x1xFxDefault and algorithm miopenConvolutionFwdAlgoImplicitGEMM
MIOpen(HIP): miopenStatus_t miopenDestroyConvolutionDescriptor(miopenConvolutionDescriptor_t){
MIOpen(HIP): 	convDesc = conv3d, miopenConvolution, miopenPaddingDefault, {0, 0, 0}, {1, 2, 2}, {1, 1, 1}, 
MIOpen(HIP): }
MIOpen(HIP): miopenStatus_t miopenDestroyTensorDescriptor(miopenTensorDescriptor_t){
MIOpen(HIP): 	tensorDesc = {3072, 48, 1, 2, 2}, {192, 1, 192, 96, 48}, packed, 
MIOpen(HIP): }
MIOpen(HIP): miopenStatus_t miopenDestroyTensorDescriptor(miopenTensorDescriptor_t){
MIOpen(HIP): 	tensorDesc = {1, 3072, 1, 34, 25}, {2611200, 1, 2611200, 76800, 3072}, packed, 
MIOpen(HIP): }
MIOpen(HIP): miopenStatus_t miopenDestroyTensorDescriptor(miopenTensorDescriptor_t){
MIOpen(HIP): 	tensorDesc = {1, 48, 1, 68, 50}, {163200, 1, 163200, 2400, 48}, packed, 
MIOpen(HIP): }
MIOpen(HIP): Info [get_device_name] Raw device name: gfx1100
MIOpen(HIP): Info [SetStream] stream: 0, device_id: 0
MIOpen(HIP): miopenStatus_t miopenCreateTensorDescriptor(miopenTensorDescriptor_t *){
MIOpen(HIP): 	tensorDesc = 0x5
MIOpen(HIP): }
MIOpen(HIP): miopenStatus_t miopenSetTensorDescriptor(miopenTensorDescriptor_t, miopenDataType_t, int, const int *, const int *){
MIOpen(HIP): 	tensorDesc = {}, {}, packed, 
MIOpen(HIP): 	dataType = 5
MIOpen(HIP): 	nbDims = 5
MIOpen(HIP): 	dim.values = { 1 48 1 68 50 }
MIOpen(HIP): 	stride.values = { 163200 1 163200 2400 48 }
MIOpen(HIP): }
MIOpen(HIP): miopenStatus_t miopenCreateTensorDescriptor(miopenTensorDescriptor_t *){
MIOpen(HIP): 	tensorDesc = 0x96000027d80
MIOpen(HIP): }
MIOpen(HIP): miopenStatus_t miopenSetTensorDescriptor(miopenTensorDescriptor_t, miopenDataType_t, int, const int *, const int *){
MIOpen(HIP): 	tensorDesc = {}, {}, packed, 
MIOpen(HIP): 	dataType = 5
MIOpen(HIP): 	nbDims = 5
MIOpen(HIP): 	dim.values = { 3072 48 1 2 2 }
MIOpen(HIP): 	stride.values = { 192 1 192 96 48 }
MIOpen(HIP): }
MIOpen(HIP): miopenStatus_t miopenCreateTensorDescriptor(miopenTensorDescriptor_t *){
MIOpen(HIP): 	tensorDesc = 0x7d7626d37df6
MIOpen(HIP): }
MIOpen(HIP): miopenStatus_t miopenSetTensorDescriptor(miopenTensorDescriptor_t, miopenDataType_t, int, const int *, const int *){
MIOpen(HIP): 	tensorDesc = {}, {}, packed, 
MIOpen(HIP): 	dataType = 5
MIOpen(HIP): 	nbDims = 5
MIOpen(HIP): 	dim.values = { 1 3072 1 34 25 }
MIOpen(HIP): 	stride.values = { 2611200 1 2611200 76800 3072 }
MIOpen(HIP): }
MIOpen(HIP): miopenStatus_t miopenCreateConvolutionDescriptor(miopenConvolutionDescriptor_t *){
MIOpen(HIP): 	convDesc = 0x7ffd68b9f800
MIOpen(HIP): }
MIOpen(HIP): miopenStatus_t miopenInitConvolutionNdDescriptor(miopenConvolutionDescriptor_t, int, const int *, const int *, const int *, miopenConvolutionMode_t){
MIOpen(HIP): 	convDesc = conv2d, miopenConvolution, miopenPaddingDefault, {0, 0}, {1, 1}, {1, 1}, 
MIOpen(HIP): 	spatialDim = 3
MIOpen(HIP): 	pads = { 0 0 0 }
MIOpen(HIP): 	strides = { 1 2 2 }
MIOpen(HIP): 	dilations = { 1 1 1 }
MIOpen(HIP): 	c_mode = 0
MIOpen(HIP): }
MIOpen(HIP): miopenStatus_t miopenSetConvolutionGroupCount(miopenConvolutionDescriptor_t, int){
MIOpen(HIP): 	convDesc = conv3d, miopenConvolution, miopenPaddingDefault, {0, 0, 0}, {1, 2, 2}, {1, 1, 1}, 
MIOpen(HIP): 	groupCount = 1
MIOpen(HIP): }
MIOpen(HIP): miopenStatus_t miopenSetConvolutionAttribute(miopenConvolutionDescriptor_t, const miopenConvolutionAttrib_t, const int){
MIOpen(HIP): 	convDesc = conv3d, miopenConvolution, miopenPaddingDefault, {0, 0, 0}, {1, 2, 2}, {1, 1, 1}, 
MIOpen(HIP): 	attr = 1
MIOpen(HIP): 	value = 0
MIOpen(HIP): }
MIOpen(HIP): miopenStatus_t miopenConvolutionForward(miopenHandle_t, const void *, const miopenTensorDescriptor_t, const void *, const miopenTensorDescriptor_t, const void *, const miopenConvolutionDescriptor_t, miopenConvFwdAlgorithm_t, const void *, const miopenTensorDescriptor_t, void *, void *, size_t){
MIOpen(HIP): 	handle = stream: 0, device_id: 0
MIOpen(HIP): 	alpha = 0x7ffd68b9f548
MIOpen(HIP): 	xDesc = {1, 48, 1, 68, 50}, {163200, 1, 163200, 2400, 48}, packed, 
MIOpen(HIP): 	x = 0x7d705db00000
MIOpen(HIP): 	wDesc = {3072, 48, 1, 2, 2}, {192, 1, 192, 96, 48}, packed, 
MIOpen(HIP): 	w = 0x7d6e34e00000
MIOpen(HIP): 	convDesc = conv3d, miopenConvolution, miopenPaddingDefault, {0, 0, 0}, {1, 2, 2}, {1, 1, 1}, 
MIOpen(HIP): 	algo = 5
MIOpen(HIP): 	beta = 0x7ffd68b9f550
MIOpen(HIP): 	yDesc = {1, 3072, 1, 34, 25}, {2611200, 1, 2611200, 76800, 3072}, packed, 
MIOpen(HIP): 	y = 0x7d6dd9c20000
MIOpen(HIP): 	workSpace = nullptr
MIOpen(HIP): 	workSpaceSize = 0
MIOpen(HIP): }
MIOpen(HIP): Command [LogCmdConvolution] ./bin/MIOpenDriver convbfp16 -n 1 -c 48 --in_d 1 -H 68 -W 50 -k 3072 --fil_d 1 -y 2 -x 2 --pad_d 0 -p 0 -q 0 --conv_stride_d 1 -u 2 -v 2 --dilation_d 1 -l 1 -j 1 --spatial_dim 3 --in_layout NDHWC --fil_layout NDHWC --out_layout NDHWC -m conv -g 1 -F 1 -t 1
MIOpen(HIP): Info [ConvolutionForward] algo = 5, workspace = 0
MIOpen(HIP): Info2 [GetInvoker] Returning an invoker for problem 48x1x68x50x1x2x2x3072x1x34x25x1xNDHWCxNDHWCxNDHWCxBF16x0x0x0x1x2x2x1x1x1x1xFxDefault and algorithm miopenConvolutionFwdAlgoImplicitGEMM
MIOpen(HIP): miopenStatus_t miopenDestroyConvolutionDescriptor(miopenConvolutionDescriptor_t){
MIOpen(HIP): 	convDesc = conv3d, miopenConvolution, miopenPaddingDefault, {0, 0, 0}, {1, 2, 2}, {1, 1, 1}, 
MIOpen(HIP): }
MIOpen(HIP): miopenStatus_t miopenDestroyTensorDescriptor(miopenTensorDescriptor_t){
MIOpen(HIP): 	tensorDesc = {3072, 48, 1, 2, 2}, {192, 1, 192, 96, 48}, packed, 
MIOpen(HIP): }
MIOpen(HIP): miopenStatus_t miopenDestroyTensorDescriptor(miopenTensorDescriptor_t){
MIOpen(HIP): 	tensorDesc = {1, 3072, 1, 34, 25}, {2611200, 1, 2611200, 76800, 3072}, packed, 
MIOpen(HIP): }
MIOpen(HIP): miopenStatus_t miopenDestroyTensorDescriptor(miopenTensorDescriptor_t){
MIOpen(HIP): 	tensorDesc = {1, 48, 1, 68, 50}, {163200, 1, 163200, 2400, 48}, packed, 
MIOpen(HIP): }
 66%|██████▌   | 33/50 [00:18<00:09,  1.85it/s]MIOpen(HIP): Info [get_device_name] Raw device name: gfx1100
MIOpen(HIP): Info [SetStream] stream: 0, device_id: 0
MIOpen(HIP): miopenStatus_t miopenCreateTensorDescriptor(miopenTensorDescriptor_t *){
MIOpen(HIP): 	tensorDesc = 0x5
MIOpen(HIP): }
MIOpen(HIP): miopenStatus_t miopenSetTensorDescriptor(miopenTensorDescriptor_t, miopenDataType_t, int, const int *, const int *){
MIOpen(HIP): 	tensorDesc = {}, {}, packed, 
MIOpen(HIP): 	dataType = 5
MIOpen(HIP): 	nbDims = 5
MIOpen(HIP): 	dim.values = { 1 48 1 68 50 }
MIOpen(HIP): 	stride.values = { 163200 1 163200 2400 48 }
MIOpen(HIP): }
MIOpen(HIP): miopenStatus_t miopenCreateTensorDescriptor(miopenTensorDescriptor_t *){
MIOpen(HIP): 	tensorDesc = 0x96000027d80
MIOpen(HIP): }
MIOpen(HIP): miopenStatus_t miopenSetTensorDescriptor(miopenTensorDescriptor_t, miopenDataType_t, int, const int *, const int *){
MIOpen(HIP): 	tensorDesc = {}, {}, packed, 
MIOpen(HIP): 	dataType = 5
MIOpen(HIP): 	nbDims = 5
MIOpen(HIP): 	dim.values = { 3072 48 1 2 2 }
MIOpen(HIP): 	stride.values = { 192 1 192 96 48 }
MIOpen(HIP): }
MIOpen(HIP): miopenStatus_t miopenCreateTensorDescriptor(miopenTensorDescriptor_t *){
MIOpen(HIP): 	tensorDesc = 0x7d7626d37df6
MIOpen(HIP): }
MIOpen(HIP): miopenStatus_t miopenSetTensorDescriptor(miopenTensorDescriptor_t, miopenDataType_t, int, const int *, const int *){
MIOpen(HIP): 	tensorDesc = {}, {}, packed, 
MIOpen(HIP): 	dataType = 5
MIOpen(HIP): 	nbDims = 5
MIOpen(HIP): 	dim.values = { 1 3072 1 34 25 }
MIOpen(HIP): 	stride.values = { 2611200 1 2611200 76800 3072 }
MIOpen(HIP): }
MIOpen(HIP): miopenStatus_t miopenCreateConvolutionDescriptor(miopenConvolutionDescriptor_t *){
MIOpen(HIP): 	convDesc = 0x7ffd68b9f800
MIOpen(HIP): }
MIOpen(HIP): miopenStatus_t miopenInitConvolutionNdDescriptor(miopenConvolutionDescriptor_t, int, const int *, const int *, const int *, miopenConvolutionMode_t){
MIOpen(HIP): 	convDesc = conv2d, miopenConvolution, miopenPaddingDefault, {0, 0}, {1, 1}, {1, 1}, 
MIOpen(HIP): 	spatialDim = 3
MIOpen(HIP): 	pads = { 0 0 0 }
MIOpen(HIP): 	strides = { 1 2 2 }
MIOpen(HIP): 	dilations = { 1 1 1 }
MIOpen(HIP): 	c_mode = 0
MIOpen(HIP): }
MIOpen(HIP): miopenStatus_t miopenSetConvolutionGroupCount(miopenConvolutionDescriptor_t, int){
MIOpen(HIP): 	convDesc = conv3d, miopenConvolution, miopenPaddingDefault, {0, 0, 0}, {1, 2, 2}, {1, 1, 1}, 
MIOpen(HIP): 	groupCount = 1
MIOpen(HIP): }
MIOpen(HIP): miopenStatus_t miopenSetConvolutionAttribute(miopenConvolutionDescriptor_t, const miopenConvolutionAttrib_t, const int){
MIOpen(HIP): 	convDesc = conv3d, miopenConvolution, miopenPaddingDefault, {0, 0, 0}, {1, 2, 2}, {1, 1, 1}, 
MIOpen(HIP): 	attr = 1
MIOpen(HIP): 	value = 0
MIOpen(HIP): }
MIOpen(HIP): miopenStatus_t miopenConvolutionForward(miopenHandle_t, const void *, const miopenTensorDescriptor_t, const void *, const miopenTensorDescriptor_t, const void *, const miopenConvolutionDescriptor_t, miopenConvFwdAlgorithm_t, const void *, const miopenTensorDescriptor_t, void *, void *, size_t){
MIOpen(HIP): 	handle = stream: 0, device_id: 0
MIOpen(HIP): 	alpha = 0x7ffd68b9f548
MIOpen(HIP): 	xDesc = {1, 48, 1, 68, 50}, {163200, 1, 163200, 2400, 48}, packed, 
MIOpen(HIP): 	x = 0x7d705db00000
MIOpen(HIP): 	wDesc = {3072, 48, 1, 2, 2}, {192, 1, 192, 96, 48}, packed, 
MIOpen(HIP): 	w = 0x7d6e34e00000
MIOpen(HIP): 	convDesc = conv3d, miopenConvolution, miopenPaddingDefault, {0, 0, 0}, {1, 2, 2}, {1, 1, 1}, 
MIOpen(HIP): 	algo = 5
MIOpen(HIP): 	beta = 0x7ffd68b9f550
MIOpen(HIP): 	yDesc = {1, 3072, 1, 34, 25}, {2611200, 1, 2611200, 76800, 3072}, packed, 
MIOpen(HIP): 	y = 0x7d6dd9c20000
MIOpen(HIP): 	workSpace = nullptr
MIOpen(HIP): 	workSpaceSize = 0
MIOpen(HIP): }
MIOpen(HIP): Command [LogCmdConvolution] ./bin/MIOpenDriver convbfp16 -n 1 -c 48 --in_d 1 -H 68 -W 50 -k 3072 --fil_d 1 -y 2 -x 2 --pad_d 0 -p 0 -q 0 --conv_stride_d 1 -u 2 -v 2 --dilation_d 1 -l 1 -j 1 --spatial_dim 3 --in_layout NDHWC --fil_layout NDHWC --out_layout NDHWC -m conv -g 1 -F 1 -t 1
MIOpen(HIP): Info [ConvolutionForward] algo = 5, workspace = 0
MIOpen(HIP): Info2 [GetInvoker] Returning an invoker for problem 48x1x68x50x1x2x2x3072x1x34x25x1xNDHWCxNDHWCxNDHWCxBF16x0x0x0x1x2x2x1x1x1x1xFxDefault and algorithm miopenConvolutionFwdAlgoImplicitGEMM
MIOpen(HIP): miopenStatus_t miopenDestroyConvolutionDescriptor(miopenConvolutionDescriptor_t){
MIOpen(HIP): 	convDesc = conv3d, miopenConvolution, miopenPaddingDefault, {0, 0, 0}, {1, 2, 2}, {1, 1, 1}, 
MIOpen(HIP): }
MIOpen(HIP): miopenStatus_t miopenDestroyTensorDescriptor(miopenTensorDescriptor_t){
MIOpen(HIP): 	tensorDesc = {3072, 48, 1, 2, 2}, {192, 1, 192, 96, 48}, packed, 
MIOpen(HIP): }
MIOpen(HIP): miopenStatus_t miopenDestroyTensorDescriptor(miopenTensorDescriptor_t){
MIOpen(HIP): 	tensorDesc = {1, 3072, 1, 34, 25}, {2611200, 1, 2611200, 76800, 3072}, packed, 
MIOpen(HIP): }
MIOpen(HIP): miopenStatus_t miopenDestroyTensorDescriptor(miopenTensorDescriptor_t){
MIOpen(HIP): 	tensorDesc = {1, 48, 1, 68, 50}, {163200, 1, 163200, 2400, 48}, packed, 
MIOpen(HIP): }
MIOpen(HIP): Info [get_device_name] Raw device name: gfx1100
MIOpen(HIP): Info [SetStream] stream: 0, device_id: 0
MIOpen(HIP): miopenStatus_t miopenCreateTensorDescriptor(miopenTensorDescriptor_t *){
MIOpen(HIP): 	tensorDesc = 0x5
MIOpen(HIP): }
MIOpen(HIP): miopenStatus_t miopenSetTensorDescriptor(miopenTensorDescriptor_t, miopenDataType_t, int, const int *, const int *){
MIOpen(HIP): 	tensorDesc = {}, {}, packed, 
MIOpen(HIP): 	dataType = 5
MIOpen(HIP): 	nbDims = 5
MIOpen(HIP): 	dim.values = { 1 48 1 68 50 }
MIOpen(HIP): 	stride.values = { 163200 1 163200 2400 48 }
MIOpen(HIP): }
MIOpen(HIP): miopenStatus_t miopenCreateTensorDescriptor(miopenTensorDescriptor_t *){
MIOpen(HIP): 	tensorDesc = 0x96000027d80
MIOpen(HIP): }
MIOpen(HIP): miopenStatus_t miopenSetTensorDescriptor(miopenTensorDescriptor_t, miopenDataType_t, int, const int *, const int *){
MIOpen(HIP): 	tensorDesc = {}, {}, packed, 
MIOpen(HIP): 	dataType = 5
MIOpen(HIP): 	nbDims = 5
MIOpen(HIP): 	dim.values = { 3072 48 1 2 2 }
MIOpen(HIP): 	stride.values = { 192 1 192 96 48 }
MIOpen(HIP): }
MIOpen(HIP): miopenStatus_t miopenCreateTensorDescriptor(miopenTensorDescriptor_t *){
MIOpen(HIP): 	tensorDesc = 0x7d7626d37df6
MIOpen(HIP): }
MIOpen(HIP): miopenStatus_t miopenSetTensorDescriptor(miopenTensorDescriptor_t, miopenDataType_t, int, const int *, const int *){
MIOpen(HIP): 	tensorDesc = {}, {}, packed, 
MIOpen(HIP): 	dataType = 5
MIOpen(HIP): 	nbDims = 5
MIOpen(HIP): 	dim.values = { 1 3072 1 34 25 }
MIOpen(HIP): 	stride.values = { 2611200 1 2611200 76800 3072 }
MIOpen(HIP): }
MIOpen(HIP): miopenStatus_t miopenCreateConvolutionDescriptor(miopenConvolutionDescriptor_t *){
MIOpen(HIP): 	convDesc = 0x7ffd68b9f800
MIOpen(HIP): }
MIOpen(HIP): miopenStatus_t miopenInitConvolutionNdDescriptor(miopenConvolutionDescriptor_t, int, const int *, const int *, const int *, miopenConvolutionMode_t){
MIOpen(HIP): 	convDesc = conv2d, miopenConvolution, miopenPaddingDefault, {0, 0}, {1, 1}, {1, 1}, 
MIOpen(HIP): 	spatialDim = 3
MIOpen(HIP): 	pads = { 0 0 0 }
MIOpen(HIP): 	strides = { 1 2 2 }
MIOpen(HIP): 	dilations = { 1 1 1 }
MIOpen(HIP): 	c_mode = 0
MIOpen(HIP): }
MIOpen(HIP): miopenStatus_t miopenSetConvolutionGroupCount(miopenConvolutionDescriptor_t, int){
MIOpen(HIP): 	convDesc = conv3d, miopenConvolution, miopenPaddingDefault, {0, 0, 0}, {1, 2, 2}, {1, 1, 1}, 
MIOpen(HIP): 	groupCount = 1
MIOpen(HIP): }
MIOpen(HIP): miopenStatus_t miopenSetConvolutionAttribute(miopenConvolutionDescriptor_t, const miopenConvolutionAttrib_t, const int){
MIOpen(HIP): 	convDesc = conv3d, miopenConvolution, miopenPaddingDefault, {0, 0, 0}, {1, 2, 2}, {1, 1, 1}, 
MIOpen(HIP): 	attr = 1
MIOpen(HIP): 	value = 0
MIOpen(HIP): }
MIOpen(HIP): miopenStatus_t miopenConvolutionForward(miopenHandle_t, const void *, const miopenTensorDescriptor_t, const void *, const miopenTensorDescriptor_t, const void *, const miopenConvolutionDescriptor_t, miopenConvFwdAlgorithm_t, const void *, const miopenTensorDescriptor_t, void *, void *, size_t){
MIOpen(HIP): 	handle = stream: 0, device_id: 0
MIOpen(HIP): 	alpha = 0x7ffd68b9f548
MIOpen(HIP): 	xDesc = {1, 48, 1, 68, 50}, {163200, 1, 163200, 2400, 48}, packed, 
MIOpen(HIP): 	x = 0x7d705db00000
MIOpen(HIP): 	wDesc = {3072, 48, 1, 2, 2}, {192, 1, 192, 96, 48}, packed, 
MIOpen(HIP): 	w = 0x7d6e34e00000
MIOpen(HIP): 	convDesc = conv3d, miopenConvolution, miopenPaddingDefault, {0, 0, 0}, {1, 2, 2}, {1, 1, 1}, 
MIOpen(HIP): 	algo = 5
MIOpen(HIP): 	beta = 0x7ffd68b9f550
MIOpen(HIP): 	yDesc = {1, 3072, 1, 34, 25}, {2611200, 1, 2611200, 76800, 3072}, packed, 
MIOpen(HIP): 	y = 0x7d6dd9c20000
MIOpen(HIP): 	workSpace = nullptr
MIOpen(HIP): 	workSpaceSize = 0
MIOpen(HIP): }
MIOpen(HIP): Command [LogCmdConvolution] ./bin/MIOpenDriver convbfp16 -n 1 -c 48 --in_d 1 -H 68 -W 50 -k 3072 --fil_d 1 -y 2 -x 2 --pad_d 0 -p 0 -q 0 --conv_stride_d 1 -u 2 -v 2 --dilation_d 1 -l 1 -j 1 --spatial_dim 3 --in_layout NDHWC --fil_layout NDHWC --out_layout NDHWC -m conv -g 1 -F 1 -t 1
MIOpen(HIP): Info [ConvolutionForward] algo = 5, workspace = 0
MIOpen(HIP): Info2 [GetInvoker] Returning an invoker for problem 48x1x68x50x1x2x2x3072x1x34x25x1xNDHWCxNDHWCxNDHWCxBF16x0x0x0x1x2x2x1x1x1x1xFxDefault and algorithm miopenConvolutionFwdAlgoImplicitGEMM
MIOpen(HIP): miopenStatus_t miopenDestroyConvolutionDescriptor(miopenConvolutionDescriptor_t){
MIOpen(HIP): 	convDesc = conv3d, miopenConvolution, miopenPaddingDefault, {0, 0, 0}, {1, 2, 2}, {1, 1, 1}, 
MIOpen(HIP): }
MIOpen(HIP): miopenStatus_t miopenDestroyTensorDescriptor(miopenTensorDescriptor_t){
MIOpen(HIP): 	tensorDesc = {3072, 48, 1, 2, 2}, {192, 1, 192, 96, 48}, packed, 
MIOpen(HIP): }
MIOpen(HIP): miopenStatus_t miopenDestroyTensorDescriptor(miopenTensorDescriptor_t){
MIOpen(HIP): 	tensorDesc = {1, 3072, 1, 34, 25}, {2611200, 1, 2611200, 76800, 3072}, packed, 
MIOpen(HIP): }
MIOpen(HIP): miopenStatus_t miopenDestroyTensorDescriptor(miopenTensorDescriptor_t){
MIOpen(HIP): 	tensorDesc = {1, 48, 1, 68, 50}, {163200, 1, 163200, 2400, 48}, packed, 
MIOpen(HIP): }
 68%|██████▊   | 34/50 [00:18<00:08,  1.85it/s]MIOpen(HIP): Info [get_device_name] Raw device name: gfx1100
MIOpen(HIP): Info [SetStream] stream: 0, device_id: 0
MIOpen(HIP): miopenStatus_t miopenCreateTensorDescriptor(miopenTensorDescriptor_t *){
MIOpen(HIP): 	tensorDesc = 0x5
MIOpen(HIP): }
MIOpen(HIP): miopenStatus_t miopenSetTensorDescriptor(miopenTensorDescriptor_t, miopenDataType_t, int, const int *, const int *){
MIOpen(HIP): 	tensorDesc = {}, {}, packed, 
MIOpen(HIP): 	dataType = 5
MIOpen(HIP): 	nbDims = 5
MIOpen(HIP): 	dim.values = { 1 48 1 68 50 }
MIOpen(HIP): 	stride.values = { 163200 1 163200 2400 48 }
MIOpen(HIP): }
MIOpen(HIP): miopenStatus_t miopenCreateTensorDescriptor(miopenTensorDescriptor_t *){
MIOpen(HIP): 	tensorDesc = 0x96000027d80
MIOpen(HIP): }
MIOpen(HIP): miopenStatus_t miopenSetTensorDescriptor(miopenTensorDescriptor_t, miopenDataType_t, int, const int *, const int *){
MIOpen(HIP): 	tensorDesc = {}, {}, packed, 
MIOpen(HIP): 	dataType = 5
MIOpen(HIP): 	nbDims = 5
MIOpen(HIP): 	dim.values = { 3072 48 1 2 2 }
MIOpen(HIP): 	stride.values = { 192 1 192 96 48 }
MIOpen(HIP): }
MIOpen(HIP): miopenStatus_t miopenCreateTensorDescriptor(miopenTensorDescriptor_t *){
MIOpen(HIP): 	tensorDesc = 0x7d7626d37df6
MIOpen(HIP): }
MIOpen(HIP): miopenStatus_t miopenSetTensorDescriptor(miopenTensorDescriptor_t, miopenDataType_t, int, const int *, const int *){
MIOpen(HIP): 	tensorDesc = {}, {}, packed, 
MIOpen(HIP): 	dataType = 5
MIOpen(HIP): 	nbDims = 5
MIOpen(HIP): 	dim.values = { 1 3072 1 34 25 }
MIOpen(HIP): 	stride.values = { 2611200 1 2611200 76800 3072 }
MIOpen(HIP): }
MIOpen(HIP): miopenStatus_t miopenCreateConvolutionDescriptor(miopenConvolutionDescriptor_t *){
MIOpen(HIP): 	convDesc = 0x7ffd68b9f800
MIOpen(HIP): }
MIOpen(HIP): miopenStatus_t miopenInitConvolutionNdDescriptor(miopenConvolutionDescriptor_t, int, const int *, const int *, const int *, miopenConvolutionMode_t){
MIOpen(HIP): 	convDesc = conv2d, miopenConvolution, miopenPaddingDefault, {0, 0}, {1, 1}, {1, 1}, 
MIOpen(HIP): 	spatialDim = 3
MIOpen(HIP): 	pads = { 0 0 0 }
MIOpen(HIP): 	strides = { 1 2 2 }
MIOpen(HIP): 	dilations = { 1 1 1 }
MIOpen(HIP): 	c_mode = 0
MIOpen(HIP): }
MIOpen(HIP): miopenStatus_t miopenSetConvolutionGroupCount(miopenConvolutionDescriptor_t, int){
MIOpen(HIP): 	convDesc = conv3d, miopenConvolution, miopenPaddingDefault, {0, 0, 0}, {1, 2, 2}, {1, 1, 1}, 
MIOpen(HIP): 	groupCount = 1
MIOpen(HIP): }
MIOpen(HIP): miopenStatus_t miopenSetConvolutionAttribute(miopenConvolutionDescriptor_t, const miopenConvolutionAttrib_t, const int){
MIOpen(HIP): 	convDesc = conv3d, miopenConvolution, miopenPaddingDefault, {0, 0, 0}, {1, 2, 2}, {1, 1, 1}, 
MIOpen(HIP): 	attr = 1
MIOpen(HIP): 	value = 0
MIOpen(HIP): }
MIOpen(HIP): miopenStatus_t miopenConvolutionForward(miopenHandle_t, const void *, const miopenTensorDescriptor_t, const void *, const miopenTensorDescriptor_t, const void *, const miopenConvolutionDescriptor_t, miopenConvFwdAlgorithm_t, const void *, const miopenTensorDescriptor_t, void *, void *, size_t){
MIOpen(HIP): 	handle = stream: 0, device_id: 0
MIOpen(HIP): 	alpha = 0x7ffd68b9f548
MIOpen(HIP): 	xDesc = {1, 48, 1, 68, 50}, {163200, 1, 163200, 2400, 48}, packed, 
MIOpen(HIP): 	x = 0x7d7062c9e800
MIOpen(HIP): 	wDesc = {3072, 48, 1, 2, 2}, {192, 1, 192, 96, 48}, packed, 
MIOpen(HIP): 	w = 0x7d6e34e00000
MIOpen(HIP): 	convDesc = conv3d, miopenConvolution, miopenPaddingDefault, {0, 0, 0}, {1, 2, 2}, {1, 1, 1}, 
MIOpen(HIP): 	algo = 5
MIOpen(HIP): 	beta = 0x7ffd68b9f550
MIOpen(HIP): 	yDesc = {1, 3072, 1, 34, 25}, {2611200, 1, 2611200, 76800, 3072}, packed, 
MIOpen(HIP): 	y = 0x7d6dd9c20000
MIOpen(HIP): 	workSpace = nullptr
MIOpen(HIP): 	workSpaceSize = 0
MIOpen(HIP): }
MIOpen(HIP): Command [LogCmdConvolution] ./bin/MIOpenDriver convbfp16 -n 1 -c 48 --in_d 1 -H 68 -W 50 -k 3072 --fil_d 1 -y 2 -x 2 --pad_d 0 -p 0 -q 0 --conv_stride_d 1 -u 2 -v 2 --dilation_d 1 -l 1 -j 1 --spatial_dim 3 --in_layout NDHWC --fil_layout NDHWC --out_layout NDHWC -m conv -g 1 -F 1 -t 1
MIOpen(HIP): Info [ConvolutionForward] algo = 5, workspace = 0
MIOpen(HIP): Info2 [GetInvoker] Returning an invoker for problem 48x1x68x50x1x2x2x3072x1x34x25x1xNDHWCxNDHWCxNDHWCxBF16x0x0x0x1x2x2x1x1x1x1xFxDefault and algorithm miopenConvolutionFwdAlgoImplicitGEMM
MIOpen(HIP): miopenStatus_t miopenDestroyConvolutionDescriptor(miopenConvolutionDescriptor_t){
MIOpen(HIP): 	convDesc = conv3d, miopenConvolution, miopenPaddingDefault, {0, 0, 0}, {1, 2, 2}, {1, 1, 1}, 
MIOpen(HIP): }
MIOpen(HIP): miopenStatus_t miopenDestroyTensorDescriptor(miopenTensorDescriptor_t){
MIOpen(HIP): 	tensorDesc = {3072, 48, 1, 2, 2}, {192, 1, 192, 96, 48}, packed, 
MIOpen(HIP): }
MIOpen(HIP): miopenStatus_t miopenDestroyTensorDescriptor(miopenTensorDescriptor_t){
MIOpen(HIP): 	tensorDesc = {1, 3072, 1, 34, 25}, {2611200, 1, 2611200, 76800, 3072}, packed, 
MIOpen(HIP): }
MIOpen(HIP): miopenStatus_t miopenDestroyTensorDescriptor(miopenTensorDescriptor_t){
MIOpen(HIP): 	tensorDesc = {1, 48, 1, 68, 50}, {163200, 1, 163200, 2400, 48}, packed, 
MIOpen(HIP): }
MIOpen(HIP): Info [get_device_name] Raw device name: gfx1100
MIOpen(HIP): Info [SetStream] stream: 0, device_id: 0
MIOpen(HIP): miopenStatus_t miopenCreateTensorDescriptor(miopenTensorDescriptor_t *){
MIOpen(HIP): 	tensorDesc = 0x5
MIOpen(HIP): }
MIOpen(HIP): miopenStatus_t miopenSetTensorDescriptor(miopenTensorDescriptor_t, miopenDataType_t, int, const int *, const int *){
MIOpen(HIP): 	tensorDesc = {}, {}, packed, 
MIOpen(HIP): 	dataType = 5
MIOpen(HIP): 	nbDims = 5
MIOpen(HIP): 	dim.values = { 1 48 1 68 50 }
MIOpen(HIP): 	stride.values = { 163200 1 163200 2400 48 }
MIOpen(HIP): }
MIOpen(HIP): miopenStatus_t miopenCreateTensorDescriptor(miopenTensorDescriptor_t *){
MIOpen(HIP): 	tensorDesc = 0x96000027d80
MIOpen(HIP): }
MIOpen(HIP): miopenStatus_t miopenSetTensorDescriptor(miopenTensorDescriptor_t, miopenDataType_t, int, const int *, const int *){
MIOpen(HIP): 	tensorDesc = {}, {}, packed, 
MIOpen(HIP): 	dataType = 5
MIOpen(HIP): 	nbDims = 5
MIOpen(HIP): 	dim.values = { 3072 48 1 2 2 }
MIOpen(HIP): 	stride.values = { 192 1 192 96 48 }
MIOpen(HIP): }
MIOpen(HIP): miopenStatus_t miopenCreateTensorDescriptor(miopenTensorDescriptor_t *){
MIOpen(HIP): 	tensorDesc = 0x7d7626d37df6
MIOpen(HIP): }
MIOpen(HIP): miopenStatus_t miopenSetTensorDescriptor(miopenTensorDescriptor_t, miopenDataType_t, int, const int *, const int *){
MIOpen(HIP): 	tensorDesc = {}, {}, packed, 
MIOpen(HIP): 	dataType = 5
MIOpen(HIP): 	nbDims = 5
MIOpen(HIP): 	dim.values = { 1 3072 1 34 25 }
MIOpen(HIP): 	stride.values = { 2611200 1 2611200 76800 3072 }
MIOpen(HIP): }
MIOpen(HIP): miopenStatus_t miopenCreateConvolutionDescriptor(miopenConvolutionDescriptor_t *){
MIOpen(HIP): 	convDesc = 0x7ffd68b9f800
MIOpen(HIP): }
MIOpen(HIP): miopenStatus_t miopenInitConvolutionNdDescriptor(miopenConvolutionDescriptor_t, int, const int *, const int *, const int *, miopenConvolutionMode_t){
MIOpen(HIP): 	convDesc = conv2d, miopenConvolution, miopenPaddingDefault, {0, 0}, {1, 1}, {1, 1}, 
MIOpen(HIP): 	spatialDim = 3
MIOpen(HIP): 	pads = { 0 0 0 }
MIOpen(HIP): 	strides = { 1 2 2 }
MIOpen(HIP): 	dilations = { 1 1 1 }
MIOpen(HIP): 	c_mode = 0
MIOpen(HIP): }
MIOpen(HIP): miopenStatus_t miopenSetConvolutionGroupCount(miopenConvolutionDescriptor_t, int){
MIOpen(HIP): 	convDesc = conv3d, miopenConvolution, miopenPaddingDefault, {0, 0, 0}, {1, 2, 2}, {1, 1, 1}, 
MIOpen(HIP): 	groupCount = 1
MIOpen(HIP): }
MIOpen(HIP): miopenStatus_t miopenSetConvolutionAttribute(miopenConvolutionDescriptor_t, const miopenConvolutionAttrib_t, const int){
MIOpen(HIP): 	convDesc = conv3d, miopenConvolution, miopenPaddingDefault, {0, 0, 0}, {1, 2, 2}, {1, 1, 1}, 
MIOpen(HIP): 	attr = 1
MIOpen(HIP): 	value = 0
MIOpen(HIP): }
MIOpen(HIP): miopenStatus_t miopenConvolutionForward(miopenHandle_t, const void *, const miopenTensorDescriptor_t, const void *, const miopenTensorDescriptor_t, const void *, const miopenConvolutionDescriptor_t, miopenConvFwdAlgorithm_t, const void *, const miopenTensorDescriptor_t, void *, void *, size_t){
MIOpen(HIP): 	handle = stream: 0, device_id: 0
MIOpen(HIP): 	alpha = 0x7ffd68b9f548
MIOpen(HIP): 	xDesc = {1, 48, 1, 68, 50}, {163200, 1, 163200, 2400, 48}, packed, 
MIOpen(HIP): 	x = 0x7d7062c9e800
MIOpen(HIP): 	wDesc = {3072, 48, 1, 2, 2}, {192, 1, 192, 96, 48}, packed, 
MIOpen(HIP): 	w = 0x7d6e34e00000
MIOpen(HIP): 	convDesc = conv3d, miopenConvolution, miopenPaddingDefault, {0, 0, 0}, {1, 2, 2}, {1, 1, 1}, 
MIOpen(HIP): 	algo = 5
MIOpen(HIP): 	beta = 0x7ffd68b9f550
MIOpen(HIP): 	yDesc = {1, 3072, 1, 34, 25}, {2611200, 1, 2611200, 76800, 3072}, packed, 
MIOpen(HIP): 	y = 0x7d6dd9c20000
MIOpen(HIP): 	workSpace = nullptr
MIOpen(HIP): 	workSpaceSize = 0
MIOpen(HIP): }
MIOpen(HIP): Command [LogCmdConvolution] ./bin/MIOpenDriver convbfp16 -n 1 -c 48 --in_d 1 -H 68 -W 50 -k 3072 --fil_d 1 -y 2 -x 2 --pad_d 0 -p 0 -q 0 --conv_stride_d 1 -u 2 -v 2 --dilation_d 1 -l 1 -j 1 --spatial_dim 3 --in_layout NDHWC --fil_layout NDHWC --out_layout NDHWC -m conv -g 1 -F 1 -t 1
MIOpen(HIP): Info [ConvolutionForward] algo = 5, workspace = 0
MIOpen(HIP): Info2 [GetInvoker] Returning an invoker for problem 48x1x68x50x1x2x2x3072x1x34x25x1xNDHWCxNDHWCxNDHWCxBF16x0x0x0x1x2x2x1x1x1x1xFxDefault and algorithm miopenConvolutionFwdAlgoImplicitGEMM
MIOpen(HIP): miopenStatus_t miopenDestroyConvolutionDescriptor(miopenConvolutionDescriptor_t){
MIOpen(HIP): 	convDesc = conv3d, miopenConvolution, miopenPaddingDefault, {0, 0, 0}, {1, 2, 2}, {1, 1, 1}, 
MIOpen(HIP): }
MIOpen(HIP): miopenStatus_t miopenDestroyTensorDescriptor(miopenTensorDescriptor_t){
MIOpen(HIP): 	tensorDesc = {3072, 48, 1, 2, 2}, {192, 1, 192, 96, 48}, packed, 
MIOpen(HIP): }
MIOpen(HIP): miopenStatus_t miopenDestroyTensorDescriptor(miopenTensorDescriptor_t){
MIOpen(HIP): 	tensorDesc = {1, 3072, 1, 34, 25}, {2611200, 1, 2611200, 76800, 3072}, packed, 
MIOpen(HIP): }
MIOpen(HIP): miopenStatus_t miopenDestroyTensorDescriptor(miopenTensorDescriptor_t){
MIOpen(HIP): 	tensorDesc = {1, 48, 1, 68, 50}, {163200, 1, 163200, 2400, 48}, packed, 
MIOpen(HIP): }
 70%|███████   | 35/50 [00:19<00:08,  1.85it/s]MIOpen(HIP): Info [get_device_name] Raw device name: gfx1100
MIOpen(HIP): Info [SetStream] stream: 0, device_id: 0
MIOpen(HIP): miopenStatus_t miopenCreateTensorDescriptor(miopenTensorDescriptor_t *){
MIOpen(HIP): 	tensorDesc = 0x5
MIOpen(HIP): }
MIOpen(HIP): miopenStatus_t miopenSetTensorDescriptor(miopenTensorDescriptor_t, miopenDataType_t, int, const int *, const int *){
MIOpen(HIP): 	tensorDesc = {}, {}, packed, 
MIOpen(HIP): 	dataType = 5
MIOpen(HIP): 	nbDims = 5
MIOpen(HIP): 	dim.values = { 1 48 1 68 50 }
MIOpen(HIP): 	stride.values = { 163200 1 163200 2400 48 }
MIOpen(HIP): }
MIOpen(HIP): miopenStatus_t miopenCreateTensorDescriptor(miopenTensorDescriptor_t *){
MIOpen(HIP): 	tensorDesc = 0x96000027d80
MIOpen(HIP): }
MIOpen(HIP): miopenStatus_t miopenSetTensorDescriptor(miopenTensorDescriptor_t, miopenDataType_t, int, const int *, const int *){
MIOpen(HIP): 	tensorDesc = {}, {}, packed, 
MIOpen(HIP): 	dataType = 5
MIOpen(HIP): 	nbDims = 5
MIOpen(HIP): 	dim.values = { 3072 48 1 2 2 }
MIOpen(HIP): 	stride.values = { 192 1 192 96 48 }
MIOpen(HIP): }
MIOpen(HIP): miopenStatus_t miopenCreateTensorDescriptor(miopenTensorDescriptor_t *){
MIOpen(HIP): 	tensorDesc = 0x7d7626d37df6
MIOpen(HIP): }
MIOpen(HIP): miopenStatus_t miopenSetTensorDescriptor(miopenTensorDescriptor_t, miopenDataType_t, int, const int *, const int *){
MIOpen(HIP): 	tensorDesc = {}, {}, packed, 
MIOpen(HIP): 	dataType = 5
MIOpen(HIP): 	nbDims = 5
MIOpen(HIP): 	dim.values = { 1 3072 1 34 25 }
MIOpen(HIP): 	stride.values = { 2611200 1 2611200 76800 3072 }
MIOpen(HIP): }
MIOpen(HIP): miopenStatus_t miopenCreateConvolutionDescriptor(miopenConvolutionDescriptor_t *){
MIOpen(HIP): 	convDesc = 0x7ffd68b9f800
MIOpen(HIP): }
MIOpen(HIP): miopenStatus_t miopenInitConvolutionNdDescriptor(miopenConvolutionDescriptor_t, int, const int *, const int *, const int *, miopenConvolutionMode_t){
MIOpen(HIP): 	convDesc = conv2d, miopenConvolution, miopenPaddingDefault, {0, 0}, {1, 1}, {1, 1}, 
MIOpen(HIP): 	spatialDim = 3
MIOpen(HIP): 	pads = { 0 0 0 }
MIOpen(HIP): 	strides = { 1 2 2 }
MIOpen(HIP): 	dilations = { 1 1 1 }
MIOpen(HIP): 	c_mode = 0
MIOpen(HIP): }
MIOpen(HIP): miopenStatus_t miopenSetConvolutionGroupCount(miopenConvolutionDescriptor_t, int){
MIOpen(HIP): 	convDesc = conv3d, miopenConvolution, miopenPaddingDefault, {0, 0, 0}, {1, 2, 2}, {1, 1, 1}, 
MIOpen(HIP): 	groupCount = 1
MIOpen(HIP): }
MIOpen(HIP): miopenStatus_t miopenSetConvolutionAttribute(miopenConvolutionDescriptor_t, const miopenConvolutionAttrib_t, const int){
MIOpen(HIP): 	convDesc = conv3d, miopenConvolution, miopenPaddingDefault, {0, 0, 0}, {1, 2, 2}, {1, 1, 1}, 
MIOpen(HIP): 	attr = 1
MIOpen(HIP): 	value = 0
MIOpen(HIP): }
MIOpen(HIP): miopenStatus_t miopenConvolutionForward(miopenHandle_t, const void *, const miopenTensorDescriptor_t, const void *, const miopenTensorDescriptor_t, const void *, const miopenConvolutionDescriptor_t, miopenConvFwdAlgorithm_t, const void *, const miopenTensorDescriptor_t, void *, void *, size_t){
MIOpen(HIP): 	handle = stream: 0, device_id: 0
MIOpen(HIP): 	alpha = 0x7ffd68b9f548
MIOpen(HIP): 	xDesc = {1, 48, 1, 68, 50}, {163200, 1, 163200, 2400, 48}, packed, 
MIOpen(HIP): 	x = 0x7d705db00000
MIOpen(HIP): 	wDesc = {3072, 48, 1, 2, 2}, {192, 1, 192, 96, 48}, packed, 
MIOpen(HIP): 	w = 0x7d6e34e00000
MIOpen(HIP): 	convDesc = conv3d, miopenConvolution, miopenPaddingDefault, {0, 0, 0}, {1, 2, 2}, {1, 1, 1}, 
MIOpen(HIP): 	algo = 5
MIOpen(HIP): 	beta = 0x7ffd68b9f550
MIOpen(HIP): 	yDesc = {1, 3072, 1, 34, 25}, {2611200, 1, 2611200, 76800, 3072}, packed, 
MIOpen(HIP): 	y = 0x7d6dd9c20000
MIOpen(HIP): 	workSpace = nullptr
MIOpen(HIP): 	workSpaceSize = 0
MIOpen(HIP): }
MIOpen(HIP): Command [LogCmdConvolution] ./bin/MIOpenDriver convbfp16 -n 1 -c 48 --in_d 1 -H 68 -W 50 -k 3072 --fil_d 1 -y 2 -x 2 --pad_d 0 -p 0 -q 0 --conv_stride_d 1 -u 2 -v 2 --dilation_d 1 -l 1 -j 1 --spatial_dim 3 --in_layout NDHWC --fil_layout NDHWC --out_layout NDHWC -m conv -g 1 -F 1 -t 1
MIOpen(HIP): Info [ConvolutionForward] algo = 5, workspace = 0
MIOpen(HIP): Info2 [GetInvoker] Returning an invoker for problem 48x1x68x50x1x2x2x3072x1x34x25x1xNDHWCxNDHWCxNDHWCxBF16x0x0x0x1x2x2x1x1x1x1xFxDefault and algorithm miopenConvolutionFwdAlgoImplicitGEMM
MIOpen(HIP): miopenStatus_t miopenDestroyConvolutionDescriptor(miopenConvolutionDescriptor_t){
MIOpen(HIP): 	convDesc = conv3d, miopenConvolution, miopenPaddingDefault, {0, 0, 0}, {1, 2, 2}, {1, 1, 1}, 
MIOpen(HIP): }
MIOpen(HIP): miopenStatus_t miopenDestroyTensorDescriptor(miopenTensorDescriptor_t){
MIOpen(HIP): 	tensorDesc = {3072, 48, 1, 2, 2}, {192, 1, 192, 96, 48}, packed, 
MIOpen(HIP): }
MIOpen(HIP): miopenStatus_t miopenDestroyTensorDescriptor(miopenTensorDescriptor_t){
MIOpen(HIP): 	tensorDesc = {1, 3072, 1, 34, 25}, {2611200, 1, 2611200, 76800, 3072}, packed, 
MIOpen(HIP): }
MIOpen(HIP): miopenStatus_t miopenDestroyTensorDescriptor(miopenTensorDescriptor_t){
MIOpen(HIP): 	tensorDesc = {1, 48, 1, 68, 50}, {163200, 1, 163200, 2400, 48}, packed, 
MIOpen(HIP): }
MIOpen(HIP): Info [get_device_name] Raw device name: gfx1100
MIOpen(HIP): Info [SetStream] stream: 0, device_id: 0
MIOpen(HIP): miopenStatus_t miopenCreateTensorDescriptor(miopenTensorDescriptor_t *){
MIOpen(HIP): 	tensorDesc = 0x5
MIOpen(HIP): }
MIOpen(HIP): miopenStatus_t miopenSetTensorDescriptor(miopenTensorDescriptor_t, miopenDataType_t, int, const int *, const int *){
MIOpen(HIP): 	tensorDesc = {}, {}, packed, 
MIOpen(HIP): 	dataType = 5
MIOpen(HIP): 	nbDims = 5
MIOpen(HIP): 	dim.values = { 1 48 1 68 50 }
MIOpen(HIP): 	stride.values = { 163200 1 163200 2400 48 }
MIOpen(HIP): }
MIOpen(HIP): miopenStatus_t miopenCreateTensorDescriptor(miopenTensorDescriptor_t *){
MIOpen(HIP): 	tensorDesc = 0x96000027d80
MIOpen(HIP): }
MIOpen(HIP): miopenStatus_t miopenSetTensorDescriptor(miopenTensorDescriptor_t, miopenDataType_t, int, const int *, const int *){
MIOpen(HIP): 	tensorDesc = {}, {}, packed, 
MIOpen(HIP): 	dataType = 5
MIOpen(HIP): 	nbDims = 5
MIOpen(HIP): 	dim.values = { 3072 48 1 2 2 }
MIOpen(HIP): 	stride.values = { 192 1 192 96 48 }
MIOpen(HIP): }
MIOpen(HIP): miopenStatus_t miopenCreateTensorDescriptor(miopenTensorDescriptor_t *){
MIOpen(HIP): 	tensorDesc = 0x7d7626d37df6
MIOpen(HIP): }
MIOpen(HIP): miopenStatus_t miopenSetTensorDescriptor(miopenTensorDescriptor_t, miopenDataType_t, int, const int *, const int *){
MIOpen(HIP): 	tensorDesc = {}, {}, packed, 
MIOpen(HIP): 	dataType = 5
MIOpen(HIP): 	nbDims = 5
MIOpen(HIP): 	dim.values = { 1 3072 1 34 25 }
MIOpen(HIP): 	stride.values = { 2611200 1 2611200 76800 3072 }
MIOpen(HIP): }
MIOpen(HIP): miopenStatus_t miopenCreateConvolutionDescriptor(miopenConvolutionDescriptor_t *){
MIOpen(HIP): 	convDesc = 0x7ffd68b9f800
MIOpen(HIP): }
MIOpen(HIP): miopenStatus_t miopenInitConvolutionNdDescriptor(miopenConvolutionDescriptor_t, int, const int *, const int *, const int *, miopenConvolutionMode_t){
MIOpen(HIP): 	convDesc = conv2d, miopenConvolution, miopenPaddingDefault, {0, 0}, {1, 1}, {1, 1}, 
MIOpen(HIP): 	spatialDim = 3
MIOpen(HIP): 	pads = { 0 0 0 }
MIOpen(HIP): 	strides = { 1 2 2 }
MIOpen(HIP): 	dilations = { 1 1 1 }
MIOpen(HIP): 	c_mode = 0
MIOpen(HIP): }
MIOpen(HIP): miopenStatus_t miopenSetConvolutionGroupCount(miopenConvolutionDescriptor_t, int){
MIOpen(HIP): 	convDesc = conv3d, miopenConvolution, miopenPaddingDefault, {0, 0, 0}, {1, 2, 2}, {1, 1, 1}, 
MIOpen(HIP): 	groupCount = 1
MIOpen(HIP): }
MIOpen(HIP): miopenStatus_t miopenSetConvolutionAttribute(miopenConvolutionDescriptor_t, const miopenConvolutionAttrib_t, const int){
MIOpen(HIP): 	convDesc = conv3d, miopenConvolution, miopenPaddingDefault, {0, 0, 0}, {1, 2, 2}, {1, 1, 1}, 
MIOpen(HIP): 	attr = 1
MIOpen(HIP): 	value = 0
MIOpen(HIP): }
MIOpen(HIP): miopenStatus_t miopenConvolutionForward(miopenHandle_t, const void *, const miopenTensorDescriptor_t, const void *, const miopenTensorDescriptor_t, const void *, const miopenConvolutionDescriptor_t, miopenConvFwdAlgorithm_t, const void *, const miopenTensorDescriptor_t, void *, void *, size_t){
MIOpen(HIP): 	handle = stream: 0, device_id: 0
MIOpen(HIP): 	alpha = 0x7ffd68b9f548
MIOpen(HIP): 	xDesc = {1, 48, 1, 68, 50}, {163200, 1, 163200, 2400, 48}, packed, 
MIOpen(HIP): 	x = 0x7d705db00000
MIOpen(HIP): 	wDesc = {3072, 48, 1, 2, 2}, {192, 1, 192, 96, 48}, packed, 
MIOpen(HIP): 	w = 0x7d6e34e00000
MIOpen(HIP): 	convDesc = conv3d, miopenConvolution, miopenPaddingDefault, {0, 0, 0}, {1, 2, 2}, {1, 1, 1}, 
MIOpen(HIP): 	algo = 5
MIOpen(HIP): 	beta = 0x7ffd68b9f550
MIOpen(HIP): 	yDesc = {1, 3072, 1, 34, 25}, {2611200, 1, 2611200, 76800, 3072}, packed, 
MIOpen(HIP): 	y = 0x7d6dd9c20000
MIOpen(HIP): 	workSpace = nullptr
MIOpen(HIP): 	workSpaceSize = 0
MIOpen(HIP): }
MIOpen(HIP): Command [LogCmdConvolution] ./bin/MIOpenDriver convbfp16 -n 1 -c 48 --in_d 1 -H 68 -W 50 -k 3072 --fil_d 1 -y 2 -x 2 --pad_d 0 -p 0 -q 0 --conv_stride_d 1 -u 2 -v 2 --dilation_d 1 -l 1 -j 1 --spatial_dim 3 --in_layout NDHWC --fil_layout NDHWC --out_layout NDHWC -m conv -g 1 -F 1 -t 1
MIOpen(HIP): Info [ConvolutionForward] algo = 5, workspace = 0
MIOpen(HIP): Info2 [GetInvoker] Returning an invoker for problem 48x1x68x50x1x2x2x3072x1x34x25x1xNDHWCxNDHWCxNDHWCxBF16x0x0x0x1x2x2x1x1x1x1xFxDefault and algorithm miopenConvolutionFwdAlgoImplicitGEMM
MIOpen(HIP): miopenStatus_t miopenDestroyConvolutionDescriptor(miopenConvolutionDescriptor_t){
MIOpen(HIP): 	convDesc = conv3d, miopenConvolution, miopenPaddingDefault, {0, 0, 0}, {1, 2, 2}, {1, 1, 1}, 
MIOpen(HIP): }
MIOpen(HIP): miopenStatus_t miopenDestroyTensorDescriptor(miopenTensorDescriptor_t){
MIOpen(HIP): 	tensorDesc = {3072, 48, 1, 2, 2}, {192, 1, 192, 96, 48}, packed, 
MIOpen(HIP): }
MIOpen(HIP): miopenStatus_t miopenDestroyTensorDescriptor(miopenTensorDescriptor_t){
MIOpen(HIP): 	tensorDesc = {1, 3072, 1, 34, 25}, {2611200, 1, 2611200, 76800, 3072}, packed, 
MIOpen(HIP): }
MIOpen(HIP): miopenStatus_t miopenDestroyTensorDescriptor(miopenTensorDescriptor_t){
MIOpen(HIP): 	tensorDesc = {1, 48, 1, 68, 50}, {163200, 1, 163200, 2400, 48}, packed, 
MIOpen(HIP): }
 72%|███████▏  | 36/50 [00:19<00:07,  1.85it/s]MIOpen(HIP): Info [get_device_name] Raw device name: gfx1100
MIOpen(HIP): Info [SetStream] stream: 0, device_id: 0
MIOpen(HIP): miopenStatus_t miopenCreateTensorDescriptor(miopenTensorDescriptor_t *){
MIOpen(HIP): 	tensorDesc = 0x5
MIOpen(HIP): }
MIOpen(HIP): miopenStatus_t miopenSetTensorDescriptor(miopenTensorDescriptor_t, miopenDataType_t, int, const int *, const int *){
MIOpen(HIP): 	tensorDesc = {}, {}, packed, 
MIOpen(HIP): 	dataType = 5
MIOpen(HIP): 	nbDims = 5
MIOpen(HIP): 	dim.values = { 1 48 1 68 50 }
MIOpen(HIP): 	stride.values = { 163200 1 163200 2400 48 }
MIOpen(HIP): }
MIOpen(HIP): miopenStatus_t miopenCreateTensorDescriptor(miopenTensorDescriptor_t *){
MIOpen(HIP): 	tensorDesc = 0x96000027d80
MIOpen(HIP): }
MIOpen(HIP): miopenStatus_t miopenSetTensorDescriptor(miopenTensorDescriptor_t, miopenDataType_t, int, const int *, const int *){
MIOpen(HIP): 	tensorDesc = {}, {}, packed, 
MIOpen(HIP): 	dataType = 5
MIOpen(HIP): 	nbDims = 5
MIOpen(HIP): 	dim.values = { 3072 48 1 2 2 }
MIOpen(HIP): 	stride.values = { 192 1 192 96 48 }
MIOpen(HIP): }
MIOpen(HIP): miopenStatus_t miopenCreateTensorDescriptor(miopenTensorDescriptor_t *){
MIOpen(HIP): 	tensorDesc = 0x7d7626d37df6
MIOpen(HIP): }
MIOpen(HIP): miopenStatus_t miopenSetTensorDescriptor(miopenTensorDescriptor_t, miopenDataType_t, int, const int *, const int *){
MIOpen(HIP): 	tensorDesc = {}, {}, packed, 
MIOpen(HIP): 	dataType = 5
MIOpen(HIP): 	nbDims = 5
MIOpen(HIP): 	dim.values = { 1 3072 1 34 25 }
MIOpen(HIP): 	stride.values = { 2611200 1 2611200 76800 3072 }
MIOpen(HIP): }
MIOpen(HIP): miopenStatus_t miopenCreateConvolutionDescriptor(miopenConvolutionDescriptor_t *){
MIOpen(HIP): 	convDesc = 0x7ffd68b9f800
MIOpen(HIP): }
MIOpen(HIP): miopenStatus_t miopenInitConvolutionNdDescriptor(miopenConvolutionDescriptor_t, int, const int *, const int *, const int *, miopenConvolutionMode_t){
MIOpen(HIP): 	convDesc = conv2d, miopenConvolution, miopenPaddingDefault, {0, 0}, {1, 1}, {1, 1}, 
MIOpen(HIP): 	spatialDim = 3
MIOpen(HIP): 	pads = { 0 0 0 }
MIOpen(HIP): 	strides = { 1 2 2 }
MIOpen(HIP): 	dilations = { 1 1 1 }
MIOpen(HIP): 	c_mode = 0
MIOpen(HIP): }
MIOpen(HIP): miopenStatus_t miopenSetConvolutionGroupCount(miopenConvolutionDescriptor_t, int){
MIOpen(HIP): 	convDesc = conv3d, miopenConvolution, miopenPaddingDefault, {0, 0, 0}, {1, 2, 2}, {1, 1, 1}, 
MIOpen(HIP): 	groupCount = 1
MIOpen(HIP): }
MIOpen(HIP): miopenStatus_t miopenSetConvolutionAttribute(miopenConvolutionDescriptor_t, const miopenConvolutionAttrib_t, const int){
MIOpen(HIP): 	convDesc = conv3d, miopenConvolution, miopenPaddingDefault, {0, 0, 0}, {1, 2, 2}, {1, 1, 1}, 
MIOpen(HIP): 	attr = 1
MIOpen(HIP): 	value = 0
MIOpen(HIP): }
MIOpen(HIP): miopenStatus_t miopenConvolutionForward(miopenHandle_t, const void *, const miopenTensorDescriptor_t, const void *, const miopenTensorDescriptor_t, const void *, const miopenConvolutionDescriptor_t, miopenConvFwdAlgorithm_t, const void *, const miopenTensorDescriptor_t, void *, void *, size_t){
MIOpen(HIP): 	handle = stream: 0, device_id: 0
MIOpen(HIP): 	alpha = 0x7ffd68b9f548
MIOpen(HIP): 	xDesc = {1, 48, 1, 68, 50}, {163200, 1, 163200, 2400, 48}, packed, 
MIOpen(HIP): 	x = 0x7d6dcba00000
MIOpen(HIP): 	wDesc = {3072, 48, 1, 2, 2}, {192, 1, 192, 96, 48}, packed, 
MIOpen(HIP): 	w = 0x7d6e34e00000
MIOpen(HIP): 	convDesc = conv3d, miopenConvolution, miopenPaddingDefault, {0, 0, 0}, {1, 2, 2}, {1, 1, 1}, 
MIOpen(HIP): 	algo = 5
MIOpen(HIP): 	beta = 0x7ffd68b9f550
MIOpen(HIP): 	yDesc = {1, 3072, 1, 34, 25}, {2611200, 1, 2611200, 76800, 3072}, packed, 
MIOpen(HIP): 	y = 0x7d6dd9c20000
MIOpen(HIP): 	workSpace = nullptr
MIOpen(HIP): 	workSpaceSize = 0
MIOpen(HIP): }
MIOpen(HIP): Command [LogCmdConvolution] ./bin/MIOpenDriver convbfp16 -n 1 -c 48 --in_d 1 -H 68 -W 50 -k 3072 --fil_d 1 -y 2 -x 2 --pad_d 0 -p 0 -q 0 --conv_stride_d 1 -u 2 -v 2 --dilation_d 1 -l 1 -j 1 --spatial_dim 3 --in_layout NDHWC --fil_layout NDHWC --out_layout NDHWC -m conv -g 1 -F 1 -t 1
MIOpen(HIP): Info [ConvolutionForward] algo = 5, workspace = 0
MIOpen(HIP): Info2 [GetInvoker] Returning an invoker for problem 48x1x68x50x1x2x2x3072x1x34x25x1xNDHWCxNDHWCxNDHWCxBF16x0x0x0x1x2x2x1x1x1x1xFxDefault and algorithm miopenConvolutionFwdAlgoImplicitGEMM
MIOpen(HIP): miopenStatus_t miopenDestroyConvolutionDescriptor(miopenConvolutionDescriptor_t){
MIOpen(HIP): 	convDesc = conv3d, miopenConvolution, miopenPaddingDefault, {0, 0, 0}, {1, 2, 2}, {1, 1, 1}, 
MIOpen(HIP): }
MIOpen(HIP): miopenStatus_t miopenDestroyTensorDescriptor(miopenTensorDescriptor_t){
MIOpen(HIP): 	tensorDesc = {3072, 48, 1, 2, 2}, {192, 1, 192, 96, 48}, packed, 
MIOpen(HIP): }
MIOpen(HIP): miopenStatus_t miopenDestroyTensorDescriptor(miopenTensorDescriptor_t){
MIOpen(HIP): 	tensorDesc = {1, 3072, 1, 34, 25}, {2611200, 1, 2611200, 76800, 3072}, packed, 
MIOpen(HIP): }
MIOpen(HIP): miopenStatus_t miopenDestroyTensorDescriptor(miopenTensorDescriptor_t){
MIOpen(HIP): 	tensorDesc = {1, 48, 1, 68, 50}, {163200, 1, 163200, 2400, 48}, packed, 
MIOpen(HIP): }
MIOpen(HIP): Info [get_device_name] Raw device name: gfx1100
MIOpen(HIP): Info [SetStream] stream: 0, device_id: 0
MIOpen(HIP): miopenStatus_t miopenCreateTensorDescriptor(miopenTensorDescriptor_t *){
MIOpen(HIP): 	tensorDesc = 0x5
MIOpen(HIP): }
MIOpen(HIP): miopenStatus_t miopenSetTensorDescriptor(miopenTensorDescriptor_t, miopenDataType_t, int, const int *, const int *){
MIOpen(HIP): 	tensorDesc = {}, {}, packed, 
MIOpen(HIP): 	dataType = 5
MIOpen(HIP): 	nbDims = 5
MIOpen(HIP): 	dim.values = { 1 48 1 68 50 }
MIOpen(HIP): 	stride.values = { 163200 1 163200 2400 48 }
MIOpen(HIP): }
MIOpen(HIP): miopenStatus_t miopenCreateTensorDescriptor(miopenTensorDescriptor_t *){
MIOpen(HIP): 	tensorDesc = 0x96000027d80
MIOpen(HIP): }
MIOpen(HIP): miopenStatus_t miopenSetTensorDescriptor(miopenTensorDescriptor_t, miopenDataType_t, int, const int *, const int *){
MIOpen(HIP): 	tensorDesc = {}, {}, packed, 
MIOpen(HIP): 	dataType = 5
MIOpen(HIP): 	nbDims = 5
MIOpen(HIP): 	dim.values = { 3072 48 1 2 2 }
MIOpen(HIP): 	stride.values = { 192 1 192 96 48 }
MIOpen(HIP): }
MIOpen(HIP): miopenStatus_t miopenCreateTensorDescriptor(miopenTensorDescriptor_t *){
MIOpen(HIP): 	tensorDesc = 0x7d7626d37df6
MIOpen(HIP): }
MIOpen(HIP): miopenStatus_t miopenSetTensorDescriptor(miopenTensorDescriptor_t, miopenDataType_t, int, const int *, const int *){
MIOpen(HIP): 	tensorDesc = {}, {}, packed, 
MIOpen(HIP): 	dataType = 5
MIOpen(HIP): 	nbDims = 5
MIOpen(HIP): 	dim.values = { 1 3072 1 34 25 }
MIOpen(HIP): 	stride.values = { 2611200 1 2611200 76800 3072 }
MIOpen(HIP): }
MIOpen(HIP): miopenStatus_t miopenCreateConvolutionDescriptor(miopenConvolutionDescriptor_t *){
MIOpen(HIP): 	convDesc = 0x7ffd68b9f800
MIOpen(HIP): }
MIOpen(HIP): miopenStatus_t miopenInitConvolutionNdDescriptor(miopenConvolutionDescriptor_t, int, const int *, const int *, const int *, miopenConvolutionMode_t){
MIOpen(HIP): 	convDesc = conv2d, miopenConvolution, miopenPaddingDefault, {0, 0}, {1, 1}, {1, 1}, 
MIOpen(HIP): 	spatialDim = 3
MIOpen(HIP): 	pads = { 0 0 0 }
MIOpen(HIP): 	strides = { 1 2 2 }
MIOpen(HIP): 	dilations = { 1 1 1 }
MIOpen(HIP): 	c_mode = 0
MIOpen(HIP): }
MIOpen(HIP): miopenStatus_t miopenSetConvolutionGroupCount(miopenConvolutionDescriptor_t, int){
MIOpen(HIP): 	convDesc = conv3d, miopenConvolution, miopenPaddingDefault, {0, 0, 0}, {1, 2, 2}, {1, 1, 1}, 
MIOpen(HIP): 	groupCount = 1
MIOpen(HIP): }
MIOpen(HIP): miopenStatus_t miopenSetConvolutionAttribute(miopenConvolutionDescriptor_t, const miopenConvolutionAttrib_t, const int){
MIOpen(HIP): 	convDesc = conv3d, miopenConvolution, miopenPaddingDefault, {0, 0, 0}, {1, 2, 2}, {1, 1, 1}, 
MIOpen(HIP): 	attr = 1
MIOpen(HIP): 	value = 0
MIOpen(HIP): }
MIOpen(HIP): miopenStatus_t miopenConvolutionForward(miopenHandle_t, const void *, const miopenTensorDescriptor_t, const void *, const miopenTensorDescriptor_t, const void *, const miopenConvolutionDescriptor_t, miopenConvFwdAlgorithm_t, const void *, const miopenTensorDescriptor_t, void *, void *, size_t){
MIOpen(HIP): 	handle = stream: 0, device_id: 0
MIOpen(HIP): 	alpha = 0x7ffd68b9f548
MIOpen(HIP): 	xDesc = {1, 48, 1, 68, 50}, {163200, 1, 163200, 2400, 48}, packed, 
MIOpen(HIP): 	x = 0x7d705db9f600
MIOpen(HIP): 	wDesc = {3072, 48, 1, 2, 2}, {192, 1, 192, 96, 48}, packed, 
MIOpen(HIP): 	w = 0x7d6e34e00000
MIOpen(HIP): 	convDesc = conv3d, miopenConvolution, miopenPaddingDefault, {0, 0, 0}, {1, 2, 2}, {1, 1, 1}, 
MIOpen(HIP): 	algo = 5
MIOpen(HIP): 	beta = 0x7ffd68b9f550
MIOpen(HIP): 	yDesc = {1, 3072, 1, 34, 25}, {2611200, 1, 2611200, 76800, 3072}, packed, 
MIOpen(HIP): 	y = 0x7d6dd9c20000
MIOpen(HIP): 	workSpace = nullptr
MIOpen(HIP): 	workSpaceSize = 0
MIOpen(HIP): }
MIOpen(HIP): Command [LogCmdConvolution] ./bin/MIOpenDriver convbfp16 -n 1 -c 48 --in_d 1 -H 68 -W 50 -k 3072 --fil_d 1 -y 2 -x 2 --pad_d 0 -p 0 -q 0 --conv_stride_d 1 -u 2 -v 2 --dilation_d 1 -l 1 -j 1 --spatial_dim 3 --in_layout NDHWC --fil_layout NDHWC --out_layout NDHWC -m conv -g 1 -F 1 -t 1
MIOpen(HIP): Info [ConvolutionForward] algo = 5, workspace = 0
MIOpen(HIP): Info2 [GetInvoker] Returning an invoker for problem 48x1x68x50x1x2x2x3072x1x34x25x1xNDHWCxNDHWCxNDHWCxBF16x0x0x0x1x2x2x1x1x1x1xFxDefault and algorithm miopenConvolutionFwdAlgoImplicitGEMM
MIOpen(HIP): miopenStatus_t miopenDestroyConvolutionDescriptor(miopenConvolutionDescriptor_t){
MIOpen(HIP): 	convDesc = conv3d, miopenConvolution, miopenPaddingDefault, {0, 0, 0}, {1, 2, 2}, {1, 1, 1}, 
MIOpen(HIP): }
MIOpen(HIP): miopenStatus_t miopenDestroyTensorDescriptor(miopenTensorDescriptor_t){
MIOpen(HIP): 	tensorDesc = {3072, 48, 1, 2, 2}, {192, 1, 192, 96, 48}, packed, 
MIOpen(HIP): }
MIOpen(HIP): miopenStatus_t miopenDestroyTensorDescriptor(miopenTensorDescriptor_t){
MIOpen(HIP): 	tensorDesc = {1, 3072, 1, 34, 25}, {2611200, 1, 2611200, 76800, 3072}, packed, 
MIOpen(HIP): }
MIOpen(HIP): miopenStatus_t miopenDestroyTensorDescriptor(miopenTensorDescriptor_t){
MIOpen(HIP): 	tensorDesc = {1, 48, 1, 68, 50}, {163200, 1, 163200, 2400, 48}, packed, 
MIOpen(HIP): }
 74%|███████▍  | 37/50 [00:20<00:07,  1.85it/s]MIOpen(HIP): Info [get_device_name] Raw device name: gfx1100
MIOpen(HIP): Info [SetStream] stream: 0, device_id: 0
MIOpen(HIP): miopenStatus_t miopenCreateTensorDescriptor(miopenTensorDescriptor_t *){
MIOpen(HIP): 	tensorDesc = 0x5
MIOpen(HIP): }
MIOpen(HIP): miopenStatus_t miopenSetTensorDescriptor(miopenTensorDescriptor_t, miopenDataType_t, int, const int *, const int *){
MIOpen(HIP): 	tensorDesc = {}, {}, packed, 
MIOpen(HIP): 	dataType = 5
MIOpen(HIP): 	nbDims = 5
MIOpen(HIP): 	dim.values = { 1 48 1 68 50 }
MIOpen(HIP): 	stride.values = { 163200 1 163200 2400 48 }
MIOpen(HIP): }
MIOpen(HIP): miopenStatus_t miopenCreateTensorDescriptor(miopenTensorDescriptor_t *){
MIOpen(HIP): 	tensorDesc = 0x96000027d80
MIOpen(HIP): }
MIOpen(HIP): miopenStatus_t miopenSetTensorDescriptor(miopenTensorDescriptor_t, miopenDataType_t, int, const int *, const int *){
MIOpen(HIP): 	tensorDesc = {}, {}, packed, 
MIOpen(HIP): 	dataType = 5
MIOpen(HIP): 	nbDims = 5
MIOpen(HIP): 	dim.values = { 3072 48 1 2 2 }
MIOpen(HIP): 	stride.values = { 192 1 192 96 48 }
MIOpen(HIP): }
MIOpen(HIP): miopenStatus_t miopenCreateTensorDescriptor(miopenTensorDescriptor_t *){
MIOpen(HIP): 	tensorDesc = 0x7d7626d37df6
MIOpen(HIP): }
MIOpen(HIP): miopenStatus_t miopenSetTensorDescriptor(miopenTensorDescriptor_t, miopenDataType_t, int, const int *, const int *){
MIOpen(HIP): 	tensorDesc = {}, {}, packed, 
MIOpen(HIP): 	dataType = 5
MIOpen(HIP): 	nbDims = 5
MIOpen(HIP): 	dim.values = { 1 3072 1 34 25 }
MIOpen(HIP): 	stride.values = { 2611200 1 2611200 76800 3072 }
MIOpen(HIP): }
MIOpen(HIP): miopenStatus_t miopenCreateConvolutionDescriptor(miopenConvolutionDescriptor_t *){
MIOpen(HIP): 	convDesc = 0x7ffd68b9f800
MIOpen(HIP): }
MIOpen(HIP): miopenStatus_t miopenInitConvolutionNdDescriptor(miopenConvolutionDescriptor_t, int, const int *, const int *, const int *, miopenConvolutionMode_t){
MIOpen(HIP): 	convDesc = conv2d, miopenConvolution, miopenPaddingDefault, {0, 0}, {1, 1}, {1, 1}, 
MIOpen(HIP): 	spatialDim = 3
MIOpen(HIP): 	pads = { 0 0 0 }
MIOpen(HIP): 	strides = { 1 2 2 }
MIOpen(HIP): 	dilations = { 1 1 1 }
MIOpen(HIP): 	c_mode = 0
MIOpen(HIP): }
MIOpen(HIP): miopenStatus_t miopenSetConvolutionGroupCount(miopenConvolutionDescriptor_t, int){
MIOpen(HIP): 	convDesc = conv3d, miopenConvolution, miopenPaddingDefault, {0, 0, 0}, {1, 2, 2}, {1, 1, 1}, 
MIOpen(HIP): 	groupCount = 1
MIOpen(HIP): }
MIOpen(HIP): miopenStatus_t miopenSetConvolutionAttribute(miopenConvolutionDescriptor_t, const miopenConvolutionAttrib_t, const int){
MIOpen(HIP): 	convDesc = conv3d, miopenConvolution, miopenPaddingDefault, {0, 0, 0}, {1, 2, 2}, {1, 1, 1}, 
MIOpen(HIP): 	attr = 1
MIOpen(HIP): 	value = 0
MIOpen(HIP): }
MIOpen(HIP): miopenStatus_t miopenConvolutionForward(miopenHandle_t, const void *, const miopenTensorDescriptor_t, const void *, const miopenTensorDescriptor_t, const void *, const miopenConvolutionDescriptor_t, miopenConvFwdAlgorithm_t, const void *, const miopenTensorDescriptor_t, void *, void *, size_t){
MIOpen(HIP): 	handle = stream: 0, device_id: 0
MIOpen(HIP): 	alpha = 0x7ffd68b9f548
MIOpen(HIP): 	xDesc = {1, 48, 1, 68, 50}, {163200, 1, 163200, 2400, 48}, packed, 
MIOpen(HIP): 	x = 0x7d705db9f600
MIOpen(HIP): 	wDesc = {3072, 48, 1, 2, 2}, {192, 1, 192, 96, 48}, packed, 
MIOpen(HIP): 	w = 0x7d6e34e00000
MIOpen(HIP): 	convDesc = conv3d, miopenConvolution, miopenPaddingDefault, {0, 0, 0}, {1, 2, 2}, {1, 1, 1}, 
MIOpen(HIP): 	algo = 5
MIOpen(HIP): 	beta = 0x7ffd68b9f550
MIOpen(HIP): 	yDesc = {1, 3072, 1, 34, 25}, {2611200, 1, 2611200, 76800, 3072}, packed, 
MIOpen(HIP): 	y = 0x7d6dd9c20000
MIOpen(HIP): 	workSpace = nullptr
MIOpen(HIP): 	workSpaceSize = 0
MIOpen(HIP): }
MIOpen(HIP): Command [LogCmdConvolution] ./bin/MIOpenDriver convbfp16 -n 1 -c 48 --in_d 1 -H 68 -W 50 -k 3072 --fil_d 1 -y 2 -x 2 --pad_d 0 -p 0 -q 0 --conv_stride_d 1 -u 2 -v 2 --dilation_d 1 -l 1 -j 1 --spatial_dim 3 --in_layout NDHWC --fil_layout NDHWC --out_layout NDHWC -m conv -g 1 -F 1 -t 1
MIOpen(HIP): Info [ConvolutionForward] algo = 5, workspace = 0
MIOpen(HIP): Info2 [GetInvoker] Returning an invoker for problem 48x1x68x50x1x2x2x3072x1x34x25x1xNDHWCxNDHWCxNDHWCxBF16x0x0x0x1x2x2x1x1x1x1xFxDefault and algorithm miopenConvolutionFwdAlgoImplicitGEMM
MIOpen(HIP): miopenStatus_t miopenDestroyConvolutionDescriptor(miopenConvolutionDescriptor_t){
MIOpen(HIP): 	convDesc = conv3d, miopenConvolution, miopenPaddingDefault, {0, 0, 0}, {1, 2, 2}, {1, 1, 1}, 
MIOpen(HIP): }
MIOpen(HIP): miopenStatus_t miopenDestroyTensorDescriptor(miopenTensorDescriptor_t){
MIOpen(HIP): 	tensorDesc = {3072, 48, 1, 2, 2}, {192, 1, 192, 96, 48}, packed, 
MIOpen(HIP): }
MIOpen(HIP): miopenStatus_t miopenDestroyTensorDescriptor(miopenTensorDescriptor_t){
MIOpen(HIP): 	tensorDesc = {1, 3072, 1, 34, 25}, {2611200, 1, 2611200, 76800, 3072}, packed, 
MIOpen(HIP): }
MIOpen(HIP): miopenStatus_t miopenDestroyTensorDescriptor(miopenTensorDescriptor_t){
MIOpen(HIP): 	tensorDesc = {1, 48, 1, 68, 50}, {163200, 1, 163200, 2400, 48}, packed, 
MIOpen(HIP): }
MIOpen(HIP): Info [get_device_name] Raw device name: gfx1100
MIOpen(HIP): Info [SetStream] stream: 0, device_id: 0
MIOpen(HIP): miopenStatus_t miopenCreateTensorDescriptor(miopenTensorDescriptor_t *){
MIOpen(HIP): 	tensorDesc = 0x5
MIOpen(HIP): }
MIOpen(HIP): miopenStatus_t miopenSetTensorDescriptor(miopenTensorDescriptor_t, miopenDataType_t, int, const int *, const int *){
MIOpen(HIP): 	tensorDesc = {}, {}, packed, 
MIOpen(HIP): 	dataType = 5
MIOpen(HIP): 	nbDims = 5
MIOpen(HIP): 	dim.values = { 1 48 1 68 50 }
MIOpen(HIP): 	stride.values = { 163200 1 163200 2400 48 }
MIOpen(HIP): }
MIOpen(HIP): miopenStatus_t miopenCreateTensorDescriptor(miopenTensorDescriptor_t *){
MIOpen(HIP): 	tensorDesc = 0x96000027d80
MIOpen(HIP): }
MIOpen(HIP): miopenStatus_t miopenSetTensorDescriptor(miopenTensorDescriptor_t, miopenDataType_t, int, const int *, const int *){
MIOpen(HIP): 	tensorDesc = {}, {}, packed, 
MIOpen(HIP): 	dataType = 5
MIOpen(HIP): 	nbDims = 5
MIOpen(HIP): 	dim.values = { 3072 48 1 2 2 }
MIOpen(HIP): 	stride.values = { 192 1 192 96 48 }
MIOpen(HIP): }
MIOpen(HIP): miopenStatus_t miopenCreateTensorDescriptor(miopenTensorDescriptor_t *){
MIOpen(HIP): 	tensorDesc = 0x7d7626d37df6
MIOpen(HIP): }
MIOpen(HIP): miopenStatus_t miopenSetTensorDescriptor(miopenTensorDescriptor_t, miopenDataType_t, int, const int *, const int *){
MIOpen(HIP): 	tensorDesc = {}, {}, packed, 
MIOpen(HIP): 	dataType = 5
MIOpen(HIP): 	nbDims = 5
MIOpen(HIP): 	dim.values = { 1 3072 1 34 25 }
MIOpen(HIP): 	stride.values = { 2611200 1 2611200 76800 3072 }
MIOpen(HIP): }
MIOpen(HIP): miopenStatus_t miopenCreateConvolutionDescriptor(miopenConvolutionDescriptor_t *){
MIOpen(HIP): 	convDesc = 0x7ffd68b9f800
MIOpen(HIP): }
MIOpen(HIP): miopenStatus_t miopenInitConvolutionNdDescriptor(miopenConvolutionDescriptor_t, int, const int *, const int *, const int *, miopenConvolutionMode_t){
MIOpen(HIP): 	convDesc = conv2d, miopenConvolution, miopenPaddingDefault, {0, 0}, {1, 1}, {1, 1}, 
MIOpen(HIP): 	spatialDim = 3
MIOpen(HIP): 	pads = { 0 0 0 }
MIOpen(HIP): 	strides = { 1 2 2 }
MIOpen(HIP): 	dilations = { 1 1 1 }
MIOpen(HIP): 	c_mode = 0
MIOpen(HIP): }
MIOpen(HIP): miopenStatus_t miopenSetConvolutionGroupCount(miopenConvolutionDescriptor_t, int){
MIOpen(HIP): 	convDesc = conv3d, miopenConvolution, miopenPaddingDefault, {0, 0, 0}, {1, 2, 2}, {1, 1, 1}, 
MIOpen(HIP): 	groupCount = 1
MIOpen(HIP): }
MIOpen(HIP): miopenStatus_t miopenSetConvolutionAttribute(miopenConvolutionDescriptor_t, const miopenConvolutionAttrib_t, const int){
MIOpen(HIP): 	convDesc = conv3d, miopenConvolution, miopenPaddingDefault, {0, 0, 0}, {1, 2, 2}, {1, 1, 1}, 
MIOpen(HIP): 	attr = 1
MIOpen(HIP): 	value = 0
MIOpen(HIP): }
MIOpen(HIP): miopenStatus_t miopenConvolutionForward(miopenHandle_t, const void *, const miopenTensorDescriptor_t, const void *, const miopenTensorDescriptor_t, const void *, const miopenConvolutionDescriptor_t, miopenConvFwdAlgorithm_t, const void *, const miopenTensorDescriptor_t, void *, void *, size_t){
MIOpen(HIP): 	handle = stream: 0, device_id: 0
MIOpen(HIP): 	alpha = 0x7ffd68b9f548
MIOpen(HIP): 	xDesc = {1, 48, 1, 68, 50}, {163200, 1, 163200, 2400, 48}, packed, 
MIOpen(HIP): 	x = 0x7d705db9f600
MIOpen(HIP): 	wDesc = {3072, 48, 1, 2, 2}, {192, 1, 192, 96, 48}, packed, 
MIOpen(HIP): 	w = 0x7d6e34e00000
MIOpen(HIP): 	convDesc = conv3d, miopenConvolution, miopenPaddingDefault, {0, 0, 0}, {1, 2, 2}, {1, 1, 1}, 
MIOpen(HIP): 	algo = 5
MIOpen(HIP): 	beta = 0x7ffd68b9f550
MIOpen(HIP): 	yDesc = {1, 3072, 1, 34, 25}, {2611200, 1, 2611200, 76800, 3072}, packed, 
MIOpen(HIP): 	y = 0x7d6dd9c20000
MIOpen(HIP): 	workSpace = nullptr
MIOpen(HIP): 	workSpaceSize = 0
MIOpen(HIP): }
MIOpen(HIP): Command [LogCmdConvolution] ./bin/MIOpenDriver convbfp16 -n 1 -c 48 --in_d 1 -H 68 -W 50 -k 3072 --fil_d 1 -y 2 -x 2 --pad_d 0 -p 0 -q 0 --conv_stride_d 1 -u 2 -v 2 --dilation_d 1 -l 1 -j 1 --spatial_dim 3 --in_layout NDHWC --fil_layout NDHWC --out_layout NDHWC -m conv -g 1 -F 1 -t 1
MIOpen(HIP): Info [ConvolutionForward] algo = 5, workspace = 0
MIOpen(HIP): Info2 [GetInvoker] Returning an invoker for problem 48x1x68x50x1x2x2x3072x1x34x25x1xNDHWCxNDHWCxNDHWCxBF16x0x0x0x1x2x2x1x1x1x1xFxDefault and algorithm miopenConvolutionFwdAlgoImplicitGEMM
MIOpen(HIP): miopenStatus_t miopenDestroyConvolutionDescriptor(miopenConvolutionDescriptor_t){
MIOpen(HIP): 	convDesc = conv3d, miopenConvolution, miopenPaddingDefault, {0, 0, 0}, {1, 2, 2}, {1, 1, 1}, 
MIOpen(HIP): }
MIOpen(HIP): miopenStatus_t miopenDestroyTensorDescriptor(miopenTensorDescriptor_t){
MIOpen(HIP): 	tensorDesc = {3072, 48, 1, 2, 2}, {192, 1, 192, 96, 48}, packed, 
MIOpen(HIP): }
MIOpen(HIP): miopenStatus_t miopenDestroyTensorDescriptor(miopenTensorDescriptor_t){
MIOpen(HIP): 	tensorDesc = {1, 3072, 1, 34, 25}, {2611200, 1, 2611200, 76800, 3072}, packed, 
MIOpen(HIP): }
MIOpen(HIP): miopenStatus_t miopenDestroyTensorDescriptor(miopenTensorDescriptor_t){
MIOpen(HIP): 	tensorDesc = {1, 48, 1, 68, 50}, {163200, 1, 163200, 2400, 48}, packed, 
MIOpen(HIP): }
 76%|███████▌  | 38/50 [00:21<00:06,  1.85it/s]MIOpen(HIP): Info [get_device_name] Raw device name: gfx1100
MIOpen(HIP): Info [SetStream] stream: 0, device_id: 0
MIOpen(HIP): miopenStatus_t miopenCreateTensorDescriptor(miopenTensorDescriptor_t *){
MIOpen(HIP): 	tensorDesc = 0x5
MIOpen(HIP): }
MIOpen(HIP): miopenStatus_t miopenSetTensorDescriptor(miopenTensorDescriptor_t, miopenDataType_t, int, const int *, const int *){
MIOpen(HIP): 	tensorDesc = {}, {}, packed, 
MIOpen(HIP): 	dataType = 5
MIOpen(HIP): 	nbDims = 5
MIOpen(HIP): 	dim.values = { 1 48 1 68 50 }
MIOpen(HIP): 	stride.values = { 163200 1 163200 2400 48 }
MIOpen(HIP): }
MIOpen(HIP): miopenStatus_t miopenCreateTensorDescriptor(miopenTensorDescriptor_t *){
MIOpen(HIP): 	tensorDesc = 0x96000027d80
MIOpen(HIP): }
MIOpen(HIP): miopenStatus_t miopenSetTensorDescriptor(miopenTensorDescriptor_t, miopenDataType_t, int, const int *, const int *){
MIOpen(HIP): 	tensorDesc = {}, {}, packed, 
MIOpen(HIP): 	dataType = 5
MIOpen(HIP): 	nbDims = 5
MIOpen(HIP): 	dim.values = { 3072 48 1 2 2 }
MIOpen(HIP): 	stride.values = { 192 1 192 96 48 }
MIOpen(HIP): }
MIOpen(HIP): miopenStatus_t miopenCreateTensorDescriptor(miopenTensorDescriptor_t *){
MIOpen(HIP): 	tensorDesc = 0x7d7626d37df6
MIOpen(HIP): }
MIOpen(HIP): miopenStatus_t miopenSetTensorDescriptor(miopenTensorDescriptor_t, miopenDataType_t, int, const int *, const int *){
MIOpen(HIP): 	tensorDesc = {}, {}, packed, 
MIOpen(HIP): 	dataType = 5
MIOpen(HIP): 	nbDims = 5
MIOpen(HIP): 	dim.values = { 1 3072 1 34 25 }
MIOpen(HIP): 	stride.values = { 2611200 1 2611200 76800 3072 }
MIOpen(HIP): }
MIOpen(HIP): miopenStatus_t miopenCreateConvolutionDescriptor(miopenConvolutionDescriptor_t *){
MIOpen(HIP): 	convDesc = 0x7ffd68b9f800
MIOpen(HIP): }
MIOpen(HIP): miopenStatus_t miopenInitConvolutionNdDescriptor(miopenConvolutionDescriptor_t, int, const int *, const int *, const int *, miopenConvolutionMode_t){
MIOpen(HIP): 	convDesc = conv2d, miopenConvolution, miopenPaddingDefault, {0, 0}, {1, 1}, {1, 1}, 
MIOpen(HIP): 	spatialDim = 3
MIOpen(HIP): 	pads = { 0 0 0 }
MIOpen(HIP): 	strides = { 1 2 2 }
MIOpen(HIP): 	dilations = { 1 1 1 }
MIOpen(HIP): 	c_mode = 0
MIOpen(HIP): }
MIOpen(HIP): miopenStatus_t miopenSetConvolutionGroupCount(miopenConvolutionDescriptor_t, int){
MIOpen(HIP): 	convDesc = conv3d, miopenConvolution, miopenPaddingDefault, {0, 0, 0}, {1, 2, 2}, {1, 1, 1}, 
MIOpen(HIP): 	groupCount = 1
MIOpen(HIP): }
MIOpen(HIP): miopenStatus_t miopenSetConvolutionAttribute(miopenConvolutionDescriptor_t, const miopenConvolutionAttrib_t, const int){
MIOpen(HIP): 	convDesc = conv3d, miopenConvolution, miopenPaddingDefault, {0, 0, 0}, {1, 2, 2}, {1, 1, 1}, 
MIOpen(HIP): 	attr = 1
MIOpen(HIP): 	value = 0
MIOpen(HIP): }
MIOpen(HIP): miopenStatus_t miopenConvolutionForward(miopenHandle_t, const void *, const miopenTensorDescriptor_t, const void *, const miopenTensorDescriptor_t, const void *, const miopenConvolutionDescriptor_t, miopenConvFwdAlgorithm_t, const void *, const miopenTensorDescriptor_t, void *, void *, size_t){
MIOpen(HIP): 	handle = stream: 0, device_id: 0
MIOpen(HIP): 	alpha = 0x7ffd68b9f548
MIOpen(HIP): 	xDesc = {1, 48, 1, 68, 50}, {163200, 1, 163200, 2400, 48}, packed, 
MIOpen(HIP): 	x = 0x7d705db00000
MIOpen(HIP): 	wDesc = {3072, 48, 1, 2, 2}, {192, 1, 192, 96, 48}, packed, 
MIOpen(HIP): 	w = 0x7d6e34e00000
MIOpen(HIP): 	convDesc = conv3d, miopenConvolution, miopenPaddingDefault, {0, 0, 0}, {1, 2, 2}, {1, 1, 1}, 
MIOpen(HIP): 	algo = 5
MIOpen(HIP): 	beta = 0x7ffd68b9f550
MIOpen(HIP): 	yDesc = {1, 3072, 1, 34, 25}, {2611200, 1, 2611200, 76800, 3072}, packed, 
MIOpen(HIP): 	y = 0x7d6dd9c20000
MIOpen(HIP): 	workSpace = nullptr
MIOpen(HIP): 	workSpaceSize = 0
MIOpen(HIP): }
MIOpen(HIP): Command [LogCmdConvolution] ./bin/MIOpenDriver convbfp16 -n 1 -c 48 --in_d 1 -H 68 -W 50 -k 3072 --fil_d 1 -y 2 -x 2 --pad_d 0 -p 0 -q 0 --conv_stride_d 1 -u 2 -v 2 --dilation_d 1 -l 1 -j 1 --spatial_dim 3 --in_layout NDHWC --fil_layout NDHWC --out_layout NDHWC -m conv -g 1 -F 1 -t 1
MIOpen(HIP): Info [ConvolutionForward] algo = 5, workspace = 0
MIOpen(HIP): Info2 [GetInvoker] Returning an invoker for problem 48x1x68x50x1x2x2x3072x1x34x25x1xNDHWCxNDHWCxNDHWCxBF16x0x0x0x1x2x2x1x1x1x1xFxDefault and algorithm miopenConvolutionFwdAlgoImplicitGEMM
MIOpen(HIP): miopenStatus_t miopenDestroyConvolutionDescriptor(miopenConvolutionDescriptor_t){
MIOpen(HIP): 	convDesc = conv3d, miopenConvolution, miopenPaddingDefault, {0, 0, 0}, {1, 2, 2}, {1, 1, 1}, 
MIOpen(HIP): }
MIOpen(HIP): miopenStatus_t miopenDestroyTensorDescriptor(miopenTensorDescriptor_t){
MIOpen(HIP): 	tensorDesc = {3072, 48, 1, 2, 2}, {192, 1, 192, 96, 48}, packed, 
MIOpen(HIP): }
MIOpen(HIP): miopenStatus_t miopenDestroyTensorDescriptor(miopenTensorDescriptor_t){
MIOpen(HIP): 	tensorDesc = {1, 3072, 1, 34, 25}, {2611200, 1, 2611200, 76800, 3072}, packed, 
MIOpen(HIP): }
MIOpen(HIP): miopenStatus_t miopenDestroyTensorDescriptor(miopenTensorDescriptor_t){
MIOpen(HIP): 	tensorDesc = {1, 48, 1, 68, 50}, {163200, 1, 163200, 2400, 48}, packed, 
MIOpen(HIP): }
MIOpen(HIP): Info [get_device_name] Raw device name: gfx1100
MIOpen(HIP): Info [SetStream] stream: 0, device_id: 0
MIOpen(HIP): miopenStatus_t miopenCreateTensorDescriptor(miopenTensorDescriptor_t *){
MIOpen(HIP): 	tensorDesc = 0x5
MIOpen(HIP): }
MIOpen(HIP): miopenStatus_t miopenSetTensorDescriptor(miopenTensorDescriptor_t, miopenDataType_t, int, const int *, const int *){
MIOpen(HIP): 	tensorDesc = {}, {}, packed, 
MIOpen(HIP): 	dataType = 5
MIOpen(HIP): 	nbDims = 5
MIOpen(HIP): 	dim.values = { 1 48 1 68 50 }
MIOpen(HIP): 	stride.values = { 163200 1 163200 2400 48 }
MIOpen(HIP): }
MIOpen(HIP): miopenStatus_t miopenCreateTensorDescriptor(miopenTensorDescriptor_t *){
MIOpen(HIP): 	tensorDesc = 0x96000027d80
MIOpen(HIP): }
MIOpen(HIP): miopenStatus_t miopenSetTensorDescriptor(miopenTensorDescriptor_t, miopenDataType_t, int, const int *, const int *){
MIOpen(HIP): 	tensorDesc = {}, {}, packed, 
MIOpen(HIP): 	dataType = 5
MIOpen(HIP): 	nbDims = 5
MIOpen(HIP): 	dim.values = { 3072 48 1 2 2 }
MIOpen(HIP): 	stride.values = { 192 1 192 96 48 }
MIOpen(HIP): }
MIOpen(HIP): miopenStatus_t miopenCreateTensorDescriptor(miopenTensorDescriptor_t *){
MIOpen(HIP): 	tensorDesc = 0x7d7626d37df6
MIOpen(HIP): }
MIOpen(HIP): miopenStatus_t miopenSetTensorDescriptor(miopenTensorDescriptor_t, miopenDataType_t, int, const int *, const int *){
MIOpen(HIP): 	tensorDesc = {}, {}, packed, 
MIOpen(HIP): 	dataType = 5
MIOpen(HIP): 	nbDims = 5
MIOpen(HIP): 	dim.values = { 1 3072 1 34 25 }
MIOpen(HIP): 	stride.values = { 2611200 1 2611200 76800 3072 }
MIOpen(HIP): }
MIOpen(HIP): miopenStatus_t miopenCreateConvolutionDescriptor(miopenConvolutionDescriptor_t *){
MIOpen(HIP): 	convDesc = 0x7ffd68b9f800
MIOpen(HIP): }
MIOpen(HIP): miopenStatus_t miopenInitConvolutionNdDescriptor(miopenConvolutionDescriptor_t, int, const int *, const int *, const int *, miopenConvolutionMode_t){
MIOpen(HIP): 	convDesc = conv2d, miopenConvolution, miopenPaddingDefault, {0, 0}, {1, 1}, {1, 1}, 
MIOpen(HIP): 	spatialDim = 3
MIOpen(HIP): 	pads = { 0 0 0 }
MIOpen(HIP): 	strides = { 1 2 2 }
MIOpen(HIP): 	dilations = { 1 1 1 }
MIOpen(HIP): 	c_mode = 0
MIOpen(HIP): }
MIOpen(HIP): miopenStatus_t miopenSetConvolutionGroupCount(miopenConvolutionDescriptor_t, int){
MIOpen(HIP): 	convDesc = conv3d, miopenConvolution, miopenPaddingDefault, {0, 0, 0}, {1, 2, 2}, {1, 1, 1}, 
MIOpen(HIP): 	groupCount = 1
MIOpen(HIP): }
MIOpen(HIP): miopenStatus_t miopenSetConvolutionAttribute(miopenConvolutionDescriptor_t, const miopenConvolutionAttrib_t, const int){
MIOpen(HIP): 	convDesc = conv3d, miopenConvolution, miopenPaddingDefault, {0, 0, 0}, {1, 2, 2}, {1, 1, 1}, 
MIOpen(HIP): 	attr = 1
MIOpen(HIP): 	value = 0
MIOpen(HIP): }
MIOpen(HIP): miopenStatus_t miopenConvolutionForward(miopenHandle_t, const void *, const miopenTensorDescriptor_t, const void *, const miopenTensorDescriptor_t, const void *, const miopenConvolutionDescriptor_t, miopenConvFwdAlgorithm_t, const void *, const miopenTensorDescriptor_t, void *, void *, size_t){
MIOpen(HIP): 	handle = stream: 0, device_id: 0
MIOpen(HIP): 	alpha = 0x7ffd68b9f548
MIOpen(HIP): 	xDesc = {1, 48, 1, 68, 50}, {163200, 1, 163200, 2400, 48}, packed, 
MIOpen(HIP): 	x = 0x7d705db00000
MIOpen(HIP): 	wDesc = {3072, 48, 1, 2, 2}, {192, 1, 192, 96, 48}, packed, 
MIOpen(HIP): 	w = 0x7d6e34e00000
MIOpen(HIP): 	convDesc = conv3d, miopenConvolution, miopenPaddingDefault, {0, 0, 0}, {1, 2, 2}, {1, 1, 1}, 
MIOpen(HIP): 	algo = 5
MIOpen(HIP): 	beta = 0x7ffd68b9f550
MIOpen(HIP): 	yDesc = {1, 3072, 1, 34, 25}, {2611200, 1, 2611200, 76800, 3072}, packed, 
MIOpen(HIP): 	y = 0x7d6dd9c20000
MIOpen(HIP): 	workSpace = nullptr
MIOpen(HIP): 	workSpaceSize = 0
MIOpen(HIP): }
MIOpen(HIP): Command [LogCmdConvolution] ./bin/MIOpenDriver convbfp16 -n 1 -c 48 --in_d 1 -H 68 -W 50 -k 3072 --fil_d 1 -y 2 -x 2 --pad_d 0 -p 0 -q 0 --conv_stride_d 1 -u 2 -v 2 --dilation_d 1 -l 1 -j 1 --spatial_dim 3 --in_layout NDHWC --fil_layout NDHWC --out_layout NDHWC -m conv -g 1 -F 1 -t 1
MIOpen(HIP): Info [ConvolutionForward] algo = 5, workspace = 0
MIOpen(HIP): Info2 [GetInvoker] Returning an invoker for problem 48x1x68x50x1x2x2x3072x1x34x25x1xNDHWCxNDHWCxNDHWCxBF16x0x0x0x1x2x2x1x1x1x1xFxDefault and algorithm miopenConvolutionFwdAlgoImplicitGEMM
MIOpen(HIP): miopenStatus_t miopenDestroyConvolutionDescriptor(miopenConvolutionDescriptor_t){
MIOpen(HIP): 	convDesc = conv3d, miopenConvolution, miopenPaddingDefault, {0, 0, 0}, {1, 2, 2}, {1, 1, 1}, 
MIOpen(HIP): }
MIOpen(HIP): miopenStatus_t miopenDestroyTensorDescriptor(miopenTensorDescriptor_t){
MIOpen(HIP): 	tensorDesc = {3072, 48, 1, 2, 2}, {192, 1, 192, 96, 48}, packed, 
MIOpen(HIP): }
MIOpen(HIP): miopenStatus_t miopenDestroyTensorDescriptor(miopenTensorDescriptor_t){
MIOpen(HIP): 	tensorDesc = {1, 3072, 1, 34, 25}, {2611200, 1, 2611200, 76800, 3072}, packed, 
MIOpen(HIP): }
MIOpen(HIP): miopenStatus_t miopenDestroyTensorDescriptor(miopenTensorDescriptor_t){
MIOpen(HIP): 	tensorDesc = {1, 48, 1, 68, 50}, {163200, 1, 163200, 2400, 48}, packed, 
MIOpen(HIP): }
 78%|███████▊  | 39/50 [00:21<00:05,  1.85it/s]MIOpen(HIP): Info [get_device_name] Raw device name: gfx1100
MIOpen(HIP): Info [SetStream] stream: 0, device_id: 0
MIOpen(HIP): miopenStatus_t miopenCreateTensorDescriptor(miopenTensorDescriptor_t *){
MIOpen(HIP): 	tensorDesc = 0x5
MIOpen(HIP): }
MIOpen(HIP): miopenStatus_t miopenSetTensorDescriptor(miopenTensorDescriptor_t, miopenDataType_t, int, const int *, const int *){
MIOpen(HIP): 	tensorDesc = {}, {}, packed, 
MIOpen(HIP): 	dataType = 5
MIOpen(HIP): 	nbDims = 5
MIOpen(HIP): 	dim.values = { 1 48 1 68 50 }
MIOpen(HIP): 	stride.values = { 163200 1 163200 2400 48 }
MIOpen(HIP): }
MIOpen(HIP): miopenStatus_t miopenCreateTensorDescriptor(miopenTensorDescriptor_t *){
MIOpen(HIP): 	tensorDesc = 0x96000027d80
MIOpen(HIP): }
MIOpen(HIP): miopenStatus_t miopenSetTensorDescriptor(miopenTensorDescriptor_t, miopenDataType_t, int, const int *, const int *){
MIOpen(HIP): 	tensorDesc = {}, {}, packed, 
MIOpen(HIP): 	dataType = 5
MIOpen(HIP): 	nbDims = 5
MIOpen(HIP): 	dim.values = { 3072 48 1 2 2 }
MIOpen(HIP): 	stride.values = { 192 1 192 96 48 }
MIOpen(HIP): }
MIOpen(HIP): miopenStatus_t miopenCreateTensorDescriptor(miopenTensorDescriptor_t *){
MIOpen(HIP): 	tensorDesc = 0x7d7626d37df6
MIOpen(HIP): }
MIOpen(HIP): miopenStatus_t miopenSetTensorDescriptor(miopenTensorDescriptor_t, miopenDataType_t, int, const int *, const int *){
MIOpen(HIP): 	tensorDesc = {}, {}, packed, 
MIOpen(HIP): 	dataType = 5
MIOpen(HIP): 	nbDims = 5
MIOpen(HIP): 	dim.values = { 1 3072 1 34 25 }
MIOpen(HIP): 	stride.values = { 2611200 1 2611200 76800 3072 }
MIOpen(HIP): }
MIOpen(HIP): miopenStatus_t miopenCreateConvolutionDescriptor(miopenConvolutionDescriptor_t *){
MIOpen(HIP): 	convDesc = 0x7ffd68b9f800
MIOpen(HIP): }
MIOpen(HIP): miopenStatus_t miopenInitConvolutionNdDescriptor(miopenConvolutionDescriptor_t, int, const int *, const int *, const int *, miopenConvolutionMode_t){
MIOpen(HIP): 	convDesc = conv2d, miopenConvolution, miopenPaddingDefault, {0, 0}, {1, 1}, {1, 1}, 
MIOpen(HIP): 	spatialDim = 3
MIOpen(HIP): 	pads = { 0 0 0 }
MIOpen(HIP): 	strides = { 1 2 2 }
MIOpen(HIP): 	dilations = { 1 1 1 }
MIOpen(HIP): 	c_mode = 0
MIOpen(HIP): }
MIOpen(HIP): miopenStatus_t miopenSetConvolutionGroupCount(miopenConvolutionDescriptor_t, int){
MIOpen(HIP): 	convDesc = conv3d, miopenConvolution, miopenPaddingDefault, {0, 0, 0}, {1, 2, 2}, {1, 1, 1}, 
MIOpen(HIP): 	groupCount = 1
MIOpen(HIP): }
MIOpen(HIP): miopenStatus_t miopenSetConvolutionAttribute(miopenConvolutionDescriptor_t, const miopenConvolutionAttrib_t, const int){
MIOpen(HIP): 	convDesc = conv3d, miopenConvolution, miopenPaddingDefault, {0, 0, 0}, {1, 2, 2}, {1, 1, 1}, 
MIOpen(HIP): 	attr = 1
MIOpen(HIP): 	value = 0
MIOpen(HIP): }
MIOpen(HIP): miopenStatus_t miopenConvolutionForward(miopenHandle_t, const void *, const miopenTensorDescriptor_t, const void *, const miopenTensorDescriptor_t, const void *, const miopenConvolutionDescriptor_t, miopenConvFwdAlgorithm_t, const void *, const miopenTensorDescriptor_t, void *, void *, size_t){
MIOpen(HIP): 	handle = stream: 0, device_id: 0
MIOpen(HIP): 	alpha = 0x7ffd68b9f548
MIOpen(HIP): 	xDesc = {1, 48, 1, 68, 50}, {163200, 1, 163200, 2400, 48}, packed, 
MIOpen(HIP): 	x = 0x7d705db00000
MIOpen(HIP): 	wDesc = {3072, 48, 1, 2, 2}, {192, 1, 192, 96, 48}, packed, 
MIOpen(HIP): 	w = 0x7d6e34e00000
MIOpen(HIP): 	convDesc = conv3d, miopenConvolution, miopenPaddingDefault, {0, 0, 0}, {1, 2, 2}, {1, 1, 1}, 
MIOpen(HIP): 	algo = 5
MIOpen(HIP): 	beta = 0x7ffd68b9f550
MIOpen(HIP): 	yDesc = {1, 3072, 1, 34, 25}, {2611200, 1, 2611200, 76800, 3072}, packed, 
MIOpen(HIP): 	y = 0x7d6dd9c20000
MIOpen(HIP): 	workSpace = nullptr
MIOpen(HIP): 	workSpaceSize = 0
MIOpen(HIP): }
MIOpen(HIP): Command [LogCmdConvolution] ./bin/MIOpenDriver convbfp16 -n 1 -c 48 --in_d 1 -H 68 -W 50 -k 3072 --fil_d 1 -y 2 -x 2 --pad_d 0 -p 0 -q 0 --conv_stride_d 1 -u 2 -v 2 --dilation_d 1 -l 1 -j 1 --spatial_dim 3 --in_layout NDHWC --fil_layout NDHWC --out_layout NDHWC -m conv -g 1 -F 1 -t 1
MIOpen(HIP): Info [ConvolutionForward] algo = 5, workspace = 0
MIOpen(HIP): Info2 [GetInvoker] Returning an invoker for problem 48x1x68x50x1x2x2x3072x1x34x25x1xNDHWCxNDHWCxNDHWCxBF16x0x0x0x1x2x2x1x1x1x1xFxDefault and algorithm miopenConvolutionFwdAlgoImplicitGEMM
MIOpen(HIP): miopenStatus_t miopenDestroyConvolutionDescriptor(miopenConvolutionDescriptor_t){
MIOpen(HIP): 	convDesc = conv3d, miopenConvolution, miopenPaddingDefault, {0, 0, 0}, {1, 2, 2}, {1, 1, 1}, 
MIOpen(HIP): }
MIOpen(HIP): miopenStatus_t miopenDestroyTensorDescriptor(miopenTensorDescriptor_t){
MIOpen(HIP): 	tensorDesc = {3072, 48, 1, 2, 2}, {192, 1, 192, 96, 48}, packed, 
MIOpen(HIP): }
MIOpen(HIP): miopenStatus_t miopenDestroyTensorDescriptor(miopenTensorDescriptor_t){
MIOpen(HIP): 	tensorDesc = {1, 3072, 1, 34, 25}, {2611200, 1, 2611200, 76800, 3072}, packed, 
MIOpen(HIP): }
MIOpen(HIP): miopenStatus_t miopenDestroyTensorDescriptor(miopenTensorDescriptor_t){
MIOpen(HIP): 	tensorDesc = {1, 48, 1, 68, 50}, {163200, 1, 163200, 2400, 48}, packed, 
MIOpen(HIP): }
MIOpen(HIP): Info [get_device_name] Raw device name: gfx1100
MIOpen(HIP): Info [SetStream] stream: 0, device_id: 0
MIOpen(HIP): miopenStatus_t miopenCreateTensorDescriptor(miopenTensorDescriptor_t *){
MIOpen(HIP): 	tensorDesc = 0x5
MIOpen(HIP): }
MIOpen(HIP): miopenStatus_t miopenSetTensorDescriptor(miopenTensorDescriptor_t, miopenDataType_t, int, const int *, const int *){
MIOpen(HIP): 	tensorDesc = {}, {}, packed, 
MIOpen(HIP): 	dataType = 5
MIOpen(HIP): 	nbDims = 5
MIOpen(HIP): 	dim.values = { 1 48 1 68 50 }
MIOpen(HIP): 	stride.values = { 163200 1 163200 2400 48 }
MIOpen(HIP): }
MIOpen(HIP): miopenStatus_t miopenCreateTensorDescriptor(miopenTensorDescriptor_t *){
MIOpen(HIP): 	tensorDesc = 0x96000027d80
MIOpen(HIP): }
MIOpen(HIP): miopenStatus_t miopenSetTensorDescriptor(miopenTensorDescriptor_t, miopenDataType_t, int, const int *, const int *){
MIOpen(HIP): 	tensorDesc = {}, {}, packed, 
MIOpen(HIP): 	dataType = 5
MIOpen(HIP): 	nbDims = 5
MIOpen(HIP): 	dim.values = { 3072 48 1 2 2 }
MIOpen(HIP): 	stride.values = { 192 1 192 96 48 }
MIOpen(HIP): }
MIOpen(HIP): miopenStatus_t miopenCreateTensorDescriptor(miopenTensorDescriptor_t *){
MIOpen(HIP): 	tensorDesc = 0x7d7626d37df6
MIOpen(HIP): }
MIOpen(HIP): miopenStatus_t miopenSetTensorDescriptor(miopenTensorDescriptor_t, miopenDataType_t, int, const int *, const int *){
MIOpen(HIP): 	tensorDesc = {}, {}, packed, 
MIOpen(HIP): 	dataType = 5
MIOpen(HIP): 	nbDims = 5
MIOpen(HIP): 	dim.values = { 1 3072 1 34 25 }
MIOpen(HIP): 	stride.values = { 2611200 1 2611200 76800 3072 }
MIOpen(HIP): }
MIOpen(HIP): miopenStatus_t miopenCreateConvolutionDescriptor(miopenConvolutionDescriptor_t *){
MIOpen(HIP): 	convDesc = 0x7ffd68b9f800
MIOpen(HIP): }
MIOpen(HIP): miopenStatus_t miopenInitConvolutionNdDescriptor(miopenConvolutionDescriptor_t, int, const int *, const int *, const int *, miopenConvolutionMode_t){
MIOpen(HIP): 	convDesc = conv2d, miopenConvolution, miopenPaddingDefault, {0, 0}, {1, 1}, {1, 1}, 
MIOpen(HIP): 	spatialDim = 3
MIOpen(HIP): 	pads = { 0 0 0 }
MIOpen(HIP): 	strides = { 1 2 2 }
MIOpen(HIP): 	dilations = { 1 1 1 }
MIOpen(HIP): 	c_mode = 0
MIOpen(HIP): }
MIOpen(HIP): miopenStatus_t miopenSetConvolutionGroupCount(miopenConvolutionDescriptor_t, int){
MIOpen(HIP): 	convDesc = conv3d, miopenConvolution, miopenPaddingDefault, {0, 0, 0}, {1, 2, 2}, {1, 1, 1}, 
MIOpen(HIP): 	groupCount = 1
MIOpen(HIP): }
MIOpen(HIP): miopenStatus_t miopenSetConvolutionAttribute(miopenConvolutionDescriptor_t, const miopenConvolutionAttrib_t, const int){
MIOpen(HIP): 	convDesc = conv3d, miopenConvolution, miopenPaddingDefault, {0, 0, 0}, {1, 2, 2}, {1, 1, 1}, 
MIOpen(HIP): 	attr = 1
MIOpen(HIP): 	value = 0
MIOpen(HIP): }
MIOpen(HIP): miopenStatus_t miopenConvolutionForward(miopenHandle_t, const void *, const miopenTensorDescriptor_t, const void *, const miopenTensorDescriptor_t, const void *, const miopenConvolutionDescriptor_t, miopenConvFwdAlgorithm_t, const void *, const miopenTensorDescriptor_t, void *, void *, size_t){
MIOpen(HIP): 	handle = stream: 0, device_id: 0
MIOpen(HIP): 	alpha = 0x7ffd68b9f548
MIOpen(HIP): 	xDesc = {1, 48, 1, 68, 50}, {163200, 1, 163200, 2400, 48}, packed, 
MIOpen(HIP): 	x = 0x7d705db00000
MIOpen(HIP): 	wDesc = {3072, 48, 1, 2, 2}, {192, 1, 192, 96, 48}, packed, 
MIOpen(HIP): 	w = 0x7d6e34e00000
MIOpen(HIP): 	convDesc = conv3d, miopenConvolution, miopenPaddingDefault, {0, 0, 0}, {1, 2, 2}, {1, 1, 1}, 
MIOpen(HIP): 	algo = 5
MIOpen(HIP): 	beta = 0x7ffd68b9f550
MIOpen(HIP): 	yDesc = {1, 3072, 1, 34, 25}, {2611200, 1, 2611200, 76800, 3072}, packed, 
MIOpen(HIP): 	y = 0x7d6dd9c20000
MIOpen(HIP): 	workSpace = nullptr
MIOpen(HIP): 	workSpaceSize = 0
MIOpen(HIP): }
MIOpen(HIP): Command [LogCmdConvolution] ./bin/MIOpenDriver convbfp16 -n 1 -c 48 --in_d 1 -H 68 -W 50 -k 3072 --fil_d 1 -y 2 -x 2 --pad_d 0 -p 0 -q 0 --conv_stride_d 1 -u 2 -v 2 --dilation_d 1 -l 1 -j 1 --spatial_dim 3 --in_layout NDHWC --fil_layout NDHWC --out_layout NDHWC -m conv -g 1 -F 1 -t 1
MIOpen(HIP): Info [ConvolutionForward] algo = 5, workspace = 0
MIOpen(HIP): Info2 [GetInvoker] Returning an invoker for problem 48x1x68x50x1x2x2x3072x1x34x25x1xNDHWCxNDHWCxNDHWCxBF16x0x0x0x1x2x2x1x1x1x1xFxDefault and algorithm miopenConvolutionFwdAlgoImplicitGEMM
MIOpen(HIP): miopenStatus_t miopenDestroyConvolutionDescriptor(miopenConvolutionDescriptor_t){
MIOpen(HIP): 	convDesc = conv3d, miopenConvolution, miopenPaddingDefault, {0, 0, 0}, {1, 2, 2}, {1, 1, 1}, 
MIOpen(HIP): }
MIOpen(HIP): miopenStatus_t miopenDestroyTensorDescriptor(miopenTensorDescriptor_t){
MIOpen(HIP): 	tensorDesc = {3072, 48, 1, 2, 2}, {192, 1, 192, 96, 48}, packed, 
MIOpen(HIP): }
MIOpen(HIP): miopenStatus_t miopenDestroyTensorDescriptor(miopenTensorDescriptor_t){
MIOpen(HIP): 	tensorDesc = {1, 3072, 1, 34, 25}, {2611200, 1, 2611200, 76800, 3072}, packed, 
MIOpen(HIP): }
MIOpen(HIP): miopenStatus_t miopenDestroyTensorDescriptor(miopenTensorDescriptor_t){
MIOpen(HIP): 	tensorDesc = {1, 48, 1, 68, 50}, {163200, 1, 163200, 2400, 48}, packed, 
MIOpen(HIP): }
 80%|████████  | 40/50 [00:22<00:05,  1.85it/s]MIOpen(HIP): Info [get_device_name] Raw device name: gfx1100
MIOpen(HIP): Info [SetStream] stream: 0, device_id: 0
MIOpen(HIP): miopenStatus_t miopenCreateTensorDescriptor(miopenTensorDescriptor_t *){
MIOpen(HIP): 	tensorDesc = 0x5
MIOpen(HIP): }
MIOpen(HIP): miopenStatus_t miopenSetTensorDescriptor(miopenTensorDescriptor_t, miopenDataType_t, int, const int *, const int *){
MIOpen(HIP): 	tensorDesc = {}, {}, packed, 
MIOpen(HIP): 	dataType = 5
MIOpen(HIP): 	nbDims = 5
MIOpen(HIP): 	dim.values = { 1 48 1 68 50 }
MIOpen(HIP): 	stride.values = { 163200 1 163200 2400 48 }
MIOpen(HIP): }
MIOpen(HIP): miopenStatus_t miopenCreateTensorDescriptor(miopenTensorDescriptor_t *){
MIOpen(HIP): 	tensorDesc = 0x96000027d80
MIOpen(HIP): }
MIOpen(HIP): miopenStatus_t miopenSetTensorDescriptor(miopenTensorDescriptor_t, miopenDataType_t, int, const int *, const int *){
MIOpen(HIP): 	tensorDesc = {}, {}, packed, 
MIOpen(HIP): 	dataType = 5
MIOpen(HIP): 	nbDims = 5
MIOpen(HIP): 	dim.values = { 3072 48 1 2 2 }
MIOpen(HIP): 	stride.values = { 192 1 192 96 48 }
MIOpen(HIP): }
MIOpen(HIP): miopenStatus_t miopenCreateTensorDescriptor(miopenTensorDescriptor_t *){
MIOpen(HIP): 	tensorDesc = 0x7d7626d37df6
MIOpen(HIP): }
MIOpen(HIP): miopenStatus_t miopenSetTensorDescriptor(miopenTensorDescriptor_t, miopenDataType_t, int, const int *, const int *){
MIOpen(HIP): 	tensorDesc = {}, {}, packed, 
MIOpen(HIP): 	dataType = 5
MIOpen(HIP): 	nbDims = 5
MIOpen(HIP): 	dim.values = { 1 3072 1 34 25 }
MIOpen(HIP): 	stride.values = { 2611200 1 2611200 76800 3072 }
MIOpen(HIP): }
MIOpen(HIP): miopenStatus_t miopenCreateConvolutionDescriptor(miopenConvolutionDescriptor_t *){
MIOpen(HIP): 	convDesc = 0x7ffd68b9f800
MIOpen(HIP): }
MIOpen(HIP): miopenStatus_t miopenInitConvolutionNdDescriptor(miopenConvolutionDescriptor_t, int, const int *, const int *, const int *, miopenConvolutionMode_t){
MIOpen(HIP): 	convDesc = conv2d, miopenConvolution, miopenPaddingDefault, {0, 0}, {1, 1}, {1, 1}, 
MIOpen(HIP): 	spatialDim = 3
MIOpen(HIP): 	pads = { 0 0 0 }
MIOpen(HIP): 	strides = { 1 2 2 }
MIOpen(HIP): 	dilations = { 1 1 1 }
MIOpen(HIP): 	c_mode = 0
MIOpen(HIP): }
MIOpen(HIP): miopenStatus_t miopenSetConvolutionGroupCount(miopenConvolutionDescriptor_t, int){
MIOpen(HIP): 	convDesc = conv3d, miopenConvolution, miopenPaddingDefault, {0, 0, 0}, {1, 2, 2}, {1, 1, 1}, 
MIOpen(HIP): 	groupCount = 1
MIOpen(HIP): }
MIOpen(HIP): miopenStatus_t miopenSetConvolutionAttribute(miopenConvolutionDescriptor_t, const miopenConvolutionAttrib_t, const int){
MIOpen(HIP): 	convDesc = conv3d, miopenConvolution, miopenPaddingDefault, {0, 0, 0}, {1, 2, 2}, {1, 1, 1}, 
MIOpen(HIP): 	attr = 1
MIOpen(HIP): 	value = 0
MIOpen(HIP): }
MIOpen(HIP): miopenStatus_t miopenConvolutionForward(miopenHandle_t, const void *, const miopenTensorDescriptor_t, const void *, const miopenTensorDescriptor_t, const void *, const miopenConvolutionDescriptor_t, miopenConvFwdAlgorithm_t, const void *, const miopenTensorDescriptor_t, void *, void *, size_t){
MIOpen(HIP): 	handle = stream: 0, device_id: 0
MIOpen(HIP): 	alpha = 0x7ffd68b9f548
MIOpen(HIP): 	xDesc = {1, 48, 1, 68, 50}, {163200, 1, 163200, 2400, 48}, packed, 
MIOpen(HIP): 	x = 0x7d6dca600000
MIOpen(HIP): 	wDesc = {3072, 48, 1, 2, 2}, {192, 1, 192, 96, 48}, packed, 
MIOpen(HIP): 	w = 0x7d6e34e00000
MIOpen(HIP): 	convDesc = conv3d, miopenConvolution, miopenPaddingDefault, {0, 0, 0}, {1, 2, 2}, {1, 1, 1}, 
MIOpen(HIP): 	algo = 5
MIOpen(HIP): 	beta = 0x7ffd68b9f550
MIOpen(HIP): 	yDesc = {1, 3072, 1, 34, 25}, {2611200, 1, 2611200, 76800, 3072}, packed, 
MIOpen(HIP): 	y = 0x7d6dd9c20000
MIOpen(HIP): 	workSpace = nullptr
MIOpen(HIP): 	workSpaceSize = 0
MIOpen(HIP): }
MIOpen(HIP): Command [LogCmdConvolution] ./bin/MIOpenDriver convbfp16 -n 1 -c 48 --in_d 1 -H 68 -W 50 -k 3072 --fil_d 1 -y 2 -x 2 --pad_d 0 -p 0 -q 0 --conv_stride_d 1 -u 2 -v 2 --dilation_d 1 -l 1 -j 1 --spatial_dim 3 --in_layout NDHWC --fil_layout NDHWC --out_layout NDHWC -m conv -g 1 -F 1 -t 1
MIOpen(HIP): Info [ConvolutionForward] algo = 5, workspace = 0
MIOpen(HIP): Info2 [GetInvoker] Returning an invoker for problem 48x1x68x50x1x2x2x3072x1x34x25x1xNDHWCxNDHWCxNDHWCxBF16x0x0x0x1x2x2x1x1x1x1xFxDefault and algorithm miopenConvolutionFwdAlgoImplicitGEMM
MIOpen(HIP): miopenStatus_t miopenDestroyConvolutionDescriptor(miopenConvolutionDescriptor_t){
MIOpen(HIP): 	convDesc = conv3d, miopenConvolution, miopenPaddingDefault, {0, 0, 0}, {1, 2, 2}, {1, 1, 1}, 
MIOpen(HIP): }
MIOpen(HIP): miopenStatus_t miopenDestroyTensorDescriptor(miopenTensorDescriptor_t){
MIOpen(HIP): 	tensorDesc = {3072, 48, 1, 2, 2}, {192, 1, 192, 96, 48}, packed, 
MIOpen(HIP): }
MIOpen(HIP): miopenStatus_t miopenDestroyTensorDescriptor(miopenTensorDescriptor_t){
MIOpen(HIP): 	tensorDesc = {1, 3072, 1, 34, 25}, {2611200, 1, 2611200, 76800, 3072}, packed, 
MIOpen(HIP): }
MIOpen(HIP): miopenStatus_t miopenDestroyTensorDescriptor(miopenTensorDescriptor_t){
MIOpen(HIP): 	tensorDesc = {1, 48, 1, 68, 50}, {163200, 1, 163200, 2400, 48}, packed, 
MIOpen(HIP): }
MIOpen(HIP): Info [get_device_name] Raw device name: gfx1100
MIOpen(HIP): Info [SetStream] stream: 0, device_id: 0
MIOpen(HIP): miopenStatus_t miopenCreateTensorDescriptor(miopenTensorDescriptor_t *){
MIOpen(HIP): 	tensorDesc = 0x5
MIOpen(HIP): }
MIOpen(HIP): miopenStatus_t miopenSetTensorDescriptor(miopenTensorDescriptor_t, miopenDataType_t, int, const int *, const int *){
MIOpen(HIP): 	tensorDesc = {}, {}, packed, 
MIOpen(HIP): 	dataType = 5
MIOpen(HIP): 	nbDims = 5
MIOpen(HIP): 	dim.values = { 1 48 1 68 50 }
MIOpen(HIP): 	stride.values = { 163200 1 163200 2400 48 }
MIOpen(HIP): }
MIOpen(HIP): miopenStatus_t miopenCreateTensorDescriptor(miopenTensorDescriptor_t *){
MIOpen(HIP): 	tensorDesc = 0x96000027d80
MIOpen(HIP): }
MIOpen(HIP): miopenStatus_t miopenSetTensorDescriptor(miopenTensorDescriptor_t, miopenDataType_t, int, const int *, const int *){
MIOpen(HIP): 	tensorDesc = {}, {}, packed, 
MIOpen(HIP): 	dataType = 5
MIOpen(HIP): 	nbDims = 5
MIOpen(HIP): 	dim.values = { 3072 48 1 2 2 }
MIOpen(HIP): 	stride.values = { 192 1 192 96 48 }
MIOpen(HIP): }
MIOpen(HIP): miopenStatus_t miopenCreateTensorDescriptor(miopenTensorDescriptor_t *){
MIOpen(HIP): 	tensorDesc = 0x7d7626d37df6
MIOpen(HIP): }
MIOpen(HIP): miopenStatus_t miopenSetTensorDescriptor(miopenTensorDescriptor_t, miopenDataType_t, int, const int *, const int *){
MIOpen(HIP): 	tensorDesc = {}, {}, packed, 
MIOpen(HIP): 	dataType = 5
MIOpen(HIP): 	nbDims = 5
MIOpen(HIP): 	dim.values = { 1 3072 1 34 25 }
MIOpen(HIP): 	stride.values = { 2611200 1 2611200 76800 3072 }
MIOpen(HIP): }
MIOpen(HIP): miopenStatus_t miopenCreateConvolutionDescriptor(miopenConvolutionDescriptor_t *){
MIOpen(HIP): 	convDesc = 0x7ffd68b9f800
MIOpen(HIP): }
MIOpen(HIP): miopenStatus_t miopenInitConvolutionNdDescriptor(miopenConvolutionDescriptor_t, int, const int *, const int *, const int *, miopenConvolutionMode_t){
MIOpen(HIP): 	convDesc = conv2d, miopenConvolution, miopenPaddingDefault, {0, 0}, {1, 1}, {1, 1}, 
MIOpen(HIP): 	spatialDim = 3
MIOpen(HIP): 	pads = { 0 0 0 }
MIOpen(HIP): 	strides = { 1 2 2 }
MIOpen(HIP): 	dilations = { 1 1 1 }
MIOpen(HIP): 	c_mode = 0
MIOpen(HIP): }
MIOpen(HIP): miopenStatus_t miopenSetConvolutionGroupCount(miopenConvolutionDescriptor_t, int){
MIOpen(HIP): 	convDesc = conv3d, miopenConvolution, miopenPaddingDefault, {0, 0, 0}, {1, 2, 2}, {1, 1, 1}, 
MIOpen(HIP): 	groupCount = 1
MIOpen(HIP): }
MIOpen(HIP): miopenStatus_t miopenSetConvolutionAttribute(miopenConvolutionDescriptor_t, const miopenConvolutionAttrib_t, const int){
MIOpen(HIP): 	convDesc = conv3d, miopenConvolution, miopenPaddingDefault, {0, 0, 0}, {1, 2, 2}, {1, 1, 1}, 
MIOpen(HIP): 	attr = 1
MIOpen(HIP): 	value = 0
MIOpen(HIP): }
MIOpen(HIP): miopenStatus_t miopenConvolutionForward(miopenHandle_t, const void *, const miopenTensorDescriptor_t, const void *, const miopenTensorDescriptor_t, const void *, const miopenConvolutionDescriptor_t, miopenConvFwdAlgorithm_t, const void *, const miopenTensorDescriptor_t, void *, void *, size_t){
MIOpen(HIP): 	handle = stream: 0, device_id: 0
MIOpen(HIP): 	alpha = 0x7ffd68b9f548
MIOpen(HIP): 	xDesc = {1, 48, 1, 68, 50}, {163200, 1, 163200, 2400, 48}, packed, 
MIOpen(HIP): 	x = 0x7d6dca600000
MIOpen(HIP): 	wDesc = {3072, 48, 1, 2, 2}, {192, 1, 192, 96, 48}, packed, 
MIOpen(HIP): 	w = 0x7d6e34e00000
MIOpen(HIP): 	convDesc = conv3d, miopenConvolution, miopenPaddingDefault, {0, 0, 0}, {1, 2, 2}, {1, 1, 1}, 
MIOpen(HIP): 	algo = 5
MIOpen(HIP): 	beta = 0x7ffd68b9f550
MIOpen(HIP): 	yDesc = {1, 3072, 1, 34, 25}, {2611200, 1, 2611200, 76800, 3072}, packed, 
MIOpen(HIP): 	y = 0x7d6dd9c20000
MIOpen(HIP): 	workSpace = nullptr
MIOpen(HIP): 	workSpaceSize = 0
MIOpen(HIP): }
MIOpen(HIP): Command [LogCmdConvolution] ./bin/MIOpenDriver convbfp16 -n 1 -c 48 --in_d 1 -H 68 -W 50 -k 3072 --fil_d 1 -y 2 -x 2 --pad_d 0 -p 0 -q 0 --conv_stride_d 1 -u 2 -v 2 --dilation_d 1 -l 1 -j 1 --spatial_dim 3 --in_layout NDHWC --fil_layout NDHWC --out_layout NDHWC -m conv -g 1 -F 1 -t 1
MIOpen(HIP): Info [ConvolutionForward] algo = 5, workspace = 0
MIOpen(HIP): Info2 [GetInvoker] Returning an invoker for problem 48x1x68x50x1x2x2x3072x1x34x25x1xNDHWCxNDHWCxNDHWCxBF16x0x0x0x1x2x2x1x1x1x1xFxDefault and algorithm miopenConvolutionFwdAlgoImplicitGEMM
MIOpen(HIP): miopenStatus_t miopenDestroyConvolutionDescriptor(miopenConvolutionDescriptor_t){
MIOpen(HIP): 	convDesc = conv3d, miopenConvolution, miopenPaddingDefault, {0, 0, 0}, {1, 2, 2}, {1, 1, 1}, 
MIOpen(HIP): }
MIOpen(HIP): miopenStatus_t miopenDestroyTensorDescriptor(miopenTensorDescriptor_t){
MIOpen(HIP): 	tensorDesc = {3072, 48, 1, 2, 2}, {192, 1, 192, 96, 48}, packed, 
MIOpen(HIP): }
MIOpen(HIP): miopenStatus_t miopenDestroyTensorDescriptor(miopenTensorDescriptor_t){
MIOpen(HIP): 	tensorDesc = {1, 3072, 1, 34, 25}, {2611200, 1, 2611200, 76800, 3072}, packed, 
MIOpen(HIP): }
MIOpen(HIP): miopenStatus_t miopenDestroyTensorDescriptor(miopenTensorDescriptor_t){
MIOpen(HIP): 	tensorDesc = {1, 48, 1, 68, 50}, {163200, 1, 163200, 2400, 48}, packed, 
MIOpen(HIP): }
 82%|████████▏ | 41/50 [00:22<00:04,  1.85it/s]MIOpen(HIP): Info [get_device_name] Raw device name: gfx1100
MIOpen(HIP): Info [SetStream] stream: 0, device_id: 0
MIOpen(HIP): miopenStatus_t miopenCreateTensorDescriptor(miopenTensorDescriptor_t *){
MIOpen(HIP): 	tensorDesc = 0x5
MIOpen(HIP): }
MIOpen(HIP): miopenStatus_t miopenSetTensorDescriptor(miopenTensorDescriptor_t, miopenDataType_t, int, const int *, const int *){
MIOpen(HIP): 	tensorDesc = {}, {}, packed, 
MIOpen(HIP): 	dataType = 5
MIOpen(HIP): 	nbDims = 5
MIOpen(HIP): 	dim.values = { 1 48 1 68 50 }
MIOpen(HIP): 	stride.values = { 163200 1 163200 2400 48 }
MIOpen(HIP): }
MIOpen(HIP): miopenStatus_t miopenCreateTensorDescriptor(miopenTensorDescriptor_t *){
MIOpen(HIP): 	tensorDesc = 0x96000027d80
MIOpen(HIP): }
MIOpen(HIP): miopenStatus_t miopenSetTensorDescriptor(miopenTensorDescriptor_t, miopenDataType_t, int, const int *, const int *){
MIOpen(HIP): 	tensorDesc = {}, {}, packed, 
MIOpen(HIP): 	dataType = 5
MIOpen(HIP): 	nbDims = 5
MIOpen(HIP): 	dim.values = { 3072 48 1 2 2 }
MIOpen(HIP): 	stride.values = { 192 1 192 96 48 }
MIOpen(HIP): }
MIOpen(HIP): miopenStatus_t miopenCreateTensorDescriptor(miopenTensorDescriptor_t *){
MIOpen(HIP): 	tensorDesc = 0x7d7626d37df6
MIOpen(HIP): }
MIOpen(HIP): miopenStatus_t miopenSetTensorDescriptor(miopenTensorDescriptor_t, miopenDataType_t, int, const int *, const int *){
MIOpen(HIP): 	tensorDesc = {}, {}, packed, 
MIOpen(HIP): 	dataType = 5
MIOpen(HIP): 	nbDims = 5
MIOpen(HIP): 	dim.values = { 1 3072 1 34 25 }
MIOpen(HIP): 	stride.values = { 2611200 1 2611200 76800 3072 }
MIOpen(HIP): }
MIOpen(HIP): miopenStatus_t miopenCreateConvolutionDescriptor(miopenConvolutionDescriptor_t *){
MIOpen(HIP): 	convDesc = 0x7ffd68b9f800
MIOpen(HIP): }
MIOpen(HIP): miopenStatus_t miopenInitConvolutionNdDescriptor(miopenConvolutionDescriptor_t, int, const int *, const int *, const int *, miopenConvolutionMode_t){
MIOpen(HIP): 	convDesc = conv2d, miopenConvolution, miopenPaddingDefault, {0, 0}, {1, 1}, {1, 1}, 
MIOpen(HIP): 	spatialDim = 3
MIOpen(HIP): 	pads = { 0 0 0 }
MIOpen(HIP): 	strides = { 1 2 2 }
MIOpen(HIP): 	dilations = { 1 1 1 }
MIOpen(HIP): 	c_mode = 0
MIOpen(HIP): }
MIOpen(HIP): miopenStatus_t miopenSetConvolutionGroupCount(miopenConvolutionDescriptor_t, int){
MIOpen(HIP): 	convDesc = conv3d, miopenConvolution, miopenPaddingDefault, {0, 0, 0}, {1, 2, 2}, {1, 1, 1}, 
MIOpen(HIP): 	groupCount = 1
MIOpen(HIP): }
MIOpen(HIP): miopenStatus_t miopenSetConvolutionAttribute(miopenConvolutionDescriptor_t, const miopenConvolutionAttrib_t, const int){
MIOpen(HIP): 	convDesc = conv3d, miopenConvolution, miopenPaddingDefault, {0, 0, 0}, {1, 2, 2}, {1, 1, 1}, 
MIOpen(HIP): 	attr = 1
MIOpen(HIP): 	value = 0
MIOpen(HIP): }
MIOpen(HIP): miopenStatus_t miopenConvolutionForward(miopenHandle_t, const void *, const miopenTensorDescriptor_t, const void *, const miopenTensorDescriptor_t, const void *, const miopenConvolutionDescriptor_t, miopenConvFwdAlgorithm_t, const void *, const miopenTensorDescriptor_t, void *, void *, size_t){
MIOpen(HIP): 	handle = stream: 0, device_id: 0
MIOpen(HIP): 	alpha = 0x7ffd68b9f548
MIOpen(HIP): 	xDesc = {1, 48, 1, 68, 50}, {163200, 1, 163200, 2400, 48}, packed, 
MIOpen(HIP): 	x = 0x7d6dca600000
MIOpen(HIP): 	wDesc = {3072, 48, 1, 2, 2}, {192, 1, 192, 96, 48}, packed, 
MIOpen(HIP): 	w = 0x7d6e34e00000
MIOpen(HIP): 	convDesc = conv3d, miopenConvolution, miopenPaddingDefault, {0, 0, 0}, {1, 2, 2}, {1, 1, 1}, 
MIOpen(HIP): 	algo = 5
MIOpen(HIP): 	beta = 0x7ffd68b9f550
MIOpen(HIP): 	yDesc = {1, 3072, 1, 34, 25}, {2611200, 1, 2611200, 76800, 3072}, packed, 
MIOpen(HIP): 	y = 0x7d6dd9c20000
MIOpen(HIP): 	workSpace = nullptr
MIOpen(HIP): 	workSpaceSize = 0
MIOpen(HIP): }
MIOpen(HIP): Command [LogCmdConvolution] ./bin/MIOpenDriver convbfp16 -n 1 -c 48 --in_d 1 -H 68 -W 50 -k 3072 --fil_d 1 -y 2 -x 2 --pad_d 0 -p 0 -q 0 --conv_stride_d 1 -u 2 -v 2 --dilation_d 1 -l 1 -j 1 --spatial_dim 3 --in_layout NDHWC --fil_layout NDHWC --out_layout NDHWC -m conv -g 1 -F 1 -t 1
MIOpen(HIP): Info [ConvolutionForward] algo = 5, workspace = 0
MIOpen(HIP): Info2 [GetInvoker] Returning an invoker for problem 48x1x68x50x1x2x2x3072x1x34x25x1xNDHWCxNDHWCxNDHWCxBF16x0x0x0x1x2x2x1x1x1x1xFxDefault and algorithm miopenConvolutionFwdAlgoImplicitGEMM
MIOpen(HIP): miopenStatus_t miopenDestroyConvolutionDescriptor(miopenConvolutionDescriptor_t){
MIOpen(HIP): 	convDesc = conv3d, miopenConvolution, miopenPaddingDefault, {0, 0, 0}, {1, 2, 2}, {1, 1, 1}, 
MIOpen(HIP): }
MIOpen(HIP): miopenStatus_t miopenDestroyTensorDescriptor(miopenTensorDescriptor_t){
MIOpen(HIP): 	tensorDesc = {3072, 48, 1, 2, 2}, {192, 1, 192, 96, 48}, packed, 
MIOpen(HIP): }
MIOpen(HIP): miopenStatus_t miopenDestroyTensorDescriptor(miopenTensorDescriptor_t){
MIOpen(HIP): 	tensorDesc = {1, 3072, 1, 34, 25}, {2611200, 1, 2611200, 76800, 3072}, packed, 
MIOpen(HIP): }
MIOpen(HIP): miopenStatus_t miopenDestroyTensorDescriptor(miopenTensorDescriptor_t){
MIOpen(HIP): 	tensorDesc = {1, 48, 1, 68, 50}, {163200, 1, 163200, 2400, 48}, packed, 
MIOpen(HIP): }
MIOpen(HIP): Info [get_device_name] Raw device name: gfx1100
MIOpen(HIP): Info [SetStream] stream: 0, device_id: 0
MIOpen(HIP): miopenStatus_t miopenCreateTensorDescriptor(miopenTensorDescriptor_t *){
MIOpen(HIP): 	tensorDesc = 0x5
MIOpen(HIP): }
MIOpen(HIP): miopenStatus_t miopenSetTensorDescriptor(miopenTensorDescriptor_t, miopenDataType_t, int, const int *, const int *){
MIOpen(HIP): 	tensorDesc = {}, {}, packed, 
MIOpen(HIP): 	dataType = 5
MIOpen(HIP): 	nbDims = 5
MIOpen(HIP): 	dim.values = { 1 48 1 68 50 }
MIOpen(HIP): 	stride.values = { 163200 1 163200 2400 48 }
MIOpen(HIP): }
MIOpen(HIP): miopenStatus_t miopenCreateTensorDescriptor(miopenTensorDescriptor_t *){
MIOpen(HIP): 	tensorDesc = 0x96000027d80
MIOpen(HIP): }
MIOpen(HIP): miopenStatus_t miopenSetTensorDescriptor(miopenTensorDescriptor_t, miopenDataType_t, int, const int *, const int *){
MIOpen(HIP): 	tensorDesc = {}, {}, packed, 
MIOpen(HIP): 	dataType = 5
MIOpen(HIP): 	nbDims = 5
MIOpen(HIP): 	dim.values = { 3072 48 1 2 2 }
MIOpen(HIP): 	stride.values = { 192 1 192 96 48 }
MIOpen(HIP): }
MIOpen(HIP): miopenStatus_t miopenCreateTensorDescriptor(miopenTensorDescriptor_t *){
MIOpen(HIP): 	tensorDesc = 0x7d7626d37df6
MIOpen(HIP): }
MIOpen(HIP): miopenStatus_t miopenSetTensorDescriptor(miopenTensorDescriptor_t, miopenDataType_t, int, const int *, const int *){
MIOpen(HIP): 	tensorDesc = {}, {}, packed, 
MIOpen(HIP): 	dataType = 5
MIOpen(HIP): 	nbDims = 5
MIOpen(HIP): 	dim.values = { 1 3072 1 34 25 }
MIOpen(HIP): 	stride.values = { 2611200 1 2611200 76800 3072 }
MIOpen(HIP): }
MIOpen(HIP): miopenStatus_t miopenCreateConvolutionDescriptor(miopenConvolutionDescriptor_t *){
MIOpen(HIP): 	convDesc = 0x7ffd68b9f800
MIOpen(HIP): }
MIOpen(HIP): miopenStatus_t miopenInitConvolutionNdDescriptor(miopenConvolutionDescriptor_t, int, const int *, const int *, const int *, miopenConvolutionMode_t){
MIOpen(HIP): 	convDesc = conv2d, miopenConvolution, miopenPaddingDefault, {0, 0}, {1, 1}, {1, 1}, 
MIOpen(HIP): 	spatialDim = 3
MIOpen(HIP): 	pads = { 0 0 0 }
MIOpen(HIP): 	strides = { 1 2 2 }
MIOpen(HIP): 	dilations = { 1 1 1 }
MIOpen(HIP): 	c_mode = 0
MIOpen(HIP): }
MIOpen(HIP): miopenStatus_t miopenSetConvolutionGroupCount(miopenConvolutionDescriptor_t, int){
MIOpen(HIP): 	convDesc = conv3d, miopenConvolution, miopenPaddingDefault, {0, 0, 0}, {1, 2, 2}, {1, 1, 1}, 
MIOpen(HIP): 	groupCount = 1
MIOpen(HIP): }
MIOpen(HIP): miopenStatus_t miopenSetConvolutionAttribute(miopenConvolutionDescriptor_t, const miopenConvolutionAttrib_t, const int){
MIOpen(HIP): 	convDesc = conv3d, miopenConvolution, miopenPaddingDefault, {0, 0, 0}, {1, 2, 2}, {1, 1, 1}, 
MIOpen(HIP): 	attr = 1
MIOpen(HIP): 	value = 0
MIOpen(HIP): }
MIOpen(HIP): miopenStatus_t miopenConvolutionForward(miopenHandle_t, const void *, const miopenTensorDescriptor_t, const void *, const miopenTensorDescriptor_t, const void *, const miopenConvolutionDescriptor_t, miopenConvFwdAlgorithm_t, const void *, const miopenTensorDescriptor_t, void *, void *, size_t){
MIOpen(HIP): 	handle = stream: 0, device_id: 0
MIOpen(HIP): 	alpha = 0x7ffd68b9f548
MIOpen(HIP): 	xDesc = {1, 48, 1, 68, 50}, {163200, 1, 163200, 2400, 48}, packed, 
MIOpen(HIP): 	x = 0x7d6dca600000
MIOpen(HIP): 	wDesc = {3072, 48, 1, 2, 2}, {192, 1, 192, 96, 48}, packed, 
MIOpen(HIP): 	w = 0x7d6e34e00000
MIOpen(HIP): 	convDesc = conv3d, miopenConvolution, miopenPaddingDefault, {0, 0, 0}, {1, 2, 2}, {1, 1, 1}, 
MIOpen(HIP): 	algo = 5
MIOpen(HIP): 	beta = 0x7ffd68b9f550
MIOpen(HIP): 	yDesc = {1, 3072, 1, 34, 25}, {2611200, 1, 2611200, 76800, 3072}, packed, 
MIOpen(HIP): 	y = 0x7d6dd9c20000
MIOpen(HIP): 	workSpace = nullptr
MIOpen(HIP): 	workSpaceSize = 0
MIOpen(HIP): }
MIOpen(HIP): Command [LogCmdConvolution] ./bin/MIOpenDriver convbfp16 -n 1 -c 48 --in_d 1 -H 68 -W 50 -k 3072 --fil_d 1 -y 2 -x 2 --pad_d 0 -p 0 -q 0 --conv_stride_d 1 -u 2 -v 2 --dilation_d 1 -l 1 -j 1 --spatial_dim 3 --in_layout NDHWC --fil_layout NDHWC --out_layout NDHWC -m conv -g 1 -F 1 -t 1
MIOpen(HIP): Info [ConvolutionForward] algo = 5, workspace = 0
MIOpen(HIP): Info2 [GetInvoker] Returning an invoker for problem 48x1x68x50x1x2x2x3072x1x34x25x1xNDHWCxNDHWCxNDHWCxBF16x0x0x0x1x2x2x1x1x1x1xFxDefault and algorithm miopenConvolutionFwdAlgoImplicitGEMM
MIOpen(HIP): miopenStatus_t miopenDestroyConvolutionDescriptor(miopenConvolutionDescriptor_t){
MIOpen(HIP): 	convDesc = conv3d, miopenConvolution, miopenPaddingDefault, {0, 0, 0}, {1, 2, 2}, {1, 1, 1}, 
MIOpen(HIP): }
MIOpen(HIP): miopenStatus_t miopenDestroyTensorDescriptor(miopenTensorDescriptor_t){
MIOpen(HIP): 	tensorDesc = {3072, 48, 1, 2, 2}, {192, 1, 192, 96, 48}, packed, 
MIOpen(HIP): }
MIOpen(HIP): miopenStatus_t miopenDestroyTensorDescriptor(miopenTensorDescriptor_t){
MIOpen(HIP): 	tensorDesc = {1, 3072, 1, 34, 25}, {2611200, 1, 2611200, 76800, 3072}, packed, 
MIOpen(HIP): }
MIOpen(HIP): miopenStatus_t miopenDestroyTensorDescriptor(miopenTensorDescriptor_t){
MIOpen(HIP): 	tensorDesc = {1, 48, 1, 68, 50}, {163200, 1, 163200, 2400, 48}, packed, 
MIOpen(HIP): }
 84%|████████▍ | 42/50 [00:23<00:04,  1.85it/s]MIOpen(HIP): Info [get_device_name] Raw device name: gfx1100
MIOpen(HIP): Info [SetStream] stream: 0, device_id: 0
MIOpen(HIP): miopenStatus_t miopenCreateTensorDescriptor(miopenTensorDescriptor_t *){
MIOpen(HIP): 	tensorDesc = 0x5
MIOpen(HIP): }
MIOpen(HIP): miopenStatus_t miopenSetTensorDescriptor(miopenTensorDescriptor_t, miopenDataType_t, int, const int *, const int *){
MIOpen(HIP): 	tensorDesc = {}, {}, packed, 
MIOpen(HIP): 	dataType = 5
MIOpen(HIP): 	nbDims = 5
MIOpen(HIP): 	dim.values = { 1 48 1 68 50 }
MIOpen(HIP): 	stride.values = { 163200 1 163200 2400 48 }
MIOpen(HIP): }
MIOpen(HIP): miopenStatus_t miopenCreateTensorDescriptor(miopenTensorDescriptor_t *){
MIOpen(HIP): 	tensorDesc = 0x96000027d80
MIOpen(HIP): }
MIOpen(HIP): miopenStatus_t miopenSetTensorDescriptor(miopenTensorDescriptor_t, miopenDataType_t, int, const int *, const int *){
MIOpen(HIP): 	tensorDesc = {}, {}, packed, 
MIOpen(HIP): 	dataType = 5
MIOpen(HIP): 	nbDims = 5
MIOpen(HIP): 	dim.values = { 3072 48 1 2 2 }
MIOpen(HIP): 	stride.values = { 192 1 192 96 48 }
MIOpen(HIP): }
MIOpen(HIP): miopenStatus_t miopenCreateTensorDescriptor(miopenTensorDescriptor_t *){
MIOpen(HIP): 	tensorDesc = 0x7d7626d37df6
MIOpen(HIP): }
MIOpen(HIP): miopenStatus_t miopenSetTensorDescriptor(miopenTensorDescriptor_t, miopenDataType_t, int, const int *, const int *){
MIOpen(HIP): 	tensorDesc = {}, {}, packed, 
MIOpen(HIP): 	dataType = 5
MIOpen(HIP): 	nbDims = 5
MIOpen(HIP): 	dim.values = { 1 3072 1 34 25 }
MIOpen(HIP): 	stride.values = { 2611200 1 2611200 76800 3072 }
MIOpen(HIP): }
MIOpen(HIP): miopenStatus_t miopenCreateConvolutionDescriptor(miopenConvolutionDescriptor_t *){
MIOpen(HIP): 	convDesc = 0x7ffd68b9f800
MIOpen(HIP): }
MIOpen(HIP): miopenStatus_t miopenInitConvolutionNdDescriptor(miopenConvolutionDescriptor_t, int, const int *, const int *, const int *, miopenConvolutionMode_t){
MIOpen(HIP): 	convDesc = conv2d, miopenConvolution, miopenPaddingDefault, {0, 0}, {1, 1}, {1, 1}, 
MIOpen(HIP): 	spatialDim = 3
MIOpen(HIP): 	pads = { 0 0 0 }
MIOpen(HIP): 	strides = { 1 2 2 }
MIOpen(HIP): 	dilations = { 1 1 1 }
MIOpen(HIP): 	c_mode = 0
MIOpen(HIP): }
MIOpen(HIP): miopenStatus_t miopenSetConvolutionGroupCount(miopenConvolutionDescriptor_t, int){
MIOpen(HIP): 	convDesc = conv3d, miopenConvolution, miopenPaddingDefault, {0, 0, 0}, {1, 2, 2}, {1, 1, 1}, 
MIOpen(HIP): 	groupCount = 1
MIOpen(HIP): }
MIOpen(HIP): miopenStatus_t miopenSetConvolutionAttribute(miopenConvolutionDescriptor_t, const miopenConvolutionAttrib_t, const int){
MIOpen(HIP): 	convDesc = conv3d, miopenConvolution, miopenPaddingDefault, {0, 0, 0}, {1, 2, 2}, {1, 1, 1}, 
MIOpen(HIP): 	attr = 1
MIOpen(HIP): 	value = 0
MIOpen(HIP): }
MIOpen(HIP): miopenStatus_t miopenConvolutionForward(miopenHandle_t, const void *, const miopenTensorDescriptor_t, const void *, const miopenTensorDescriptor_t, const void *, const miopenConvolutionDescriptor_t, miopenConvFwdAlgorithm_t, const void *, const miopenTensorDescriptor_t, void *, void *, size_t){
MIOpen(HIP): 	handle = stream: 0, device_id: 0
MIOpen(HIP): 	alpha = 0x7ffd68b9f548
MIOpen(HIP): 	xDesc = {1, 48, 1, 68, 50}, {163200, 1, 163200, 2400, 48}, packed, 
MIOpen(HIP): 	x = 0x7d705db00000
MIOpen(HIP): 	wDesc = {3072, 48, 1, 2, 2}, {192, 1, 192, 96, 48}, packed, 
MIOpen(HIP): 	w = 0x7d6e34e00000
MIOpen(HIP): 	convDesc = conv3d, miopenConvolution, miopenPaddingDefault, {0, 0, 0}, {1, 2, 2}, {1, 1, 1}, 
MIOpen(HIP): 	algo = 5
MIOpen(HIP): 	beta = 0x7ffd68b9f550
MIOpen(HIP): 	yDesc = {1, 3072, 1, 34, 25}, {2611200, 1, 2611200, 76800, 3072}, packed, 
MIOpen(HIP): 	y = 0x7d6dd9c20000
MIOpen(HIP): 	workSpace = nullptr
MIOpen(HIP): 	workSpaceSize = 0
MIOpen(HIP): }
MIOpen(HIP): Command [LogCmdConvolution] ./bin/MIOpenDriver convbfp16 -n 1 -c 48 --in_d 1 -H 68 -W 50 -k 3072 --fil_d 1 -y 2 -x 2 --pad_d 0 -p 0 -q 0 --conv_stride_d 1 -u 2 -v 2 --dilation_d 1 -l 1 -j 1 --spatial_dim 3 --in_layout NDHWC --fil_layout NDHWC --out_layout NDHWC -m conv -g 1 -F 1 -t 1
MIOpen(HIP): Info [ConvolutionForward] algo = 5, workspace = 0
MIOpen(HIP): Info2 [GetInvoker] Returning an invoker for problem 48x1x68x50x1x2x2x3072x1x34x25x1xNDHWCxNDHWCxNDHWCxBF16x0x0x0x1x2x2x1x1x1x1xFxDefault and algorithm miopenConvolutionFwdAlgoImplicitGEMM
MIOpen(HIP): miopenStatus_t miopenDestroyConvolutionDescriptor(miopenConvolutionDescriptor_t){
MIOpen(HIP): 	convDesc = conv3d, miopenConvolution, miopenPaddingDefault, {0, 0, 0}, {1, 2, 2}, {1, 1, 1}, 
MIOpen(HIP): }
MIOpen(HIP): miopenStatus_t miopenDestroyTensorDescriptor(miopenTensorDescriptor_t){
MIOpen(HIP): 	tensorDesc = {3072, 48, 1, 2, 2}, {192, 1, 192, 96, 48}, packed, 
MIOpen(HIP): }
MIOpen(HIP): miopenStatus_t miopenDestroyTensorDescriptor(miopenTensorDescriptor_t){
MIOpen(HIP): 	tensorDesc = {1, 3072, 1, 34, 25}, {2611200, 1, 2611200, 76800, 3072}, packed, 
MIOpen(HIP): }
MIOpen(HIP): miopenStatus_t miopenDestroyTensorDescriptor(miopenTensorDescriptor_t){
MIOpen(HIP): 	tensorDesc = {1, 48, 1, 68, 50}, {163200, 1, 163200, 2400, 48}, packed, 
MIOpen(HIP): }
MIOpen(HIP): Info [get_device_name] Raw device name: gfx1100
MIOpen(HIP): Info [SetStream] stream: 0, device_id: 0
MIOpen(HIP): miopenStatus_t miopenCreateTensorDescriptor(miopenTensorDescriptor_t *){
MIOpen(HIP): 	tensorDesc = 0x5
MIOpen(HIP): }
MIOpen(HIP): miopenStatus_t miopenSetTensorDescriptor(miopenTensorDescriptor_t, miopenDataType_t, int, const int *, const int *){
MIOpen(HIP): 	tensorDesc = {}, {}, packed, 
MIOpen(HIP): 	dataType = 5
MIOpen(HIP): 	nbDims = 5
MIOpen(HIP): 	dim.values = { 1 48 1 68 50 }
MIOpen(HIP): 	stride.values = { 163200 1 163200 2400 48 }
MIOpen(HIP): }
MIOpen(HIP): miopenStatus_t miopenCreateTensorDescriptor(miopenTensorDescriptor_t *){
MIOpen(HIP): 	tensorDesc = 0x96000027d80
MIOpen(HIP): }
MIOpen(HIP): miopenStatus_t miopenSetTensorDescriptor(miopenTensorDescriptor_t, miopenDataType_t, int, const int *, const int *){
MIOpen(HIP): 	tensorDesc = {}, {}, packed, 
MIOpen(HIP): 	dataType = 5
MIOpen(HIP): 	nbDims = 5
MIOpen(HIP): 	dim.values = { 3072 48 1 2 2 }
MIOpen(HIP): 	stride.values = { 192 1 192 96 48 }
MIOpen(HIP): }
MIOpen(HIP): miopenStatus_t miopenCreateTensorDescriptor(miopenTensorDescriptor_t *){
MIOpen(HIP): 	tensorDesc = 0x7d7626d37df6
MIOpen(HIP): }
MIOpen(HIP): miopenStatus_t miopenSetTensorDescriptor(miopenTensorDescriptor_t, miopenDataType_t, int, const int *, const int *){
MIOpen(HIP): 	tensorDesc = {}, {}, packed, 
MIOpen(HIP): 	dataType = 5
MIOpen(HIP): 	nbDims = 5
MIOpen(HIP): 	dim.values = { 1 3072 1 34 25 }
MIOpen(HIP): 	stride.values = { 2611200 1 2611200 76800 3072 }
MIOpen(HIP): }
MIOpen(HIP): miopenStatus_t miopenCreateConvolutionDescriptor(miopenConvolutionDescriptor_t *){
MIOpen(HIP): 	convDesc = 0x7ffd68b9f800
MIOpen(HIP): }
MIOpen(HIP): miopenStatus_t miopenInitConvolutionNdDescriptor(miopenConvolutionDescriptor_t, int, const int *, const int *, const int *, miopenConvolutionMode_t){
MIOpen(HIP): 	convDesc = conv2d, miopenConvolution, miopenPaddingDefault, {0, 0}, {1, 1}, {1, 1}, 
MIOpen(HIP): 	spatialDim = 3
MIOpen(HIP): 	pads = { 0 0 0 }
MIOpen(HIP): 	strides = { 1 2 2 }
MIOpen(HIP): 	dilations = { 1 1 1 }
MIOpen(HIP): 	c_mode = 0
MIOpen(HIP): }
MIOpen(HIP): miopenStatus_t miopenSetConvolutionGroupCount(miopenConvolutionDescriptor_t, int){
MIOpen(HIP): 	convDesc = conv3d, miopenConvolution, miopenPaddingDefault, {0, 0, 0}, {1, 2, 2}, {1, 1, 1}, 
MIOpen(HIP): 	groupCount = 1
MIOpen(HIP): }
MIOpen(HIP): miopenStatus_t miopenSetConvolutionAttribute(miopenConvolutionDescriptor_t, const miopenConvolutionAttrib_t, const int){
MIOpen(HIP): 	convDesc = conv3d, miopenConvolution, miopenPaddingDefault, {0, 0, 0}, {1, 2, 2}, {1, 1, 1}, 
MIOpen(HIP): 	attr = 1
MIOpen(HIP): 	value = 0
MIOpen(HIP): }
MIOpen(HIP): miopenStatus_t miopenConvolutionForward(miopenHandle_t, const void *, const miopenTensorDescriptor_t, const void *, const miopenTensorDescriptor_t, const void *, const miopenConvolutionDescriptor_t, miopenConvFwdAlgorithm_t, const void *, const miopenTensorDescriptor_t, void *, void *, size_t){
MIOpen(HIP): 	handle = stream: 0, device_id: 0
MIOpen(HIP): 	alpha = 0x7ffd68b9f548
MIOpen(HIP): 	xDesc = {1, 48, 1, 68, 50}, {163200, 1, 163200, 2400, 48}, packed, 
MIOpen(HIP): 	x = 0x7d705db00000
MIOpen(HIP): 	wDesc = {3072, 48, 1, 2, 2}, {192, 1, 192, 96, 48}, packed, 
MIOpen(HIP): 	w = 0x7d6e34e00000
MIOpen(HIP): 	convDesc = conv3d, miopenConvolution, miopenPaddingDefault, {0, 0, 0}, {1, 2, 2}, {1, 1, 1}, 
MIOpen(HIP): 	algo = 5
MIOpen(HIP): 	beta = 0x7ffd68b9f550
MIOpen(HIP): 	yDesc = {1, 3072, 1, 34, 25}, {2611200, 1, 2611200, 76800, 3072}, packed, 
MIOpen(HIP): 	y = 0x7d6dd9c20000
MIOpen(HIP): 	workSpace = nullptr
MIOpen(HIP): 	workSpaceSize = 0
MIOpen(HIP): }
MIOpen(HIP): Command [LogCmdConvolution] ./bin/MIOpenDriver convbfp16 -n 1 -c 48 --in_d 1 -H 68 -W 50 -k 3072 --fil_d 1 -y 2 -x 2 --pad_d 0 -p 0 -q 0 --conv_stride_d 1 -u 2 -v 2 --dilation_d 1 -l 1 -j 1 --spatial_dim 3 --in_layout NDHWC --fil_layout NDHWC --out_layout NDHWC -m conv -g 1 -F 1 -t 1
MIOpen(HIP): Info [ConvolutionForward] algo = 5, workspace = 0
MIOpen(HIP): Info2 [GetInvoker] Returning an invoker for problem 48x1x68x50x1x2x2x3072x1x34x25x1xNDHWCxNDHWCxNDHWCxBF16x0x0x0x1x2x2x1x1x1x1xFxDefault and algorithm miopenConvolutionFwdAlgoImplicitGEMM
MIOpen(HIP): miopenStatus_t miopenDestroyConvolutionDescriptor(miopenConvolutionDescriptor_t){
MIOpen(HIP): 	convDesc = conv3d, miopenConvolution, miopenPaddingDefault, {0, 0, 0}, {1, 2, 2}, {1, 1, 1}, 
MIOpen(HIP): }
MIOpen(HIP): miopenStatus_t miopenDestroyTensorDescriptor(miopenTensorDescriptor_t){
MIOpen(HIP): 	tensorDesc = {3072, 48, 1, 2, 2}, {192, 1, 192, 96, 48}, packed, 
MIOpen(HIP): }
MIOpen(HIP): miopenStatus_t miopenDestroyTensorDescriptor(miopenTensorDescriptor_t){
MIOpen(HIP): 	tensorDesc = {1, 3072, 1, 34, 25}, {2611200, 1, 2611200, 76800, 3072}, packed, 
MIOpen(HIP): }
MIOpen(HIP): miopenStatus_t miopenDestroyTensorDescriptor(miopenTensorDescriptor_t){
MIOpen(HIP): 	tensorDesc = {1, 48, 1, 68, 50}, {163200, 1, 163200, 2400, 48}, packed, 
MIOpen(HIP): }
 86%|████████▌ | 43/50 [00:23<00:03,  1.85it/s]MIOpen(HIP): Info [get_device_name] Raw device name: gfx1100
MIOpen(HIP): Info [SetStream] stream: 0, device_id: 0
MIOpen(HIP): miopenStatus_t miopenCreateTensorDescriptor(miopenTensorDescriptor_t *){
MIOpen(HIP): 	tensorDesc = 0x5
MIOpen(HIP): }
MIOpen(HIP): miopenStatus_t miopenSetTensorDescriptor(miopenTensorDescriptor_t, miopenDataType_t, int, const int *, const int *){
MIOpen(HIP): 	tensorDesc = {}, {}, packed, 
MIOpen(HIP): 	dataType = 5
MIOpen(HIP): 	nbDims = 5
MIOpen(HIP): 	dim.values = { 1 48 1 68 50 }
MIOpen(HIP): 	stride.values = { 163200 1 163200 2400 48 }
MIOpen(HIP): }
MIOpen(HIP): miopenStatus_t miopenCreateTensorDescriptor(miopenTensorDescriptor_t *){
MIOpen(HIP): 	tensorDesc = 0x96000027d80
MIOpen(HIP): }
MIOpen(HIP): miopenStatus_t miopenSetTensorDescriptor(miopenTensorDescriptor_t, miopenDataType_t, int, const int *, const int *){
MIOpen(HIP): 	tensorDesc = {}, {}, packed, 
MIOpen(HIP): 	dataType = 5
MIOpen(HIP): 	nbDims = 5
MIOpen(HIP): 	dim.values = { 3072 48 1 2 2 }
MIOpen(HIP): 	stride.values = { 192 1 192 96 48 }
MIOpen(HIP): }
MIOpen(HIP): miopenStatus_t miopenCreateTensorDescriptor(miopenTensorDescriptor_t *){
MIOpen(HIP): 	tensorDesc = 0x7d7626d37df6
MIOpen(HIP): }
MIOpen(HIP): miopenStatus_t miopenSetTensorDescriptor(miopenTensorDescriptor_t, miopenDataType_t, int, const int *, const int *){
MIOpen(HIP): 	tensorDesc = {}, {}, packed, 
MIOpen(HIP): 	dataType = 5
MIOpen(HIP): 	nbDims = 5
MIOpen(HIP): 	dim.values = { 1 3072 1 34 25 }
MIOpen(HIP): 	stride.values = { 2611200 1 2611200 76800 3072 }
MIOpen(HIP): }
MIOpen(HIP): miopenStatus_t miopenCreateConvolutionDescriptor(miopenConvolutionDescriptor_t *){
MIOpen(HIP): 	convDesc = 0x7ffd68b9f800
MIOpen(HIP): }
MIOpen(HIP): miopenStatus_t miopenInitConvolutionNdDescriptor(miopenConvolutionDescriptor_t, int, const int *, const int *, const int *, miopenConvolutionMode_t){
MIOpen(HIP): 	convDesc = conv2d, miopenConvolution, miopenPaddingDefault, {0, 0}, {1, 1}, {1, 1}, 
MIOpen(HIP): 	spatialDim = 3
MIOpen(HIP): 	pads = { 0 0 0 }
MIOpen(HIP): 	strides = { 1 2 2 }
MIOpen(HIP): 	dilations = { 1 1 1 }
MIOpen(HIP): 	c_mode = 0
MIOpen(HIP): }
MIOpen(HIP): miopenStatus_t miopenSetConvolutionGroupCount(miopenConvolutionDescriptor_t, int){
MIOpen(HIP): 	convDesc = conv3d, miopenConvolution, miopenPaddingDefault, {0, 0, 0}, {1, 2, 2}, {1, 1, 1}, 
MIOpen(HIP): 	groupCount = 1
MIOpen(HIP): }
MIOpen(HIP): miopenStatus_t miopenSetConvolutionAttribute(miopenConvolutionDescriptor_t, const miopenConvolutionAttrib_t, const int){
MIOpen(HIP): 	convDesc = conv3d, miopenConvolution, miopenPaddingDefault, {0, 0, 0}, {1, 2, 2}, {1, 1, 1}, 
MIOpen(HIP): 	attr = 1
MIOpen(HIP): 	value = 0
MIOpen(HIP): }
MIOpen(HIP): miopenStatus_t miopenConvolutionForward(miopenHandle_t, const void *, const miopenTensorDescriptor_t, const void *, const miopenTensorDescriptor_t, const void *, const miopenConvolutionDescriptor_t, miopenConvFwdAlgorithm_t, const void *, const miopenTensorDescriptor_t, void *, void *, size_t){
MIOpen(HIP): 	handle = stream: 0, device_id: 0
MIOpen(HIP): 	alpha = 0x7ffd68b9f548
MIOpen(HIP): 	xDesc = {1, 48, 1, 68, 50}, {163200, 1, 163200, 2400, 48}, packed, 
MIOpen(HIP): 	x = 0x7d705db00000
MIOpen(HIP): 	wDesc = {3072, 48, 1, 2, 2}, {192, 1, 192, 96, 48}, packed, 
MIOpen(HIP): 	w = 0x7d6e34e00000
MIOpen(HIP): 	convDesc = conv3d, miopenConvolution, miopenPaddingDefault, {0, 0, 0}, {1, 2, 2}, {1, 1, 1}, 
MIOpen(HIP): 	algo = 5
MIOpen(HIP): 	beta = 0x7ffd68b9f550
MIOpen(HIP): 	yDesc = {1, 3072, 1, 34, 25}, {2611200, 1, 2611200, 76800, 3072}, packed, 
MIOpen(HIP): 	y = 0x7d6dd9c20000
MIOpen(HIP): 	workSpace = nullptr
MIOpen(HIP): 	workSpaceSize = 0
MIOpen(HIP): }
MIOpen(HIP): Command [LogCmdConvolution] ./bin/MIOpenDriver convbfp16 -n 1 -c 48 --in_d 1 -H 68 -W 50 -k 3072 --fil_d 1 -y 2 -x 2 --pad_d 0 -p 0 -q 0 --conv_stride_d 1 -u 2 -v 2 --dilation_d 1 -l 1 -j 1 --spatial_dim 3 --in_layout NDHWC --fil_layout NDHWC --out_layout NDHWC -m conv -g 1 -F 1 -t 1
MIOpen(HIP): Info [ConvolutionForward] algo = 5, workspace = 0
MIOpen(HIP): Info2 [GetInvoker] Returning an invoker for problem 48x1x68x50x1x2x2x3072x1x34x25x1xNDHWCxNDHWCxNDHWCxBF16x0x0x0x1x2x2x1x1x1x1xFxDefault and algorithm miopenConvolutionFwdAlgoImplicitGEMM
MIOpen(HIP): miopenStatus_t miopenDestroyConvolutionDescriptor(miopenConvolutionDescriptor_t){
MIOpen(HIP): 	convDesc = conv3d, miopenConvolution, miopenPaddingDefault, {0, 0, 0}, {1, 2, 2}, {1, 1, 1}, 
MIOpen(HIP): }
MIOpen(HIP): miopenStatus_t miopenDestroyTensorDescriptor(miopenTensorDescriptor_t){
MIOpen(HIP): 	tensorDesc = {3072, 48, 1, 2, 2}, {192, 1, 192, 96, 48}, packed, 
MIOpen(HIP): }
MIOpen(HIP): miopenStatus_t miopenDestroyTensorDescriptor(miopenTensorDescriptor_t){
MIOpen(HIP): 	tensorDesc = {1, 3072, 1, 34, 25}, {2611200, 1, 2611200, 76800, 3072}, packed, 
MIOpen(HIP): }
MIOpen(HIP): miopenStatus_t miopenDestroyTensorDescriptor(miopenTensorDescriptor_t){
MIOpen(HIP): 	tensorDesc = {1, 48, 1, 68, 50}, {163200, 1, 163200, 2400, 48}, packed, 
MIOpen(HIP): }
MIOpen(HIP): Info [get_device_name] Raw device name: gfx1100
MIOpen(HIP): Info [SetStream] stream: 0, device_id: 0
MIOpen(HIP): miopenStatus_t miopenCreateTensorDescriptor(miopenTensorDescriptor_t *){
MIOpen(HIP): 	tensorDesc = 0x5
MIOpen(HIP): }
MIOpen(HIP): miopenStatus_t miopenSetTensorDescriptor(miopenTensorDescriptor_t, miopenDataType_t, int, const int *, const int *){
MIOpen(HIP): 	tensorDesc = {}, {}, packed, 
MIOpen(HIP): 	dataType = 5
MIOpen(HIP): 	nbDims = 5
MIOpen(HIP): 	dim.values = { 1 48 1 68 50 }
MIOpen(HIP): 	stride.values = { 163200 1 163200 2400 48 }
MIOpen(HIP): }
MIOpen(HIP): miopenStatus_t miopenCreateTensorDescriptor(miopenTensorDescriptor_t *){
MIOpen(HIP): 	tensorDesc = 0x96000027d80
MIOpen(HIP): }
MIOpen(HIP): miopenStatus_t miopenSetTensorDescriptor(miopenTensorDescriptor_t, miopenDataType_t, int, const int *, const int *){
MIOpen(HIP): 	tensorDesc = {}, {}, packed, 
MIOpen(HIP): 	dataType = 5
MIOpen(HIP): 	nbDims = 5
MIOpen(HIP): 	dim.values = { 3072 48 1 2 2 }
MIOpen(HIP): 	stride.values = { 192 1 192 96 48 }
MIOpen(HIP): }
MIOpen(HIP): miopenStatus_t miopenCreateTensorDescriptor(miopenTensorDescriptor_t *){
MIOpen(HIP): 	tensorDesc = 0x7d7626d37df6
MIOpen(HIP): }
MIOpen(HIP): miopenStatus_t miopenSetTensorDescriptor(miopenTensorDescriptor_t, miopenDataType_t, int, const int *, const int *){
MIOpen(HIP): 	tensorDesc = {}, {}, packed, 
MIOpen(HIP): 	dataType = 5
MIOpen(HIP): 	nbDims = 5
MIOpen(HIP): 	dim.values = { 1 3072 1 34 25 }
MIOpen(HIP): 	stride.values = { 2611200 1 2611200 76800 3072 }
MIOpen(HIP): }
MIOpen(HIP): miopenStatus_t miopenCreateConvolutionDescriptor(miopenConvolutionDescriptor_t *){
MIOpen(HIP): 	convDesc = 0x7ffd68b9f800
MIOpen(HIP): }
MIOpen(HIP): miopenStatus_t miopenInitConvolutionNdDescriptor(miopenConvolutionDescriptor_t, int, const int *, const int *, const int *, miopenConvolutionMode_t){
MIOpen(HIP): 	convDesc = conv2d, miopenConvolution, miopenPaddingDefault, {0, 0}, {1, 1}, {1, 1}, 
MIOpen(HIP): 	spatialDim = 3
MIOpen(HIP): 	pads = { 0 0 0 }
MIOpen(HIP): 	strides = { 1 2 2 }
MIOpen(HIP): 	dilations = { 1 1 1 }
MIOpen(HIP): 	c_mode = 0
MIOpen(HIP): }
MIOpen(HIP): miopenStatus_t miopenSetConvolutionGroupCount(miopenConvolutionDescriptor_t, int){
MIOpen(HIP): 	convDesc = conv3d, miopenConvolution, miopenPaddingDefault, {0, 0, 0}, {1, 2, 2}, {1, 1, 1}, 
MIOpen(HIP): 	groupCount = 1
MIOpen(HIP): }
MIOpen(HIP): miopenStatus_t miopenSetConvolutionAttribute(miopenConvolutionDescriptor_t, const miopenConvolutionAttrib_t, const int){
MIOpen(HIP): 	convDesc = conv3d, miopenConvolution, miopenPaddingDefault, {0, 0, 0}, {1, 2, 2}, {1, 1, 1}, 
MIOpen(HIP): 	attr = 1
MIOpen(HIP): 	value = 0
MIOpen(HIP): }
MIOpen(HIP): miopenStatus_t miopenConvolutionForward(miopenHandle_t, const void *, const miopenTensorDescriptor_t, const void *, const miopenTensorDescriptor_t, const void *, const miopenConvolutionDescriptor_t, miopenConvFwdAlgorithm_t, const void *, const miopenTensorDescriptor_t, void *, void *, size_t){
MIOpen(HIP): 	handle = stream: 0, device_id: 0
MIOpen(HIP): 	alpha = 0x7ffd68b9f548
MIOpen(HIP): 	xDesc = {1, 48, 1, 68, 50}, {163200, 1, 163200, 2400, 48}, packed, 
MIOpen(HIP): 	x = 0x7d705db9f600
MIOpen(HIP): 	wDesc = {3072, 48, 1, 2, 2}, {192, 1, 192, 96, 48}, packed, 
MIOpen(HIP): 	w = 0x7d6e34e00000
MIOpen(HIP): 	convDesc = conv3d, miopenConvolution, miopenPaddingDefault, {0, 0, 0}, {1, 2, 2}, {1, 1, 1}, 
MIOpen(HIP): 	algo = 5
MIOpen(HIP): 	beta = 0x7ffd68b9f550
MIOpen(HIP): 	yDesc = {1, 3072, 1, 34, 25}, {2611200, 1, 2611200, 76800, 3072}, packed, 
MIOpen(HIP): 	y = 0x7d6dd9c20000
MIOpen(HIP): 	workSpace = nullptr
MIOpen(HIP): 	workSpaceSize = 0
MIOpen(HIP): }
MIOpen(HIP): Command [LogCmdConvolution] ./bin/MIOpenDriver convbfp16 -n 1 -c 48 --in_d 1 -H 68 -W 50 -k 3072 --fil_d 1 -y 2 -x 2 --pad_d 0 -p 0 -q 0 --conv_stride_d 1 -u 2 -v 2 --dilation_d 1 -l 1 -j 1 --spatial_dim 3 --in_layout NDHWC --fil_layout NDHWC --out_layout NDHWC -m conv -g 1 -F 1 -t 1
MIOpen(HIP): Info [ConvolutionForward] algo = 5, workspace = 0
MIOpen(HIP): Info2 [GetInvoker] Returning an invoker for problem 48x1x68x50x1x2x2x3072x1x34x25x1xNDHWCxNDHWCxNDHWCxBF16x0x0x0x1x2x2x1x1x1x1xFxDefault and algorithm miopenConvolutionFwdAlgoImplicitGEMM
MIOpen(HIP): miopenStatus_t miopenDestroyConvolutionDescriptor(miopenConvolutionDescriptor_t){
MIOpen(HIP): 	convDesc = conv3d, miopenConvolution, miopenPaddingDefault, {0, 0, 0}, {1, 2, 2}, {1, 1, 1}, 
MIOpen(HIP): }
MIOpen(HIP): miopenStatus_t miopenDestroyTensorDescriptor(miopenTensorDescriptor_t){
MIOpen(HIP): 	tensorDesc = {3072, 48, 1, 2, 2}, {192, 1, 192, 96, 48}, packed, 
MIOpen(HIP): }
MIOpen(HIP): miopenStatus_t miopenDestroyTensorDescriptor(miopenTensorDescriptor_t){
MIOpen(HIP): 	tensorDesc = {1, 3072, 1, 34, 25}, {2611200, 1, 2611200, 76800, 3072}, packed, 
MIOpen(HIP): }
MIOpen(HIP): miopenStatus_t miopenDestroyTensorDescriptor(miopenTensorDescriptor_t){
MIOpen(HIP): 	tensorDesc = {1, 48, 1, 68, 50}, {163200, 1, 163200, 2400, 48}, packed, 
MIOpen(HIP): }
 88%|████████▊ | 44/50 [00:24<00:03,  1.85it/s]MIOpen(HIP): Info [get_device_name] Raw device name: gfx1100
MIOpen(HIP): Info [SetStream] stream: 0, device_id: 0
MIOpen(HIP): miopenStatus_t miopenCreateTensorDescriptor(miopenTensorDescriptor_t *){
MIOpen(HIP): 	tensorDesc = 0x5
MIOpen(HIP): }
MIOpen(HIP): miopenStatus_t miopenSetTensorDescriptor(miopenTensorDescriptor_t, miopenDataType_t, int, const int *, const int *){
MIOpen(HIP): 	tensorDesc = {}, {}, packed, 
MIOpen(HIP): 	dataType = 5
MIOpen(HIP): 	nbDims = 5
MIOpen(HIP): 	dim.values = { 1 48 1 68 50 }
MIOpen(HIP): 	stride.values = { 163200 1 163200 2400 48 }
MIOpen(HIP): }
MIOpen(HIP): miopenStatus_t miopenCreateTensorDescriptor(miopenTensorDescriptor_t *){
MIOpen(HIP): 	tensorDesc = 0x96000027d80
MIOpen(HIP): }
MIOpen(HIP): miopenStatus_t miopenSetTensorDescriptor(miopenTensorDescriptor_t, miopenDataType_t, int, const int *, const int *){
MIOpen(HIP): 	tensorDesc = {}, {}, packed, 
MIOpen(HIP): 	dataType = 5
MIOpen(HIP): 	nbDims = 5
MIOpen(HIP): 	dim.values = { 3072 48 1 2 2 }
MIOpen(HIP): 	stride.values = { 192 1 192 96 48 }
MIOpen(HIP): }
MIOpen(HIP): miopenStatus_t miopenCreateTensorDescriptor(miopenTensorDescriptor_t *){
MIOpen(HIP): 	tensorDesc = 0x7d7626d37df6
MIOpen(HIP): }
MIOpen(HIP): miopenStatus_t miopenSetTensorDescriptor(miopenTensorDescriptor_t, miopenDataType_t, int, const int *, const int *){
MIOpen(HIP): 	tensorDesc = {}, {}, packed, 
MIOpen(HIP): 	dataType = 5
MIOpen(HIP): 	nbDims = 5
MIOpen(HIP): 	dim.values = { 1 3072 1 34 25 }
MIOpen(HIP): 	stride.values = { 2611200 1 2611200 76800 3072 }
MIOpen(HIP): }
MIOpen(HIP): miopenStatus_t miopenCreateConvolutionDescriptor(miopenConvolutionDescriptor_t *){
MIOpen(HIP): 	convDesc = 0x7ffd68b9f800
MIOpen(HIP): }
MIOpen(HIP): miopenStatus_t miopenInitConvolutionNdDescriptor(miopenConvolutionDescriptor_t, int, const int *, const int *, const int *, miopenConvolutionMode_t){
MIOpen(HIP): 	convDesc = conv2d, miopenConvolution, miopenPaddingDefault, {0, 0}, {1, 1}, {1, 1}, 
MIOpen(HIP): 	spatialDim = 3
MIOpen(HIP): 	pads = { 0 0 0 }
MIOpen(HIP): 	strides = { 1 2 2 }
MIOpen(HIP): 	dilations = { 1 1 1 }
MIOpen(HIP): 	c_mode = 0
MIOpen(HIP): }
MIOpen(HIP): miopenStatus_t miopenSetConvolutionGroupCount(miopenConvolutionDescriptor_t, int){
MIOpen(HIP): 	convDesc = conv3d, miopenConvolution, miopenPaddingDefault, {0, 0, 0}, {1, 2, 2}, {1, 1, 1}, 
MIOpen(HIP): 	groupCount = 1
MIOpen(HIP): }
MIOpen(HIP): miopenStatus_t miopenSetConvolutionAttribute(miopenConvolutionDescriptor_t, const miopenConvolutionAttrib_t, const int){
MIOpen(HIP): 	convDesc = conv3d, miopenConvolution, miopenPaddingDefault, {0, 0, 0}, {1, 2, 2}, {1, 1, 1}, 
MIOpen(HIP): 	attr = 1
MIOpen(HIP): 	value = 0
MIOpen(HIP): }
MIOpen(HIP): miopenStatus_t miopenConvolutionForward(miopenHandle_t, const void *, const miopenTensorDescriptor_t, const void *, const miopenTensorDescriptor_t, const void *, const miopenConvolutionDescriptor_t, miopenConvFwdAlgorithm_t, const void *, const miopenTensorDescriptor_t, void *, void *, size_t){
MIOpen(HIP): 	handle = stream: 0, device_id: 0
MIOpen(HIP): 	alpha = 0x7ffd68b9f548
MIOpen(HIP): 	xDesc = {1, 48, 1, 68, 50}, {163200, 1, 163200, 2400, 48}, packed, 
MIOpen(HIP): 	x = 0x7d705db9f600
MIOpen(HIP): 	wDesc = {3072, 48, 1, 2, 2}, {192, 1, 192, 96, 48}, packed, 
MIOpen(HIP): 	w = 0x7d6e34e00000
MIOpen(HIP): 	convDesc = conv3d, miopenConvolution, miopenPaddingDefault, {0, 0, 0}, {1, 2, 2}, {1, 1, 1}, 
MIOpen(HIP): 	algo = 5
MIOpen(HIP): 	beta = 0x7ffd68b9f550
MIOpen(HIP): 	yDesc = {1, 3072, 1, 34, 25}, {2611200, 1, 2611200, 76800, 3072}, packed, 
MIOpen(HIP): 	y = 0x7d6dd9c20000
MIOpen(HIP): 	workSpace = nullptr
MIOpen(HIP): 	workSpaceSize = 0
MIOpen(HIP): }
MIOpen(HIP): Command [LogCmdConvolution] ./bin/MIOpenDriver convbfp16 -n 1 -c 48 --in_d 1 -H 68 -W 50 -k 3072 --fil_d 1 -y 2 -x 2 --pad_d 0 -p 0 -q 0 --conv_stride_d 1 -u 2 -v 2 --dilation_d 1 -l 1 -j 1 --spatial_dim 3 --in_layout NDHWC --fil_layout NDHWC --out_layout NDHWC -m conv -g 1 -F 1 -t 1
MIOpen(HIP): Info [ConvolutionForward] algo = 5, workspace = 0
MIOpen(HIP): Info2 [GetInvoker] Returning an invoker for problem 48x1x68x50x1x2x2x3072x1x34x25x1xNDHWCxNDHWCxNDHWCxBF16x0x0x0x1x2x2x1x1x1x1xFxDefault and algorithm miopenConvolutionFwdAlgoImplicitGEMM
MIOpen(HIP): miopenStatus_t miopenDestroyConvolutionDescriptor(miopenConvolutionDescriptor_t){
MIOpen(HIP): 	convDesc = conv3d, miopenConvolution, miopenPaddingDefault, {0, 0, 0}, {1, 2, 2}, {1, 1, 1}, 
MIOpen(HIP): }
MIOpen(HIP): miopenStatus_t miopenDestroyTensorDescriptor(miopenTensorDescriptor_t){
MIOpen(HIP): 	tensorDesc = {3072, 48, 1, 2, 2}, {192, 1, 192, 96, 48}, packed, 
MIOpen(HIP): }
MIOpen(HIP): miopenStatus_t miopenDestroyTensorDescriptor(miopenTensorDescriptor_t){
MIOpen(HIP): 	tensorDesc = {1, 3072, 1, 34, 25}, {2611200, 1, 2611200, 76800, 3072}, packed, 
MIOpen(HIP): }
MIOpen(HIP): miopenStatus_t miopenDestroyTensorDescriptor(miopenTensorDescriptor_t){
MIOpen(HIP): 	tensorDesc = {1, 48, 1, 68, 50}, {163200, 1, 163200, 2400, 48}, packed, 
MIOpen(HIP): }
MIOpen(HIP): Info [get_device_name] Raw device name: gfx1100
MIOpen(HIP): Info [SetStream] stream: 0, device_id: 0
MIOpen(HIP): miopenStatus_t miopenCreateTensorDescriptor(miopenTensorDescriptor_t *){
MIOpen(HIP): 	tensorDesc = 0x5
MIOpen(HIP): }
MIOpen(HIP): miopenStatus_t miopenSetTensorDescriptor(miopenTensorDescriptor_t, miopenDataType_t, int, const int *, const int *){
MIOpen(HIP): 	tensorDesc = {}, {}, packed, 
MIOpen(HIP): 	dataType = 5
MIOpen(HIP): 	nbDims = 5
MIOpen(HIP): 	dim.values = { 1 48 1 68 50 }
MIOpen(HIP): 	stride.values = { 163200 1 163200 2400 48 }
MIOpen(HIP): }
MIOpen(HIP): miopenStatus_t miopenCreateTensorDescriptor(miopenTensorDescriptor_t *){
MIOpen(HIP): 	tensorDesc = 0x96000027d80
MIOpen(HIP): }
MIOpen(HIP): miopenStatus_t miopenSetTensorDescriptor(miopenTensorDescriptor_t, miopenDataType_t, int, const int *, const int *){
MIOpen(HIP): 	tensorDesc = {}, {}, packed, 
MIOpen(HIP): 	dataType = 5
MIOpen(HIP): 	nbDims = 5
MIOpen(HIP): 	dim.values = { 3072 48 1 2 2 }
MIOpen(HIP): 	stride.values = { 192 1 192 96 48 }
MIOpen(HIP): }
MIOpen(HIP): miopenStatus_t miopenCreateTensorDescriptor(miopenTensorDescriptor_t *){
MIOpen(HIP): 	tensorDesc = 0x7d7626d37df6
MIOpen(HIP): }
MIOpen(HIP): miopenStatus_t miopenSetTensorDescriptor(miopenTensorDescriptor_t, miopenDataType_t, int, const int *, const int *){
MIOpen(HIP): 	tensorDesc = {}, {}, packed, 
MIOpen(HIP): 	dataType = 5
MIOpen(HIP): 	nbDims = 5
MIOpen(HIP): 	dim.values = { 1 3072 1 34 25 }
MIOpen(HIP): 	stride.values = { 2611200 1 2611200 76800 3072 }
MIOpen(HIP): }
MIOpen(HIP): miopenStatus_t miopenCreateConvolutionDescriptor(miopenConvolutionDescriptor_t *){
MIOpen(HIP): 	convDesc = 0x7ffd68b9f800
MIOpen(HIP): }
MIOpen(HIP): miopenStatus_t miopenInitConvolutionNdDescriptor(miopenConvolutionDescriptor_t, int, const int *, const int *, const int *, miopenConvolutionMode_t){
MIOpen(HIP): 	convDesc = conv2d, miopenConvolution, miopenPaddingDefault, {0, 0}, {1, 1}, {1, 1}, 
MIOpen(HIP): 	spatialDim = 3
MIOpen(HIP): 	pads = { 0 0 0 }
MIOpen(HIP): 	strides = { 1 2 2 }
MIOpen(HIP): 	dilations = { 1 1 1 }
MIOpen(HIP): 	c_mode = 0
MIOpen(HIP): }
MIOpen(HIP): miopenStatus_t miopenSetConvolutionGroupCount(miopenConvolutionDescriptor_t, int){
MIOpen(HIP): 	convDesc = conv3d, miopenConvolution, miopenPaddingDefault, {0, 0, 0}, {1, 2, 2}, {1, 1, 1}, 
MIOpen(HIP): 	groupCount = 1
MIOpen(HIP): }
MIOpen(HIP): miopenStatus_t miopenSetConvolutionAttribute(miopenConvolutionDescriptor_t, const miopenConvolutionAttrib_t, const int){
MIOpen(HIP): 	convDesc = conv3d, miopenConvolution, miopenPaddingDefault, {0, 0, 0}, {1, 2, 2}, {1, 1, 1}, 
MIOpen(HIP): 	attr = 1
MIOpen(HIP): 	value = 0
MIOpen(HIP): }
MIOpen(HIP): miopenStatus_t miopenConvolutionForward(miopenHandle_t, const void *, const miopenTensorDescriptor_t, const void *, const miopenTensorDescriptor_t, const void *, const miopenConvolutionDescriptor_t, miopenConvFwdAlgorithm_t, const void *, const miopenTensorDescriptor_t, void *, void *, size_t){
MIOpen(HIP): 	handle = stream: 0, device_id: 0
MIOpen(HIP): 	alpha = 0x7ffd68b9f548
MIOpen(HIP): 	xDesc = {1, 48, 1, 68, 50}, {163200, 1, 163200, 2400, 48}, packed, 
MIOpen(HIP): 	x = 0x7d705db9f600
MIOpen(HIP): 	wDesc = {3072, 48, 1, 2, 2}, {192, 1, 192, 96, 48}, packed, 
MIOpen(HIP): 	w = 0x7d6e34e00000
MIOpen(HIP): 	convDesc = conv3d, miopenConvolution, miopenPaddingDefault, {0, 0, 0}, {1, 2, 2}, {1, 1, 1}, 
MIOpen(HIP): 	algo = 5
MIOpen(HIP): 	beta = 0x7ffd68b9f550
MIOpen(HIP): 	yDesc = {1, 3072, 1, 34, 25}, {2611200, 1, 2611200, 76800, 3072}, packed, 
MIOpen(HIP): 	y = 0x7d6dd9c20000
MIOpen(HIP): 	workSpace = nullptr
MIOpen(HIP): 	workSpaceSize = 0
MIOpen(HIP): }
MIOpen(HIP): Command [LogCmdConvolution] ./bin/MIOpenDriver convbfp16 -n 1 -c 48 --in_d 1 -H 68 -W 50 -k 3072 --fil_d 1 -y 2 -x 2 --pad_d 0 -p 0 -q 0 --conv_stride_d 1 -u 2 -v 2 --dilation_d 1 -l 1 -j 1 --spatial_dim 3 --in_layout NDHWC --fil_layout NDHWC --out_layout NDHWC -m conv -g 1 -F 1 -t 1
MIOpen(HIP): Info [ConvolutionForward] algo = 5, workspace = 0
MIOpen(HIP): Info2 [GetInvoker] Returning an invoker for problem 48x1x68x50x1x2x2x3072x1x34x25x1xNDHWCxNDHWCxNDHWCxBF16x0x0x0x1x2x2x1x1x1x1xFxDefault and algorithm miopenConvolutionFwdAlgoImplicitGEMM
MIOpen(HIP): miopenStatus_t miopenDestroyConvolutionDescriptor(miopenConvolutionDescriptor_t){
MIOpen(HIP): 	convDesc = conv3d, miopenConvolution, miopenPaddingDefault, {0, 0, 0}, {1, 2, 2}, {1, 1, 1}, 
MIOpen(HIP): }
MIOpen(HIP): miopenStatus_t miopenDestroyTensorDescriptor(miopenTensorDescriptor_t){
MIOpen(HIP): 	tensorDesc = {3072, 48, 1, 2, 2}, {192, 1, 192, 96, 48}, packed, 
MIOpen(HIP): }
MIOpen(HIP): miopenStatus_t miopenDestroyTensorDescriptor(miopenTensorDescriptor_t){
MIOpen(HIP): 	tensorDesc = {1, 3072, 1, 34, 25}, {2611200, 1, 2611200, 76800, 3072}, packed, 
MIOpen(HIP): }
MIOpen(HIP): miopenStatus_t miopenDestroyTensorDescriptor(miopenTensorDescriptor_t){
MIOpen(HIP): 	tensorDesc = {1, 48, 1, 68, 50}, {163200, 1, 163200, 2400, 48}, packed, 
MIOpen(HIP): }
 90%|█████████ | 45/50 [00:24<00:02,  1.85it/s]MIOpen(HIP): Info [get_device_name] Raw device name: gfx1100
MIOpen(HIP): Info [SetStream] stream: 0, device_id: 0
MIOpen(HIP): miopenStatus_t miopenCreateTensorDescriptor(miopenTensorDescriptor_t *){
MIOpen(HIP): 	tensorDesc = 0x5
MIOpen(HIP): }
MIOpen(HIP): miopenStatus_t miopenSetTensorDescriptor(miopenTensorDescriptor_t, miopenDataType_t, int, const int *, const int *){
MIOpen(HIP): 	tensorDesc = {}, {}, packed, 
MIOpen(HIP): 	dataType = 5
MIOpen(HIP): 	nbDims = 5
MIOpen(HIP): 	dim.values = { 1 48 1 68 50 }
MIOpen(HIP): 	stride.values = { 163200 1 163200 2400 48 }
MIOpen(HIP): }
MIOpen(HIP): miopenStatus_t miopenCreateTensorDescriptor(miopenTensorDescriptor_t *){
MIOpen(HIP): 	tensorDesc = 0x96000027d80
MIOpen(HIP): }
MIOpen(HIP): miopenStatus_t miopenSetTensorDescriptor(miopenTensorDescriptor_t, miopenDataType_t, int, const int *, const int *){
MIOpen(HIP): 	tensorDesc = {}, {}, packed, 
MIOpen(HIP): 	dataType = 5
MIOpen(HIP): 	nbDims = 5
MIOpen(HIP): 	dim.values = { 3072 48 1 2 2 }
MIOpen(HIP): 	stride.values = { 192 1 192 96 48 }
MIOpen(HIP): }
MIOpen(HIP): miopenStatus_t miopenCreateTensorDescriptor(miopenTensorDescriptor_t *){
MIOpen(HIP): 	tensorDesc = 0x7d7626d37df6
MIOpen(HIP): }
MIOpen(HIP): miopenStatus_t miopenSetTensorDescriptor(miopenTensorDescriptor_t, miopenDataType_t, int, const int *, const int *){
MIOpen(HIP): 	tensorDesc = {}, {}, packed, 
MIOpen(HIP): 	dataType = 5
MIOpen(HIP): 	nbDims = 5
MIOpen(HIP): 	dim.values = { 1 3072 1 34 25 }
MIOpen(HIP): 	stride.values = { 2611200 1 2611200 76800 3072 }
MIOpen(HIP): }
MIOpen(HIP): miopenStatus_t miopenCreateConvolutionDescriptor(miopenConvolutionDescriptor_t *){
MIOpen(HIP): 	convDesc = 0x7ffd68b9f800
MIOpen(HIP): }
MIOpen(HIP): miopenStatus_t miopenInitConvolutionNdDescriptor(miopenConvolutionDescriptor_t, int, const int *, const int *, const int *, miopenConvolutionMode_t){
MIOpen(HIP): 	convDesc = conv2d, miopenConvolution, miopenPaddingDefault, {0, 0}, {1, 1}, {1, 1}, 
MIOpen(HIP): 	spatialDim = 3
MIOpen(HIP): 	pads = { 0 0 0 }
MIOpen(HIP): 	strides = { 1 2 2 }
MIOpen(HIP): 	dilations = { 1 1 1 }
MIOpen(HIP): 	c_mode = 0
MIOpen(HIP): }
MIOpen(HIP): miopenStatus_t miopenSetConvolutionGroupCount(miopenConvolutionDescriptor_t, int){
MIOpen(HIP): 	convDesc = conv3d, miopenConvolution, miopenPaddingDefault, {0, 0, 0}, {1, 2, 2}, {1, 1, 1}, 
MIOpen(HIP): 	groupCount = 1
MIOpen(HIP): }
MIOpen(HIP): miopenStatus_t miopenSetConvolutionAttribute(miopenConvolutionDescriptor_t, const miopenConvolutionAttrib_t, const int){
MIOpen(HIP): 	convDesc = conv3d, miopenConvolution, miopenPaddingDefault, {0, 0, 0}, {1, 2, 2}, {1, 1, 1}, 
MIOpen(HIP): 	attr = 1
MIOpen(HIP): 	value = 0
MIOpen(HIP): }
MIOpen(HIP): miopenStatus_t miopenConvolutionForward(miopenHandle_t, const void *, const miopenTensorDescriptor_t, const void *, const miopenTensorDescriptor_t, const void *, const miopenConvolutionDescriptor_t, miopenConvFwdAlgorithm_t, const void *, const miopenTensorDescriptor_t, void *, void *, size_t){
MIOpen(HIP): 	handle = stream: 0, device_id: 0
MIOpen(HIP): 	alpha = 0x7ffd68b9f548
MIOpen(HIP): 	xDesc = {1, 48, 1, 68, 50}, {163200, 1, 163200, 2400, 48}, packed, 
MIOpen(HIP): 	x = 0x7d705db00000
MIOpen(HIP): 	wDesc = {3072, 48, 1, 2, 2}, {192, 1, 192, 96, 48}, packed, 
MIOpen(HIP): 	w = 0x7d6e34e00000
MIOpen(HIP): 	convDesc = conv3d, miopenConvolution, miopenPaddingDefault, {0, 0, 0}, {1, 2, 2}, {1, 1, 1}, 
MIOpen(HIP): 	algo = 5
MIOpen(HIP): 	beta = 0x7ffd68b9f550
MIOpen(HIP): 	yDesc = {1, 3072, 1, 34, 25}, {2611200, 1, 2611200, 76800, 3072}, packed, 
MIOpen(HIP): 	y = 0x7d6dd9c20000
MIOpen(HIP): 	workSpace = nullptr
MIOpen(HIP): 	workSpaceSize = 0
MIOpen(HIP): }
MIOpen(HIP): Command [LogCmdConvolution] ./bin/MIOpenDriver convbfp16 -n 1 -c 48 --in_d 1 -H 68 -W 50 -k 3072 --fil_d 1 -y 2 -x 2 --pad_d 0 -p 0 -q 0 --conv_stride_d 1 -u 2 -v 2 --dilation_d 1 -l 1 -j 1 --spatial_dim 3 --in_layout NDHWC --fil_layout NDHWC --out_layout NDHWC -m conv -g 1 -F 1 -t 1
MIOpen(HIP): Info [ConvolutionForward] algo = 5, workspace = 0
MIOpen(HIP): Info2 [GetInvoker] Returning an invoker for problem 48x1x68x50x1x2x2x3072x1x34x25x1xNDHWCxNDHWCxNDHWCxBF16x0x0x0x1x2x2x1x1x1x1xFxDefault and algorithm miopenConvolutionFwdAlgoImplicitGEMM
MIOpen(HIP): miopenStatus_t miopenDestroyConvolutionDescriptor(miopenConvolutionDescriptor_t){
MIOpen(HIP): 	convDesc = conv3d, miopenConvolution, miopenPaddingDefault, {0, 0, 0}, {1, 2, 2}, {1, 1, 1}, 
MIOpen(HIP): }
MIOpen(HIP): miopenStatus_t miopenDestroyTensorDescriptor(miopenTensorDescriptor_t){
MIOpen(HIP): 	tensorDesc = {3072, 48, 1, 2, 2}, {192, 1, 192, 96, 48}, packed, 
MIOpen(HIP): }
MIOpen(HIP): miopenStatus_t miopenDestroyTensorDescriptor(miopenTensorDescriptor_t){
MIOpen(HIP): 	tensorDesc = {1, 3072, 1, 34, 25}, {2611200, 1, 2611200, 76800, 3072}, packed, 
MIOpen(HIP): }
MIOpen(HIP): miopenStatus_t miopenDestroyTensorDescriptor(miopenTensorDescriptor_t){
MIOpen(HIP): 	tensorDesc = {1, 48, 1, 68, 50}, {163200, 1, 163200, 2400, 48}, packed, 
MIOpen(HIP): }
MIOpen(HIP): Info [get_device_name] Raw device name: gfx1100
MIOpen(HIP): Info [SetStream] stream: 0, device_id: 0
MIOpen(HIP): miopenStatus_t miopenCreateTensorDescriptor(miopenTensorDescriptor_t *){
MIOpen(HIP): 	tensorDesc = 0x5
MIOpen(HIP): }
MIOpen(HIP): miopenStatus_t miopenSetTensorDescriptor(miopenTensorDescriptor_t, miopenDataType_t, int, const int *, const int *){
MIOpen(HIP): 	tensorDesc = {}, {}, packed, 
MIOpen(HIP): 	dataType = 5
MIOpen(HIP): 	nbDims = 5
MIOpen(HIP): 	dim.values = { 1 48 1 68 50 }
MIOpen(HIP): 	stride.values = { 163200 1 163200 2400 48 }
MIOpen(HIP): }
MIOpen(HIP): miopenStatus_t miopenCreateTensorDescriptor(miopenTensorDescriptor_t *){
MIOpen(HIP): 	tensorDesc = 0x96000027d80
MIOpen(HIP): }
MIOpen(HIP): miopenStatus_t miopenSetTensorDescriptor(miopenTensorDescriptor_t, miopenDataType_t, int, const int *, const int *){
MIOpen(HIP): 	tensorDesc = {}, {}, packed, 
MIOpen(HIP): 	dataType = 5
MIOpen(HIP): 	nbDims = 5
MIOpen(HIP): 	dim.values = { 3072 48 1 2 2 }
MIOpen(HIP): 	stride.values = { 192 1 192 96 48 }
MIOpen(HIP): }
MIOpen(HIP): miopenStatus_t miopenCreateTensorDescriptor(miopenTensorDescriptor_t *){
MIOpen(HIP): 	tensorDesc = 0x7d7626d37df6
MIOpen(HIP): }
MIOpen(HIP): miopenStatus_t miopenSetTensorDescriptor(miopenTensorDescriptor_t, miopenDataType_t, int, const int *, const int *){
MIOpen(HIP): 	tensorDesc = {}, {}, packed, 
MIOpen(HIP): 	dataType = 5
MIOpen(HIP): 	nbDims = 5
MIOpen(HIP): 	dim.values = { 1 3072 1 34 25 }
MIOpen(HIP): 	stride.values = { 2611200 1 2611200 76800 3072 }
MIOpen(HIP): }
MIOpen(HIP): miopenStatus_t miopenCreateConvolutionDescriptor(miopenConvolutionDescriptor_t *){
MIOpen(HIP): 	convDesc = 0x7ffd68b9f800
MIOpen(HIP): }
MIOpen(HIP): miopenStatus_t miopenInitConvolutionNdDescriptor(miopenConvolutionDescriptor_t, int, const int *, const int *, const int *, miopenConvolutionMode_t){
MIOpen(HIP): 	convDesc = conv2d, miopenConvolution, miopenPaddingDefault, {0, 0}, {1, 1}, {1, 1}, 
MIOpen(HIP): 	spatialDim = 3
MIOpen(HIP): 	pads = { 0 0 0 }
MIOpen(HIP): 	strides = { 1 2 2 }
MIOpen(HIP): 	dilations = { 1 1 1 }
MIOpen(HIP): 	c_mode = 0
MIOpen(HIP): }
MIOpen(HIP): miopenStatus_t miopenSetConvolutionGroupCount(miopenConvolutionDescriptor_t, int){
MIOpen(HIP): 	convDesc = conv3d, miopenConvolution, miopenPaddingDefault, {0, 0, 0}, {1, 2, 2}, {1, 1, 1}, 
MIOpen(HIP): 	groupCount = 1
MIOpen(HIP): }
MIOpen(HIP): miopenStatus_t miopenSetConvolutionAttribute(miopenConvolutionDescriptor_t, const miopenConvolutionAttrib_t, const int){
MIOpen(HIP): 	convDesc = conv3d, miopenConvolution, miopenPaddingDefault, {0, 0, 0}, {1, 2, 2}, {1, 1, 1}, 
MIOpen(HIP): 	attr = 1
MIOpen(HIP): 	value = 0
MIOpen(HIP): }
MIOpen(HIP): miopenStatus_t miopenConvolutionForward(miopenHandle_t, const void *, const miopenTensorDescriptor_t, const void *, const miopenTensorDescriptor_t, const void *, const miopenConvolutionDescriptor_t, miopenConvFwdAlgorithm_t, const void *, const miopenTensorDescriptor_t, void *, void *, size_t){
MIOpen(HIP): 	handle = stream: 0, device_id: 0
MIOpen(HIP): 	alpha = 0x7ffd68b9f548
MIOpen(HIP): 	xDesc = {1, 48, 1, 68, 50}, {163200, 1, 163200, 2400, 48}, packed, 
MIOpen(HIP): 	x = 0x7d705db9f600
MIOpen(HIP): 	wDesc = {3072, 48, 1, 2, 2}, {192, 1, 192, 96, 48}, packed, 
MIOpen(HIP): 	w = 0x7d6e34e00000
MIOpen(HIP): 	convDesc = conv3d, miopenConvolution, miopenPaddingDefault, {0, 0, 0}, {1, 2, 2}, {1, 1, 1}, 
MIOpen(HIP): 	algo = 5
MIOpen(HIP): 	beta = 0x7ffd68b9f550
MIOpen(HIP): 	yDesc = {1, 3072, 1, 34, 25}, {2611200, 1, 2611200, 76800, 3072}, packed, 
MIOpen(HIP): 	y = 0x7d6dd9c20000
MIOpen(HIP): 	workSpace = nullptr
MIOpen(HIP): 	workSpaceSize = 0
MIOpen(HIP): }
MIOpen(HIP): Command [LogCmdConvolution] ./bin/MIOpenDriver convbfp16 -n 1 -c 48 --in_d 1 -H 68 -W 50 -k 3072 --fil_d 1 -y 2 -x 2 --pad_d 0 -p 0 -q 0 --conv_stride_d 1 -u 2 -v 2 --dilation_d 1 -l 1 -j 1 --spatial_dim 3 --in_layout NDHWC --fil_layout NDHWC --out_layout NDHWC -m conv -g 1 -F 1 -t 1
MIOpen(HIP): Info [ConvolutionForward] algo = 5, workspace = 0
MIOpen(HIP): Info2 [GetInvoker] Returning an invoker for problem 48x1x68x50x1x2x2x3072x1x34x25x1xNDHWCxNDHWCxNDHWCxBF16x0x0x0x1x2x2x1x1x1x1xFxDefault and algorithm miopenConvolutionFwdAlgoImplicitGEMM
MIOpen(HIP): miopenStatus_t miopenDestroyConvolutionDescriptor(miopenConvolutionDescriptor_t){
MIOpen(HIP): 	convDesc = conv3d, miopenConvolution, miopenPaddingDefault, {0, 0, 0}, {1, 2, 2}, {1, 1, 1}, 
MIOpen(HIP): }
MIOpen(HIP): miopenStatus_t miopenDestroyTensorDescriptor(miopenTensorDescriptor_t){
MIOpen(HIP): 	tensorDesc = {3072, 48, 1, 2, 2}, {192, 1, 192, 96, 48}, packed, 
MIOpen(HIP): }
MIOpen(HIP): miopenStatus_t miopenDestroyTensorDescriptor(miopenTensorDescriptor_t){
MIOpen(HIP): 	tensorDesc = {1, 3072, 1, 34, 25}, {2611200, 1, 2611200, 76800, 3072}, packed, 
MIOpen(HIP): }
MIOpen(HIP): miopenStatus_t miopenDestroyTensorDescriptor(miopenTensorDescriptor_t){
MIOpen(HIP): 	tensorDesc = {1, 48, 1, 68, 50}, {163200, 1, 163200, 2400, 48}, packed, 
MIOpen(HIP): }
 92%|█████████▏| 46/50 [00:25<00:02,  1.85it/s]MIOpen(HIP): Info [get_device_name] Raw device name: gfx1100
MIOpen(HIP): Info [SetStream] stream: 0, device_id: 0
MIOpen(HIP): miopenStatus_t miopenCreateTensorDescriptor(miopenTensorDescriptor_t *){
MIOpen(HIP): 	tensorDesc = 0x5
MIOpen(HIP): }
MIOpen(HIP): miopenStatus_t miopenSetTensorDescriptor(miopenTensorDescriptor_t, miopenDataType_t, int, const int *, const int *){
MIOpen(HIP): 	tensorDesc = {}, {}, packed, 
MIOpen(HIP): 	dataType = 5
MIOpen(HIP): 	nbDims = 5
MIOpen(HIP): 	dim.values = { 1 48 1 68 50 }
MIOpen(HIP): 	stride.values = { 163200 1 163200 2400 48 }
MIOpen(HIP): }
MIOpen(HIP): miopenStatus_t miopenCreateTensorDescriptor(miopenTensorDescriptor_t *){
MIOpen(HIP): 	tensorDesc = 0x96000027d80
MIOpen(HIP): }
MIOpen(HIP): miopenStatus_t miopenSetTensorDescriptor(miopenTensorDescriptor_t, miopenDataType_t, int, const int *, const int *){
MIOpen(HIP): 	tensorDesc = {}, {}, packed, 
MIOpen(HIP): 	dataType = 5
MIOpen(HIP): 	nbDims = 5
MIOpen(HIP): 	dim.values = { 3072 48 1 2 2 }
MIOpen(HIP): 	stride.values = { 192 1 192 96 48 }
MIOpen(HIP): }
MIOpen(HIP): miopenStatus_t miopenCreateTensorDescriptor(miopenTensorDescriptor_t *){
MIOpen(HIP): 	tensorDesc = 0x7d7626d37df6
MIOpen(HIP): }
MIOpen(HIP): miopenStatus_t miopenSetTensorDescriptor(miopenTensorDescriptor_t, miopenDataType_t, int, const int *, const int *){
MIOpen(HIP): 	tensorDesc = {}, {}, packed, 
MIOpen(HIP): 	dataType = 5
MIOpen(HIP): 	nbDims = 5
MIOpen(HIP): 	dim.values = { 1 3072 1 34 25 }
MIOpen(HIP): 	stride.values = { 2611200 1 2611200 76800 3072 }
MIOpen(HIP): }
MIOpen(HIP): miopenStatus_t miopenCreateConvolutionDescriptor(miopenConvolutionDescriptor_t *){
MIOpen(HIP): 	convDesc = 0x7ffd68b9f800
MIOpen(HIP): }
MIOpen(HIP): miopenStatus_t miopenInitConvolutionNdDescriptor(miopenConvolutionDescriptor_t, int, const int *, const int *, const int *, miopenConvolutionMode_t){
MIOpen(HIP): 	convDesc = conv2d, miopenConvolution, miopenPaddingDefault, {0, 0}, {1, 1}, {1, 1}, 
MIOpen(HIP): 	spatialDim = 3
MIOpen(HIP): 	pads = { 0 0 0 }
MIOpen(HIP): 	strides = { 1 2 2 }
MIOpen(HIP): 	dilations = { 1 1 1 }
MIOpen(HIP): 	c_mode = 0
MIOpen(HIP): }
MIOpen(HIP): miopenStatus_t miopenSetConvolutionGroupCount(miopenConvolutionDescriptor_t, int){
MIOpen(HIP): 	convDesc = conv3d, miopenConvolution, miopenPaddingDefault, {0, 0, 0}, {1, 2, 2}, {1, 1, 1}, 
MIOpen(HIP): 	groupCount = 1
MIOpen(HIP): }
MIOpen(HIP): miopenStatus_t miopenSetConvolutionAttribute(miopenConvolutionDescriptor_t, const miopenConvolutionAttrib_t, const int){
MIOpen(HIP): 	convDesc = conv3d, miopenConvolution, miopenPaddingDefault, {0, 0, 0}, {1, 2, 2}, {1, 1, 1}, 
MIOpen(HIP): 	attr = 1
MIOpen(HIP): 	value = 0
MIOpen(HIP): }
MIOpen(HIP): miopenStatus_t miopenConvolutionForward(miopenHandle_t, const void *, const miopenTensorDescriptor_t, const void *, const miopenTensorDescriptor_t, const void *, const miopenConvolutionDescriptor_t, miopenConvFwdAlgorithm_t, const void *, const miopenTensorDescriptor_t, void *, void *, size_t){
MIOpen(HIP): 	handle = stream: 0, device_id: 0
MIOpen(HIP): 	alpha = 0x7ffd68b9f548
MIOpen(HIP): 	xDesc = {1, 48, 1, 68, 50}, {163200, 1, 163200, 2400, 48}, packed, 
MIOpen(HIP): 	x = 0x7d705db9f600
MIOpen(HIP): 	wDesc = {3072, 48, 1, 2, 2}, {192, 1, 192, 96, 48}, packed, 
MIOpen(HIP): 	w = 0x7d6e34e00000
MIOpen(HIP): 	convDesc = conv3d, miopenConvolution, miopenPaddingDefault, {0, 0, 0}, {1, 2, 2}, {1, 1, 1}, 
MIOpen(HIP): 	algo = 5
MIOpen(HIP): 	beta = 0x7ffd68b9f550
MIOpen(HIP): 	yDesc = {1, 3072, 1, 34, 25}, {2611200, 1, 2611200, 76800, 3072}, packed, 
MIOpen(HIP): 	y = 0x7d6dd9c20000
MIOpen(HIP): 	workSpace = nullptr
MIOpen(HIP): 	workSpaceSize = 0
MIOpen(HIP): }
MIOpen(HIP): Command [LogCmdConvolution] ./bin/MIOpenDriver convbfp16 -n 1 -c 48 --in_d 1 -H 68 -W 50 -k 3072 --fil_d 1 -y 2 -x 2 --pad_d 0 -p 0 -q 0 --conv_stride_d 1 -u 2 -v 2 --dilation_d 1 -l 1 -j 1 --spatial_dim 3 --in_layout NDHWC --fil_layout NDHWC --out_layout NDHWC -m conv -g 1 -F 1 -t 1
MIOpen(HIP): Info [ConvolutionForward] algo = 5, workspace = 0
MIOpen(HIP): Info2 [GetInvoker] Returning an invoker for problem 48x1x68x50x1x2x2x3072x1x34x25x1xNDHWCxNDHWCxNDHWCxBF16x0x0x0x1x2x2x1x1x1x1xFxDefault and algorithm miopenConvolutionFwdAlgoImplicitGEMM
MIOpen(HIP): miopenStatus_t miopenDestroyConvolutionDescriptor(miopenConvolutionDescriptor_t){
MIOpen(HIP): 	convDesc = conv3d, miopenConvolution, miopenPaddingDefault, {0, 0, 0}, {1, 2, 2}, {1, 1, 1}, 
MIOpen(HIP): }
MIOpen(HIP): miopenStatus_t miopenDestroyTensorDescriptor(miopenTensorDescriptor_t){
MIOpen(HIP): 	tensorDesc = {3072, 48, 1, 2, 2}, {192, 1, 192, 96, 48}, packed, 
MIOpen(HIP): }
MIOpen(HIP): miopenStatus_t miopenDestroyTensorDescriptor(miopenTensorDescriptor_t){
MIOpen(HIP): 	tensorDesc = {1, 3072, 1, 34, 25}, {2611200, 1, 2611200, 76800, 3072}, packed, 
MIOpen(HIP): }
MIOpen(HIP): miopenStatus_t miopenDestroyTensorDescriptor(miopenTensorDescriptor_t){
MIOpen(HIP): 	tensorDesc = {1, 48, 1, 68, 50}, {163200, 1, 163200, 2400, 48}, packed, 
MIOpen(HIP): }
MIOpen(HIP): Info [get_device_name] Raw device name: gfx1100
MIOpen(HIP): Info [SetStream] stream: 0, device_id: 0
MIOpen(HIP): miopenStatus_t miopenCreateTensorDescriptor(miopenTensorDescriptor_t *){
MIOpen(HIP): 	tensorDesc = 0x5
MIOpen(HIP): }
MIOpen(HIP): miopenStatus_t miopenSetTensorDescriptor(miopenTensorDescriptor_t, miopenDataType_t, int, const int *, const int *){
MIOpen(HIP): 	tensorDesc = {}, {}, packed, 
MIOpen(HIP): 	dataType = 5
MIOpen(HIP): 	nbDims = 5
MIOpen(HIP): 	dim.values = { 1 48 1 68 50 }
MIOpen(HIP): 	stride.values = { 163200 1 163200 2400 48 }
MIOpen(HIP): }
MIOpen(HIP): miopenStatus_t miopenCreateTensorDescriptor(miopenTensorDescriptor_t *){
MIOpen(HIP): 	tensorDesc = 0x96000027d80
MIOpen(HIP): }
MIOpen(HIP): miopenStatus_t miopenSetTensorDescriptor(miopenTensorDescriptor_t, miopenDataType_t, int, const int *, const int *){
MIOpen(HIP): 	tensorDesc = {}, {}, packed, 
MIOpen(HIP): 	dataType = 5
MIOpen(HIP): 	nbDims = 5
MIOpen(HIP): 	dim.values = { 3072 48 1 2 2 }
MIOpen(HIP): 	stride.values = { 192 1 192 96 48 }
MIOpen(HIP): }
MIOpen(HIP): miopenStatus_t miopenCreateTensorDescriptor(miopenTensorDescriptor_t *){
MIOpen(HIP): 	tensorDesc = 0x7d7626d37df6
MIOpen(HIP): }
MIOpen(HIP): miopenStatus_t miopenSetTensorDescriptor(miopenTensorDescriptor_t, miopenDataType_t, int, const int *, const int *){
MIOpen(HIP): 	tensorDesc = {}, {}, packed, 
MIOpen(HIP): 	dataType = 5
MIOpen(HIP): 	nbDims = 5
MIOpen(HIP): 	dim.values = { 1 3072 1 34 25 }
MIOpen(HIP): 	stride.values = { 2611200 1 2611200 76800 3072 }
MIOpen(HIP): }
MIOpen(HIP): miopenStatus_t miopenCreateConvolutionDescriptor(miopenConvolutionDescriptor_t *){
MIOpen(HIP): 	convDesc = 0x7ffd68b9f800
MIOpen(HIP): }
MIOpen(HIP): miopenStatus_t miopenInitConvolutionNdDescriptor(miopenConvolutionDescriptor_t, int, const int *, const int *, const int *, miopenConvolutionMode_t){
MIOpen(HIP): 	convDesc = conv2d, miopenConvolution, miopenPaddingDefault, {0, 0}, {1, 1}, {1, 1}, 
MIOpen(HIP): 	spatialDim = 3
MIOpen(HIP): 	pads = { 0 0 0 }
MIOpen(HIP): 	strides = { 1 2 2 }
MIOpen(HIP): 	dilations = { 1 1 1 }
MIOpen(HIP): 	c_mode = 0
MIOpen(HIP): }
MIOpen(HIP): miopenStatus_t miopenSetConvolutionGroupCount(miopenConvolutionDescriptor_t, int){
MIOpen(HIP): 	convDesc = conv3d, miopenConvolution, miopenPaddingDefault, {0, 0, 0}, {1, 2, 2}, {1, 1, 1}, 
MIOpen(HIP): 	groupCount = 1
MIOpen(HIP): }
MIOpen(HIP): miopenStatus_t miopenSetConvolutionAttribute(miopenConvolutionDescriptor_t, const miopenConvolutionAttrib_t, const int){
MIOpen(HIP): 	convDesc = conv3d, miopenConvolution, miopenPaddingDefault, {0, 0, 0}, {1, 2, 2}, {1, 1, 1}, 
MIOpen(HIP): 	attr = 1
MIOpen(HIP): 	value = 0
MIOpen(HIP): }
MIOpen(HIP): miopenStatus_t miopenConvolutionForward(miopenHandle_t, const void *, const miopenTensorDescriptor_t, const void *, const miopenTensorDescriptor_t, const void *, const miopenConvolutionDescriptor_t, miopenConvFwdAlgorithm_t, const void *, const miopenTensorDescriptor_t, void *, void *, size_t){
MIOpen(HIP): 	handle = stream: 0, device_id: 0
MIOpen(HIP): 	alpha = 0x7ffd68b9f548
MIOpen(HIP): 	xDesc = {1, 48, 1, 68, 50}, {163200, 1, 163200, 2400, 48}, packed, 
MIOpen(HIP): 	x = 0x7d705db9f600
MIOpen(HIP): 	wDesc = {3072, 48, 1, 2, 2}, {192, 1, 192, 96, 48}, packed, 
MIOpen(HIP): 	w = 0x7d6e34e00000
MIOpen(HIP): 	convDesc = conv3d, miopenConvolution, miopenPaddingDefault, {0, 0, 0}, {1, 2, 2}, {1, 1, 1}, 
MIOpen(HIP): 	algo = 5
MIOpen(HIP): 	beta = 0x7ffd68b9f550
MIOpen(HIP): 	yDesc = {1, 3072, 1, 34, 25}, {2611200, 1, 2611200, 76800, 3072}, packed, 
MIOpen(HIP): 	y = 0x7d6dd9c20000
MIOpen(HIP): 	workSpace = nullptr
MIOpen(HIP): 	workSpaceSize = 0
MIOpen(HIP): }
MIOpen(HIP): Command [LogCmdConvolution] ./bin/MIOpenDriver convbfp16 -n 1 -c 48 --in_d 1 -H 68 -W 50 -k 3072 --fil_d 1 -y 2 -x 2 --pad_d 0 -p 0 -q 0 --conv_stride_d 1 -u 2 -v 2 --dilation_d 1 -l 1 -j 1 --spatial_dim 3 --in_layout NDHWC --fil_layout NDHWC --out_layout NDHWC -m conv -g 1 -F 1 -t 1
MIOpen(HIP): Info [ConvolutionForward] algo = 5, workspace = 0
MIOpen(HIP): Info2 [GetInvoker] Returning an invoker for problem 48x1x68x50x1x2x2x3072x1x34x25x1xNDHWCxNDHWCxNDHWCxBF16x0x0x0x1x2x2x1x1x1x1xFxDefault and algorithm miopenConvolutionFwdAlgoImplicitGEMM
MIOpen(HIP): miopenStatus_t miopenDestroyConvolutionDescriptor(miopenConvolutionDescriptor_t){
MIOpen(HIP): 	convDesc = conv3d, miopenConvolution, miopenPaddingDefault, {0, 0, 0}, {1, 2, 2}, {1, 1, 1}, 
MIOpen(HIP): }
MIOpen(HIP): miopenStatus_t miopenDestroyTensorDescriptor(miopenTensorDescriptor_t){
MIOpen(HIP): 	tensorDesc = {3072, 48, 1, 2, 2}, {192, 1, 192, 96, 48}, packed, 
MIOpen(HIP): }
MIOpen(HIP): miopenStatus_t miopenDestroyTensorDescriptor(miopenTensorDescriptor_t){
MIOpen(HIP): 	tensorDesc = {1, 3072, 1, 34, 25}, {2611200, 1, 2611200, 76800, 3072}, packed, 
MIOpen(HIP): }
MIOpen(HIP): miopenStatus_t miopenDestroyTensorDescriptor(miopenTensorDescriptor_t){
MIOpen(HIP): 	tensorDesc = {1, 48, 1, 68, 50}, {163200, 1, 163200, 2400, 48}, packed, 
MIOpen(HIP): }
 94%|█████████▍| 47/50 [00:25<00:01,  1.85it/s]MIOpen(HIP): Info [get_device_name] Raw device name: gfx1100
MIOpen(HIP): Info [SetStream] stream: 0, device_id: 0
MIOpen(HIP): miopenStatus_t miopenCreateTensorDescriptor(miopenTensorDescriptor_t *){
MIOpen(HIP): 	tensorDesc = 0x5
MIOpen(HIP): }
MIOpen(HIP): miopenStatus_t miopenSetTensorDescriptor(miopenTensorDescriptor_t, miopenDataType_t, int, const int *, const int *){
MIOpen(HIP): 	tensorDesc = {}, {}, packed, 
MIOpen(HIP): 	dataType = 5
MIOpen(HIP): 	nbDims = 5
MIOpen(HIP): 	dim.values = { 1 48 1 68 50 }
MIOpen(HIP): 	stride.values = { 163200 1 163200 2400 48 }
MIOpen(HIP): }
MIOpen(HIP): miopenStatus_t miopenCreateTensorDescriptor(miopenTensorDescriptor_t *){
MIOpen(HIP): 	tensorDesc = 0x96000027d80
MIOpen(HIP): }
MIOpen(HIP): miopenStatus_t miopenSetTensorDescriptor(miopenTensorDescriptor_t, miopenDataType_t, int, const int *, const int *){
MIOpen(HIP): 	tensorDesc = {}, {}, packed, 
MIOpen(HIP): 	dataType = 5
MIOpen(HIP): 	nbDims = 5
MIOpen(HIP): 	dim.values = { 3072 48 1 2 2 }
MIOpen(HIP): 	stride.values = { 192 1 192 96 48 }
MIOpen(HIP): }
MIOpen(HIP): miopenStatus_t miopenCreateTensorDescriptor(miopenTensorDescriptor_t *){
MIOpen(HIP): 	tensorDesc = 0x7d7626d37df6
MIOpen(HIP): }
MIOpen(HIP): miopenStatus_t miopenSetTensorDescriptor(miopenTensorDescriptor_t, miopenDataType_t, int, const int *, const int *){
MIOpen(HIP): 	tensorDesc = {}, {}, packed, 
MIOpen(HIP): 	dataType = 5
MIOpen(HIP): 	nbDims = 5
MIOpen(HIP): 	dim.values = { 1 3072 1 34 25 }
MIOpen(HIP): 	stride.values = { 2611200 1 2611200 76800 3072 }
MIOpen(HIP): }
MIOpen(HIP): miopenStatus_t miopenCreateConvolutionDescriptor(miopenConvolutionDescriptor_t *){
MIOpen(HIP): 	convDesc = 0x7ffd68b9f800
MIOpen(HIP): }
MIOpen(HIP): miopenStatus_t miopenInitConvolutionNdDescriptor(miopenConvolutionDescriptor_t, int, const int *, const int *, const int *, miopenConvolutionMode_t){
MIOpen(HIP): 	convDesc = conv2d, miopenConvolution, miopenPaddingDefault, {0, 0}, {1, 1}, {1, 1}, 
MIOpen(HIP): 	spatialDim = 3
MIOpen(HIP): 	pads = { 0 0 0 }
MIOpen(HIP): 	strides = { 1 2 2 }
MIOpen(HIP): 	dilations = { 1 1 1 }
MIOpen(HIP): 	c_mode = 0
MIOpen(HIP): }
MIOpen(HIP): miopenStatus_t miopenSetConvolutionGroupCount(miopenConvolutionDescriptor_t, int){
MIOpen(HIP): 	convDesc = conv3d, miopenConvolution, miopenPaddingDefault, {0, 0, 0}, {1, 2, 2}, {1, 1, 1}, 
MIOpen(HIP): 	groupCount = 1
MIOpen(HIP): }
MIOpen(HIP): miopenStatus_t miopenSetConvolutionAttribute(miopenConvolutionDescriptor_t, const miopenConvolutionAttrib_t, const int){
MIOpen(HIP): 	convDesc = conv3d, miopenConvolution, miopenPaddingDefault, {0, 0, 0}, {1, 2, 2}, {1, 1, 1}, 
MIOpen(HIP): 	attr = 1
MIOpen(HIP): 	value = 0
MIOpen(HIP): }
MIOpen(HIP): miopenStatus_t miopenConvolutionForward(miopenHandle_t, const void *, const miopenTensorDescriptor_t, const void *, const miopenTensorDescriptor_t, const void *, const miopenConvolutionDescriptor_t, miopenConvFwdAlgorithm_t, const void *, const miopenTensorDescriptor_t, void *, void *, size_t){
MIOpen(HIP): 	handle = stream: 0, device_id: 0
MIOpen(HIP): 	alpha = 0x7ffd68b9f548
MIOpen(HIP): 	xDesc = {1, 48, 1, 68, 50}, {163200, 1, 163200, 2400, 48}, packed, 
MIOpen(HIP): 	x = 0x7d6dd129f600
MIOpen(HIP): 	wDesc = {3072, 48, 1, 2, 2}, {192, 1, 192, 96, 48}, packed, 
MIOpen(HIP): 	w = 0x7d6e34e00000
MIOpen(HIP): 	convDesc = conv3d, miopenConvolution, miopenPaddingDefault, {0, 0, 0}, {1, 2, 2}, {1, 1, 1}, 
MIOpen(HIP): 	algo = 5
MIOpen(HIP): 	beta = 0x7ffd68b9f550
MIOpen(HIP): 	yDesc = {1, 3072, 1, 34, 25}, {2611200, 1, 2611200, 76800, 3072}, packed, 
MIOpen(HIP): 	y = 0x7d6dd9c20000
MIOpen(HIP): 	workSpace = nullptr
MIOpen(HIP): 	workSpaceSize = 0
MIOpen(HIP): }
MIOpen(HIP): Command [LogCmdConvolution] ./bin/MIOpenDriver convbfp16 -n 1 -c 48 --in_d 1 -H 68 -W 50 -k 3072 --fil_d 1 -y 2 -x 2 --pad_d 0 -p 0 -q 0 --conv_stride_d 1 -u 2 -v 2 --dilation_d 1 -l 1 -j 1 --spatial_dim 3 --in_layout NDHWC --fil_layout NDHWC --out_layout NDHWC -m conv -g 1 -F 1 -t 1
MIOpen(HIP): Info [ConvolutionForward] algo = 5, workspace = 0
MIOpen(HIP): Info2 [GetInvoker] Returning an invoker for problem 48x1x68x50x1x2x2x3072x1x34x25x1xNDHWCxNDHWCxNDHWCxBF16x0x0x0x1x2x2x1x1x1x1xFxDefault and algorithm miopenConvolutionFwdAlgoImplicitGEMM
MIOpen(HIP): miopenStatus_t miopenDestroyConvolutionDescriptor(miopenConvolutionDescriptor_t){
MIOpen(HIP): 	convDesc = conv3d, miopenConvolution, miopenPaddingDefault, {0, 0, 0}, {1, 2, 2}, {1, 1, 1}, 
MIOpen(HIP): }
MIOpen(HIP): miopenStatus_t miopenDestroyTensorDescriptor(miopenTensorDescriptor_t){
MIOpen(HIP): 	tensorDesc = {3072, 48, 1, 2, 2}, {192, 1, 192, 96, 48}, packed, 
MIOpen(HIP): }
MIOpen(HIP): miopenStatus_t miopenDestroyTensorDescriptor(miopenTensorDescriptor_t){
MIOpen(HIP): 	tensorDesc = {1, 3072, 1, 34, 25}, {2611200, 1, 2611200, 76800, 3072}, packed, 
MIOpen(HIP): }
MIOpen(HIP): miopenStatus_t miopenDestroyTensorDescriptor(miopenTensorDescriptor_t){
MIOpen(HIP): 	tensorDesc = {1, 48, 1, 68, 50}, {163200, 1, 163200, 2400, 48}, packed, 
MIOpen(HIP): }
MIOpen(HIP): Info [get_device_name] Raw device name: gfx1100
MIOpen(HIP): Info [SetStream] stream: 0, device_id: 0
MIOpen(HIP): miopenStatus_t miopenCreateTensorDescriptor(miopenTensorDescriptor_t *){
MIOpen(HIP): 	tensorDesc = 0x5
MIOpen(HIP): }
MIOpen(HIP): miopenStatus_t miopenSetTensorDescriptor(miopenTensorDescriptor_t, miopenDataType_t, int, const int *, const int *){
MIOpen(HIP): 	tensorDesc = {}, {}, packed, 
MIOpen(HIP): 	dataType = 5
MIOpen(HIP): 	nbDims = 5
MIOpen(HIP): 	dim.values = { 1 48 1 68 50 }
MIOpen(HIP): 	stride.values = { 163200 1 163200 2400 48 }
MIOpen(HIP): }
MIOpen(HIP): miopenStatus_t miopenCreateTensorDescriptor(miopenTensorDescriptor_t *){
MIOpen(HIP): 	tensorDesc = 0x96000027d80
MIOpen(HIP): }
MIOpen(HIP): miopenStatus_t miopenSetTensorDescriptor(miopenTensorDescriptor_t, miopenDataType_t, int, const int *, const int *){
MIOpen(HIP): 	tensorDesc = {}, {}, packed, 
MIOpen(HIP): 	dataType = 5
MIOpen(HIP): 	nbDims = 5
MIOpen(HIP): 	dim.values = { 3072 48 1 2 2 }
MIOpen(HIP): 	stride.values = { 192 1 192 96 48 }
MIOpen(HIP): }
MIOpen(HIP): miopenStatus_t miopenCreateTensorDescriptor(miopenTensorDescriptor_t *){
MIOpen(HIP): 	tensorDesc = 0x7d7626d37df6
MIOpen(HIP): }
MIOpen(HIP): miopenStatus_t miopenSetTensorDescriptor(miopenTensorDescriptor_t, miopenDataType_t, int, const int *, const int *){
MIOpen(HIP): 	tensorDesc = {}, {}, packed, 
MIOpen(HIP): 	dataType = 5
MIOpen(HIP): 	nbDims = 5
MIOpen(HIP): 	dim.values = { 1 3072 1 34 25 }
MIOpen(HIP): 	stride.values = { 2611200 1 2611200 76800 3072 }
MIOpen(HIP): }
MIOpen(HIP): miopenStatus_t miopenCreateConvolutionDescriptor(miopenConvolutionDescriptor_t *){
MIOpen(HIP): 	convDesc = 0x7ffd68b9f800
MIOpen(HIP): }
MIOpen(HIP): miopenStatus_t miopenInitConvolutionNdDescriptor(miopenConvolutionDescriptor_t, int, const int *, const int *, const int *, miopenConvolutionMode_t){
MIOpen(HIP): 	convDesc = conv2d, miopenConvolution, miopenPaddingDefault, {0, 0}, {1, 1}, {1, 1}, 
MIOpen(HIP): 	spatialDim = 3
MIOpen(HIP): 	pads = { 0 0 0 }
MIOpen(HIP): 	strides = { 1 2 2 }
MIOpen(HIP): 	dilations = { 1 1 1 }
MIOpen(HIP): 	c_mode = 0
MIOpen(HIP): }
MIOpen(HIP): miopenStatus_t miopenSetConvolutionGroupCount(miopenConvolutionDescriptor_t, int){
MIOpen(HIP): 	convDesc = conv3d, miopenConvolution, miopenPaddingDefault, {0, 0, 0}, {1, 2, 2}, {1, 1, 1}, 
MIOpen(HIP): 	groupCount = 1
MIOpen(HIP): }
MIOpen(HIP): miopenStatus_t miopenSetConvolutionAttribute(miopenConvolutionDescriptor_t, const miopenConvolutionAttrib_t, const int){
MIOpen(HIP): 	convDesc = conv3d, miopenConvolution, miopenPaddingDefault, {0, 0, 0}, {1, 2, 2}, {1, 1, 1}, 
MIOpen(HIP): 	attr = 1
MIOpen(HIP): 	value = 0
MIOpen(HIP): }
MIOpen(HIP): miopenStatus_t miopenConvolutionForward(miopenHandle_t, const void *, const miopenTensorDescriptor_t, const void *, const miopenTensorDescriptor_t, const void *, const miopenConvolutionDescriptor_t, miopenConvFwdAlgorithm_t, const void *, const miopenTensorDescriptor_t, void *, void *, size_t){
MIOpen(HIP): 	handle = stream: 0, device_id: 0
MIOpen(HIP): 	alpha = 0x7ffd68b9f548
MIOpen(HIP): 	xDesc = {1, 48, 1, 68, 50}, {163200, 1, 163200, 2400, 48}, packed, 
MIOpen(HIP): 	x = 0x7d705db00000
MIOpen(HIP): 	wDesc = {3072, 48, 1, 2, 2}, {192, 1, 192, 96, 48}, packed, 
MIOpen(HIP): 	w = 0x7d6e34e00000
MIOpen(HIP): 	convDesc = conv3d, miopenConvolution, miopenPaddingDefault, {0, 0, 0}, {1, 2, 2}, {1, 1, 1}, 
MIOpen(HIP): 	algo = 5
MIOpen(HIP): 	beta = 0x7ffd68b9f550
MIOpen(HIP): 	yDesc = {1, 3072, 1, 34, 25}, {2611200, 1, 2611200, 76800, 3072}, packed, 
MIOpen(HIP): 	y = 0x7d6dd9c20000
MIOpen(HIP): 	workSpace = nullptr
MIOpen(HIP): 	workSpaceSize = 0
MIOpen(HIP): }
MIOpen(HIP): Command [LogCmdConvolution] ./bin/MIOpenDriver convbfp16 -n 1 -c 48 --in_d 1 -H 68 -W 50 -k 3072 --fil_d 1 -y 2 -x 2 --pad_d 0 -p 0 -q 0 --conv_stride_d 1 -u 2 -v 2 --dilation_d 1 -l 1 -j 1 --spatial_dim 3 --in_layout NDHWC --fil_layout NDHWC --out_layout NDHWC -m conv -g 1 -F 1 -t 1
MIOpen(HIP): Info [ConvolutionForward] algo = 5, workspace = 0
MIOpen(HIP): Info2 [GetInvoker] Returning an invoker for problem 48x1x68x50x1x2x2x3072x1x34x25x1xNDHWCxNDHWCxNDHWCxBF16x0x0x0x1x2x2x1x1x1x1xFxDefault and algorithm miopenConvolutionFwdAlgoImplicitGEMM
MIOpen(HIP): miopenStatus_t miopenDestroyConvolutionDescriptor(miopenConvolutionDescriptor_t){
MIOpen(HIP): 	convDesc = conv3d, miopenConvolution, miopenPaddingDefault, {0, 0, 0}, {1, 2, 2}, {1, 1, 1}, 
MIOpen(HIP): }
MIOpen(HIP): miopenStatus_t miopenDestroyTensorDescriptor(miopenTensorDescriptor_t){
MIOpen(HIP): 	tensorDesc = {3072, 48, 1, 2, 2}, {192, 1, 192, 96, 48}, packed, 
MIOpen(HIP): }
MIOpen(HIP): miopenStatus_t miopenDestroyTensorDescriptor(miopenTensorDescriptor_t){
MIOpen(HIP): 	tensorDesc = {1, 3072, 1, 34, 25}, {2611200, 1, 2611200, 76800, 3072}, packed, 
MIOpen(HIP): }
MIOpen(HIP): miopenStatus_t miopenDestroyTensorDescriptor(miopenTensorDescriptor_t){
MIOpen(HIP): 	tensorDesc = {1, 48, 1, 68, 50}, {163200, 1, 163200, 2400, 48}, packed, 
MIOpen(HIP): }
 96%|█████████▌| 48/50 [00:26<00:01,  1.85it/s]MIOpen(HIP): Info [get_device_name] Raw device name: gfx1100
MIOpen(HIP): Info [SetStream] stream: 0, device_id: 0
MIOpen(HIP): miopenStatus_t miopenCreateTensorDescriptor(miopenTensorDescriptor_t *){
MIOpen(HIP): 	tensorDesc = 0x5
MIOpen(HIP): }
MIOpen(HIP): miopenStatus_t miopenSetTensorDescriptor(miopenTensorDescriptor_t, miopenDataType_t, int, const int *, const int *){
MIOpen(HIP): 	tensorDesc = {}, {}, packed, 
MIOpen(HIP): 	dataType = 5
MIOpen(HIP): 	nbDims = 5
MIOpen(HIP): 	dim.values = { 1 48 1 68 50 }
MIOpen(HIP): 	stride.values = { 163200 1 163200 2400 48 }
MIOpen(HIP): }
MIOpen(HIP): miopenStatus_t miopenCreateTensorDescriptor(miopenTensorDescriptor_t *){
MIOpen(HIP): 	tensorDesc = 0x96000027d80
MIOpen(HIP): }
MIOpen(HIP): miopenStatus_t miopenSetTensorDescriptor(miopenTensorDescriptor_t, miopenDataType_t, int, const int *, const int *){
MIOpen(HIP): 	tensorDesc = {}, {}, packed, 
MIOpen(HIP): 	dataType = 5
MIOpen(HIP): 	nbDims = 5
MIOpen(HIP): 	dim.values = { 3072 48 1 2 2 }
MIOpen(HIP): 	stride.values = { 192 1 192 96 48 }
MIOpen(HIP): }
MIOpen(HIP): miopenStatus_t miopenCreateTensorDescriptor(miopenTensorDescriptor_t *){
MIOpen(HIP): 	tensorDesc = 0x7d7626d37df6
MIOpen(HIP): }
MIOpen(HIP): miopenStatus_t miopenSetTensorDescriptor(miopenTensorDescriptor_t, miopenDataType_t, int, const int *, const int *){
MIOpen(HIP): 	tensorDesc = {}, {}, packed, 
MIOpen(HIP): 	dataType = 5
MIOpen(HIP): 	nbDims = 5
MIOpen(HIP): 	dim.values = { 1 3072 1 34 25 }
MIOpen(HIP): 	stride.values = { 2611200 1 2611200 76800 3072 }
MIOpen(HIP): }
MIOpen(HIP): miopenStatus_t miopenCreateConvolutionDescriptor(miopenConvolutionDescriptor_t *){
MIOpen(HIP): 	convDesc = 0x7ffd68b9f800
MIOpen(HIP): }
MIOpen(HIP): miopenStatus_t miopenInitConvolutionNdDescriptor(miopenConvolutionDescriptor_t, int, const int *, const int *, const int *, miopenConvolutionMode_t){
MIOpen(HIP): 	convDesc = conv2d, miopenConvolution, miopenPaddingDefault, {0, 0}, {1, 1}, {1, 1}, 
MIOpen(HIP): 	spatialDim = 3
MIOpen(HIP): 	pads = { 0 0 0 }
MIOpen(HIP): 	strides = { 1 2 2 }
MIOpen(HIP): 	dilations = { 1 1 1 }
MIOpen(HIP): 	c_mode = 0
MIOpen(HIP): }
MIOpen(HIP): miopenStatus_t miopenSetConvolutionGroupCount(miopenConvolutionDescriptor_t, int){
MIOpen(HIP): 	convDesc = conv3d, miopenConvolution, miopenPaddingDefault, {0, 0, 0}, {1, 2, 2}, {1, 1, 1}, 
MIOpen(HIP): 	groupCount = 1
MIOpen(HIP): }
MIOpen(HIP): miopenStatus_t miopenSetConvolutionAttribute(miopenConvolutionDescriptor_t, const miopenConvolutionAttrib_t, const int){
MIOpen(HIP): 	convDesc = conv3d, miopenConvolution, miopenPaddingDefault, {0, 0, 0}, {1, 2, 2}, {1, 1, 1}, 
MIOpen(HIP): 	attr = 1
MIOpen(HIP): 	value = 0
MIOpen(HIP): }
MIOpen(HIP): miopenStatus_t miopenConvolutionForward(miopenHandle_t, const void *, const miopenTensorDescriptor_t, const void *, const miopenTensorDescriptor_t, const void *, const miopenConvolutionDescriptor_t, miopenConvFwdAlgorithm_t, const void *, const miopenTensorDescriptor_t, void *, void *, size_t){
MIOpen(HIP): 	handle = stream: 0, device_id: 0
MIOpen(HIP): 	alpha = 0x7ffd68b9f548
MIOpen(HIP): 	xDesc = {1, 48, 1, 68, 50}, {163200, 1, 163200, 2400, 48}, packed, 
MIOpen(HIP): 	x = 0x7d705db9f600
MIOpen(HIP): 	wDesc = {3072, 48, 1, 2, 2}, {192, 1, 192, 96, 48}, packed, 
MIOpen(HIP): 	w = 0x7d6e34e00000
MIOpen(HIP): 	convDesc = conv3d, miopenConvolution, miopenPaddingDefault, {0, 0, 0}, {1, 2, 2}, {1, 1, 1}, 
MIOpen(HIP): 	algo = 5
MIOpen(HIP): 	beta = 0x7ffd68b9f550
MIOpen(HIP): 	yDesc = {1, 3072, 1, 34, 25}, {2611200, 1, 2611200, 76800, 3072}, packed, 
MIOpen(HIP): 	y = 0x7d6dd9c20000
MIOpen(HIP): 	workSpace = nullptr
MIOpen(HIP): 	workSpaceSize = 0
MIOpen(HIP): }
MIOpen(HIP): Command [LogCmdConvolution] ./bin/MIOpenDriver convbfp16 -n 1 -c 48 --in_d 1 -H 68 -W 50 -k 3072 --fil_d 1 -y 2 -x 2 --pad_d 0 -p 0 -q 0 --conv_stride_d 1 -u 2 -v 2 --dilation_d 1 -l 1 -j 1 --spatial_dim 3 --in_layout NDHWC --fil_layout NDHWC --out_layout NDHWC -m conv -g 1 -F 1 -t 1
MIOpen(HIP): Info [ConvolutionForward] algo = 5, workspace = 0
MIOpen(HIP): Info2 [GetInvoker] Returning an invoker for problem 48x1x68x50x1x2x2x3072x1x34x25x1xNDHWCxNDHWCxNDHWCxBF16x0x0x0x1x2x2x1x1x1x1xFxDefault and algorithm miopenConvolutionFwdAlgoImplicitGEMM
MIOpen(HIP): miopenStatus_t miopenDestroyConvolutionDescriptor(miopenConvolutionDescriptor_t){
MIOpen(HIP): 	convDesc = conv3d, miopenConvolution, miopenPaddingDefault, {0, 0, 0}, {1, 2, 2}, {1, 1, 1}, 
MIOpen(HIP): }
MIOpen(HIP): miopenStatus_t miopenDestroyTensorDescriptor(miopenTensorDescriptor_t){
MIOpen(HIP): 	tensorDesc = {3072, 48, 1, 2, 2}, {192, 1, 192, 96, 48}, packed, 
MIOpen(HIP): }
MIOpen(HIP): miopenStatus_t miopenDestroyTensorDescriptor(miopenTensorDescriptor_t){
MIOpen(HIP): 	tensorDesc = {1, 3072, 1, 34, 25}, {2611200, 1, 2611200, 76800, 3072}, packed, 
MIOpen(HIP): }
MIOpen(HIP): miopenStatus_t miopenDestroyTensorDescriptor(miopenTensorDescriptor_t){
MIOpen(HIP): 	tensorDesc = {1, 48, 1, 68, 50}, {163200, 1, 163200, 2400, 48}, packed, 
MIOpen(HIP): }
MIOpen(HIP): Info [get_device_name] Raw device name: gfx1100
MIOpen(HIP): Info [SetStream] stream: 0, device_id: 0
MIOpen(HIP): miopenStatus_t miopenCreateTensorDescriptor(miopenTensorDescriptor_t *){
MIOpen(HIP): 	tensorDesc = 0x5
MIOpen(HIP): }
MIOpen(HIP): miopenStatus_t miopenSetTensorDescriptor(miopenTensorDescriptor_t, miopenDataType_t, int, const int *, const int *){
MIOpen(HIP): 	tensorDesc = {}, {}, packed, 
MIOpen(HIP): 	dataType = 5
MIOpen(HIP): 	nbDims = 5
MIOpen(HIP): 	dim.values = { 1 48 1 68 50 }
MIOpen(HIP): 	stride.values = { 163200 1 163200 2400 48 }
MIOpen(HIP): }
MIOpen(HIP): miopenStatus_t miopenCreateTensorDescriptor(miopenTensorDescriptor_t *){
MIOpen(HIP): 	tensorDesc = 0x96000027d80
MIOpen(HIP): }
MIOpen(HIP): miopenStatus_t miopenSetTensorDescriptor(miopenTensorDescriptor_t, miopenDataType_t, int, const int *, const int *){
MIOpen(HIP): 	tensorDesc = {}, {}, packed, 
MIOpen(HIP): 	dataType = 5
MIOpen(HIP): 	nbDims = 5
MIOpen(HIP): 	dim.values = { 3072 48 1 2 2 }
MIOpen(HIP): 	stride.values = { 192 1 192 96 48 }
MIOpen(HIP): }
MIOpen(HIP): miopenStatus_t miopenCreateTensorDescriptor(miopenTensorDescriptor_t *){
MIOpen(HIP): 	tensorDesc = 0x7d7626d37df6
MIOpen(HIP): }
MIOpen(HIP): miopenStatus_t miopenSetTensorDescriptor(miopenTensorDescriptor_t, miopenDataType_t, int, const int *, const int *){
MIOpen(HIP): 	tensorDesc = {}, {}, packed, 
MIOpen(HIP): 	dataType = 5
MIOpen(HIP): 	nbDims = 5
MIOpen(HIP): 	dim.values = { 1 3072 1 34 25 }
MIOpen(HIP): 	stride.values = { 2611200 1 2611200 76800 3072 }
MIOpen(HIP): }
MIOpen(HIP): miopenStatus_t miopenCreateConvolutionDescriptor(miopenConvolutionDescriptor_t *){
MIOpen(HIP): 	convDesc = 0x7ffd68b9f800
MIOpen(HIP): }
MIOpen(HIP): miopenStatus_t miopenInitConvolutionNdDescriptor(miopenConvolutionDescriptor_t, int, const int *, const int *, const int *, miopenConvolutionMode_t){
MIOpen(HIP): 	convDesc = conv2d, miopenConvolution, miopenPaddingDefault, {0, 0}, {1, 1}, {1, 1}, 
MIOpen(HIP): 	spatialDim = 3
MIOpen(HIP): 	pads = { 0 0 0 }
MIOpen(HIP): 	strides = { 1 2 2 }
MIOpen(HIP): 	dilations = { 1 1 1 }
MIOpen(HIP): 	c_mode = 0
MIOpen(HIP): }
MIOpen(HIP): miopenStatus_t miopenSetConvolutionGroupCount(miopenConvolutionDescriptor_t, int){
MIOpen(HIP): 	convDesc = conv3d, miopenConvolution, miopenPaddingDefault, {0, 0, 0}, {1, 2, 2}, {1, 1, 1}, 
MIOpen(HIP): 	groupCount = 1
MIOpen(HIP): }
MIOpen(HIP): miopenStatus_t miopenSetConvolutionAttribute(miopenConvolutionDescriptor_t, const miopenConvolutionAttrib_t, const int){
MIOpen(HIP): 	convDesc = conv3d, miopenConvolution, miopenPaddingDefault, {0, 0, 0}, {1, 2, 2}, {1, 1, 1}, 
MIOpen(HIP): 	attr = 1
MIOpen(HIP): 	value = 0
MIOpen(HIP): }
MIOpen(HIP): miopenStatus_t miopenConvolutionForward(miopenHandle_t, const void *, const miopenTensorDescriptor_t, const void *, const miopenTensorDescriptor_t, const void *, const miopenConvolutionDescriptor_t, miopenConvFwdAlgorithm_t, const void *, const miopenTensorDescriptor_t, void *, void *, size_t){
MIOpen(HIP): 	handle = stream: 0, device_id: 0
MIOpen(HIP): 	alpha = 0x7ffd68b9f548
MIOpen(HIP): 	xDesc = {1, 48, 1, 68, 50}, {163200, 1, 163200, 2400, 48}, packed, 
MIOpen(HIP): 	x = 0x7d705db9f600
MIOpen(HIP): 	wDesc = {3072, 48, 1, 2, 2}, {192, 1, 192, 96, 48}, packed, 
MIOpen(HIP): 	w = 0x7d6e34e00000
MIOpen(HIP): 	convDesc = conv3d, miopenConvolution, miopenPaddingDefault, {0, 0, 0}, {1, 2, 2}, {1, 1, 1}, 
MIOpen(HIP): 	algo = 5
MIOpen(HIP): 	beta = 0x7ffd68b9f550
MIOpen(HIP): 	yDesc = {1, 3072, 1, 34, 25}, {2611200, 1, 2611200, 76800, 3072}, packed, 
MIOpen(HIP): 	y = 0x7d6dd9c20000
MIOpen(HIP): 	workSpace = nullptr
MIOpen(HIP): 	workSpaceSize = 0
MIOpen(HIP): }
MIOpen(HIP): Command [LogCmdConvolution] ./bin/MIOpenDriver convbfp16 -n 1 -c 48 --in_d 1 -H 68 -W 50 -k 3072 --fil_d 1 -y 2 -x 2 --pad_d 0 -p 0 -q 0 --conv_stride_d 1 -u 2 -v 2 --dilation_d 1 -l 1 -j 1 --spatial_dim 3 --in_layout NDHWC --fil_layout NDHWC --out_layout NDHWC -m conv -g 1 -F 1 -t 1
MIOpen(HIP): Info [ConvolutionForward] algo = 5, workspace = 0
MIOpen(HIP): Info2 [GetInvoker] Returning an invoker for problem 48x1x68x50x1x2x2x3072x1x34x25x1xNDHWCxNDHWCxNDHWCxBF16x0x0x0x1x2x2x1x1x1x1xFxDefault and algorithm miopenConvolutionFwdAlgoImplicitGEMM
MIOpen(HIP): miopenStatus_t miopenDestroyConvolutionDescriptor(miopenConvolutionDescriptor_t){
MIOpen(HIP): 	convDesc = conv3d, miopenConvolution, miopenPaddingDefault, {0, 0, 0}, {1, 2, 2}, {1, 1, 1}, 
MIOpen(HIP): }
MIOpen(HIP): miopenStatus_t miopenDestroyTensorDescriptor(miopenTensorDescriptor_t){
MIOpen(HIP): 	tensorDesc = {3072, 48, 1, 2, 2}, {192, 1, 192, 96, 48}, packed, 
MIOpen(HIP): }
MIOpen(HIP): miopenStatus_t miopenDestroyTensorDescriptor(miopenTensorDescriptor_t){
MIOpen(HIP): 	tensorDesc = {1, 3072, 1, 34, 25}, {2611200, 1, 2611200, 76800, 3072}, packed, 
MIOpen(HIP): }
MIOpen(HIP): miopenStatus_t miopenDestroyTensorDescriptor(miopenTensorDescriptor_t){
MIOpen(HIP): 	tensorDesc = {1, 48, 1, 68, 50}, {163200, 1, 163200, 2400, 48}, packed, 
MIOpen(HIP): }
 98%|█████████▊| 49/50 [00:26<00:00,  1.85it/s]MIOpen(HIP): Info [get_device_name] Raw device name: gfx1100
MIOpen(HIP): Info [SetStream] stream: 0, device_id: 0
MIOpen(HIP): miopenStatus_t miopenCreateTensorDescriptor(miopenTensorDescriptor_t *){
MIOpen(HIP): 	tensorDesc = 0x5
MIOpen(HIP): }
MIOpen(HIP): miopenStatus_t miopenSetTensorDescriptor(miopenTensorDescriptor_t, miopenDataType_t, int, const int *, const int *){
MIOpen(HIP): 	tensorDesc = {}, {}, packed, 
MIOpen(HIP): 	dataType = 5
MIOpen(HIP): 	nbDims = 5
MIOpen(HIP): 	dim.values = { 1 48 1 68 50 }
MIOpen(HIP): 	stride.values = { 163200 1 163200 2400 48 }
MIOpen(HIP): }
MIOpen(HIP): miopenStatus_t miopenCreateTensorDescriptor(miopenTensorDescriptor_t *){
MIOpen(HIP): 	tensorDesc = 0x96000027d80
MIOpen(HIP): }
MIOpen(HIP): miopenStatus_t miopenSetTensorDescriptor(miopenTensorDescriptor_t, miopenDataType_t, int, const int *, const int *){
MIOpen(HIP): 	tensorDesc = {}, {}, packed, 
MIOpen(HIP): 	dataType = 5
MIOpen(HIP): 	nbDims = 5
MIOpen(HIP): 	dim.values = { 3072 48 1 2 2 }
MIOpen(HIP): 	stride.values = { 192 1 192 96 48 }
MIOpen(HIP): }
MIOpen(HIP): miopenStatus_t miopenCreateTensorDescriptor(miopenTensorDescriptor_t *){
MIOpen(HIP): 	tensorDesc = 0x7d7626d37df6
MIOpen(HIP): }
MIOpen(HIP): miopenStatus_t miopenSetTensorDescriptor(miopenTensorDescriptor_t, miopenDataType_t, int, const int *, const int *){
MIOpen(HIP): 	tensorDesc = {}, {}, packed, 
MIOpen(HIP): 	dataType = 5
MIOpen(HIP): 	nbDims = 5
MIOpen(HIP): 	dim.values = { 1 3072 1 34 25 }
MIOpen(HIP): 	stride.values = { 2611200 1 2611200 76800 3072 }
MIOpen(HIP): }
MIOpen(HIP): miopenStatus_t miopenCreateConvolutionDescriptor(miopenConvolutionDescriptor_t *){
MIOpen(HIP): 	convDesc = 0x7ffd68b9f800
MIOpen(HIP): }
MIOpen(HIP): miopenStatus_t miopenInitConvolutionNdDescriptor(miopenConvolutionDescriptor_t, int, const int *, const int *, const int *, miopenConvolutionMode_t){
MIOpen(HIP): 	convDesc = conv2d, miopenConvolution, miopenPaddingDefault, {0, 0}, {1, 1}, {1, 1}, 
MIOpen(HIP): 	spatialDim = 3
MIOpen(HIP): 	pads = { 0 0 0 }
MIOpen(HIP): 	strides = { 1 2 2 }
MIOpen(HIP): 	dilations = { 1 1 1 }
MIOpen(HIP): 	c_mode = 0
MIOpen(HIP): }
MIOpen(HIP): miopenStatus_t miopenSetConvolutionGroupCount(miopenConvolutionDescriptor_t, int){
MIOpen(HIP): 	convDesc = conv3d, miopenConvolution, miopenPaddingDefault, {0, 0, 0}, {1, 2, 2}, {1, 1, 1}, 
MIOpen(HIP): 	groupCount = 1
MIOpen(HIP): }
MIOpen(HIP): miopenStatus_t miopenSetConvolutionAttribute(miopenConvolutionDescriptor_t, const miopenConvolutionAttrib_t, const int){
MIOpen(HIP): 	convDesc = conv3d, miopenConvolution, miopenPaddingDefault, {0, 0, 0}, {1, 2, 2}, {1, 1, 1}, 
MIOpen(HIP): 	attr = 1
MIOpen(HIP): 	value = 0
MIOpen(HIP): }
MIOpen(HIP): miopenStatus_t miopenConvolutionForward(miopenHandle_t, const void *, const miopenTensorDescriptor_t, const void *, const miopenTensorDescriptor_t, const void *, const miopenConvolutionDescriptor_t, miopenConvFwdAlgorithm_t, const void *, const miopenTensorDescriptor_t, void *, void *, size_t){
MIOpen(HIP): 	handle = stream: 0, device_id: 0
MIOpen(HIP): 	alpha = 0x7ffd68b9f548
MIOpen(HIP): 	xDesc = {1, 48, 1, 68, 50}, {163200, 1, 163200, 2400, 48}, packed, 
MIOpen(HIP): 	x = 0x7d705db9f600
MIOpen(HIP): 	wDesc = {3072, 48, 1, 2, 2}, {192, 1, 192, 96, 48}, packed, 
MIOpen(HIP): 	w = 0x7d6e34e00000
MIOpen(HIP): 	convDesc = conv3d, miopenConvolution, miopenPaddingDefault, {0, 0, 0}, {1, 2, 2}, {1, 1, 1}, 
MIOpen(HIP): 	algo = 5
MIOpen(HIP): 	beta = 0x7ffd68b9f550
MIOpen(HIP): 	yDesc = {1, 3072, 1, 34, 25}, {2611200, 1, 2611200, 76800, 3072}, packed, 
MIOpen(HIP): 	y = 0x7d6dd9c20000
MIOpen(HIP): 	workSpace = nullptr
MIOpen(HIP): 	workSpaceSize = 0
MIOpen(HIP): }
MIOpen(HIP): Command [LogCmdConvolution] ./bin/MIOpenDriver convbfp16 -n 1 -c 48 --in_d 1 -H 68 -W 50 -k 3072 --fil_d 1 -y 2 -x 2 --pad_d 0 -p 0 -q 0 --conv_stride_d 1 -u 2 -v 2 --dilation_d 1 -l 1 -j 1 --spatial_dim 3 --in_layout NDHWC --fil_layout NDHWC --out_layout NDHWC -m conv -g 1 -F 1 -t 1
MIOpen(HIP): Info [ConvolutionForward] algo = 5, workspace = 0
MIOpen(HIP): Info2 [GetInvoker] Returning an invoker for problem 48x1x68x50x1x2x2x3072x1x34x25x1xNDHWCxNDHWCxNDHWCxBF16x0x0x0x1x2x2x1x1x1x1xFxDefault and algorithm miopenConvolutionFwdAlgoImplicitGEMM
MIOpen(HIP): miopenStatus_t miopenDestroyConvolutionDescriptor(miopenConvolutionDescriptor_t){
MIOpen(HIP): 	convDesc = conv3d, miopenConvolution, miopenPaddingDefault, {0, 0, 0}, {1, 2, 2}, {1, 1, 1}, 
MIOpen(HIP): }
MIOpen(HIP): miopenStatus_t miopenDestroyTensorDescriptor(miopenTensorDescriptor_t){
MIOpen(HIP): 	tensorDesc = {3072, 48, 1, 2, 2}, {192, 1, 192, 96, 48}, packed, 
MIOpen(HIP): }
MIOpen(HIP): miopenStatus_t miopenDestroyTensorDescriptor(miopenTensorDescriptor_t){
MIOpen(HIP): 	tensorDesc = {1, 3072, 1, 34, 25}, {2611200, 1, 2611200, 76800, 3072}, packed, 
MIOpen(HIP): }
MIOpen(HIP): miopenStatus_t miopenDestroyTensorDescriptor(miopenTensorDescriptor_t){
MIOpen(HIP): 	tensorDesc = {1, 48, 1, 68, 50}, {163200, 1, 163200, 2400, 48}, packed, 
MIOpen(HIP): }
MIOpen(HIP): Info [get_device_name] Raw device name: gfx1100
MIOpen(HIP): Info [SetStream] stream: 0, device_id: 0
MIOpen(HIP): miopenStatus_t miopenCreateTensorDescriptor(miopenTensorDescriptor_t *){
MIOpen(HIP): 	tensorDesc = 0x5
MIOpen(HIP): }
MIOpen(HIP): miopenStatus_t miopenSetTensorDescriptor(miopenTensorDescriptor_t, miopenDataType_t, int, const int *, const int *){
MIOpen(HIP): 	tensorDesc = {}, {}, packed, 
MIOpen(HIP): 	dataType = 5
MIOpen(HIP): 	nbDims = 5
MIOpen(HIP): 	dim.values = { 1 48 1 68 50 }
MIOpen(HIP): 	stride.values = { 163200 1 163200 2400 48 }
MIOpen(HIP): }
MIOpen(HIP): miopenStatus_t miopenCreateTensorDescriptor(miopenTensorDescriptor_t *){
MIOpen(HIP): 	tensorDesc = 0x96000027d80
MIOpen(HIP): }
MIOpen(HIP): miopenStatus_t miopenSetTensorDescriptor(miopenTensorDescriptor_t, miopenDataType_t, int, const int *, const int *){
MIOpen(HIP): 	tensorDesc = {}, {}, packed, 
MIOpen(HIP): 	dataType = 5
MIOpen(HIP): 	nbDims = 5
MIOpen(HIP): 	dim.values = { 3072 48 1 2 2 }
MIOpen(HIP): 	stride.values = { 192 1 192 96 48 }
MIOpen(HIP): }
MIOpen(HIP): miopenStatus_t miopenCreateTensorDescriptor(miopenTensorDescriptor_t *){
MIOpen(HIP): 	tensorDesc = 0x7d7626d37df6
MIOpen(HIP): }
MIOpen(HIP): miopenStatus_t miopenSetTensorDescriptor(miopenTensorDescriptor_t, miopenDataType_t, int, const int *, const int *){
MIOpen(HIP): 	tensorDesc = {}, {}, packed, 
MIOpen(HIP): 	dataType = 5
MIOpen(HIP): 	nbDims = 5
MIOpen(HIP): 	dim.values = { 1 3072 1 34 25 }
MIOpen(HIP): 	stride.values = { 2611200 1 2611200 76800 3072 }
MIOpen(HIP): }
MIOpen(HIP): miopenStatus_t miopenCreateConvolutionDescriptor(miopenConvolutionDescriptor_t *){
MIOpen(HIP): 	convDesc = 0x7ffd68b9f800
MIOpen(HIP): }
MIOpen(HIP): miopenStatus_t miopenInitConvolutionNdDescriptor(miopenConvolutionDescriptor_t, int, const int *, const int *, const int *, miopenConvolutionMode_t){
MIOpen(HIP): 	convDesc = conv2d, miopenConvolution, miopenPaddingDefault, {0, 0}, {1, 1}, {1, 1}, 
MIOpen(HIP): 	spatialDim = 3
MIOpen(HIP): 	pads = { 0 0 0 }
MIOpen(HIP): 	strides = { 1 2 2 }
MIOpen(HIP): 	dilations = { 1 1 1 }
MIOpen(HIP): 	c_mode = 0
MIOpen(HIP): }
MIOpen(HIP): miopenStatus_t miopenSetConvolutionGroupCount(miopenConvolutionDescriptor_t, int){
MIOpen(HIP): 	convDesc = conv3d, miopenConvolution, miopenPaddingDefault, {0, 0, 0}, {1, 2, 2}, {1, 1, 1}, 
MIOpen(HIP): 	groupCount = 1
MIOpen(HIP): }
MIOpen(HIP): miopenStatus_t miopenSetConvolutionAttribute(miopenConvolutionDescriptor_t, const miopenConvolutionAttrib_t, const int){
MIOpen(HIP): 	convDesc = conv3d, miopenConvolution, miopenPaddingDefault, {0, 0, 0}, {1, 2, 2}, {1, 1, 1}, 
MIOpen(HIP): 	attr = 1
MIOpen(HIP): 	value = 0
MIOpen(HIP): }
MIOpen(HIP): miopenStatus_t miopenConvolutionForward(miopenHandle_t, const void *, const miopenTensorDescriptor_t, const void *, const miopenTensorDescriptor_t, const void *, const miopenConvolutionDescriptor_t, miopenConvFwdAlgorithm_t, const void *, const miopenTensorDescriptor_t, void *, void *, size_t){
MIOpen(HIP): 	handle = stream: 0, device_id: 0
MIOpen(HIP): 	alpha = 0x7ffd68b9f548
MIOpen(HIP): 	xDesc = {1, 48, 1, 68, 50}, {163200, 1, 163200, 2400, 48}, packed, 
MIOpen(HIP): 	x = 0x7d705db9f600
MIOpen(HIP): 	wDesc = {3072, 48, 1, 2, 2}, {192, 1, 192, 96, 48}, packed, 
MIOpen(HIP): 	w = 0x7d6e34e00000
MIOpen(HIP): 	convDesc = conv3d, miopenConvolution, miopenPaddingDefault, {0, 0, 0}, {1, 2, 2}, {1, 1, 1}, 
MIOpen(HIP): 	algo = 5
MIOpen(HIP): 	beta = 0x7ffd68b9f550
MIOpen(HIP): 	yDesc = {1, 3072, 1, 34, 25}, {2611200, 1, 2611200, 76800, 3072}, packed, 
MIOpen(HIP): 	y = 0x7d6dd9c20000
MIOpen(HIP): 	workSpace = nullptr
MIOpen(HIP): 	workSpaceSize = 0
MIOpen(HIP): }
MIOpen(HIP): Command [LogCmdConvolution] ./bin/MIOpenDriver convbfp16 -n 1 -c 48 --in_d 1 -H 68 -W 50 -k 3072 --fil_d 1 -y 2 -x 2 --pad_d 0 -p 0 -q 0 --conv_stride_d 1 -u 2 -v 2 --dilation_d 1 -l 1 -j 1 --spatial_dim 3 --in_layout NDHWC --fil_layout NDHWC --out_layout NDHWC -m conv -g 1 -F 1 -t 1
MIOpen(HIP): Info [ConvolutionForward] algo = 5, workspace = 0
MIOpen(HIP): Info2 [GetInvoker] Returning an invoker for problem 48x1x68x50x1x2x2x3072x1x34x25x1xNDHWCxNDHWCxNDHWCxBF16x0x0x0x1x2x2x1x1x1x1xFxDefault and algorithm miopenConvolutionFwdAlgoImplicitGEMM
MIOpen(HIP): miopenStatus_t miopenDestroyConvolutionDescriptor(miopenConvolutionDescriptor_t){
MIOpen(HIP): 	convDesc = conv3d, miopenConvolution, miopenPaddingDefault, {0, 0, 0}, {1, 2, 2}, {1, 1, 1}, 
MIOpen(HIP): }
MIOpen(HIP): miopenStatus_t miopenDestroyTensorDescriptor(miopenTensorDescriptor_t){
MIOpen(HIP): 	tensorDesc = {3072, 48, 1, 2, 2}, {192, 1, 192, 96, 48}, packed, 
MIOpen(HIP): }
MIOpen(HIP): miopenStatus_t miopenDestroyTensorDescriptor(miopenTensorDescriptor_t){
MIOpen(HIP): 	tensorDesc = {1, 3072, 1, 34, 25}, {2611200, 1, 2611200, 76800, 3072}, packed, 
MIOpen(HIP): }
MIOpen(HIP): miopenStatus_t miopenDestroyTensorDescriptor(miopenTensorDescriptor_t){
MIOpen(HIP): 	tensorDesc = {1, 48, 1, 68, 50}, {163200, 1, 163200, 2400, 48}, packed, 
MIOpen(HIP): }
100%|██████████| 50/50 [00:27<00:00,  1.84it/s]100%|██████████| 50/50 [00:27<00:00,  1.82it/s]
MIOpen(HIP): Info [get_device_name] Raw device name: gfx1100
MIOpen(HIP): Info [SetStream] stream: 0, device_id: 0
MIOpen(HIP): miopenStatus_t miopenCreateTensorDescriptor(miopenTensorDescriptor_t *){
MIOpen(HIP): 	tensorDesc = 0x5
MIOpen(HIP): }
MIOpen(HIP): miopenStatus_t miopenSetTensorDescriptor(miopenTensorDescriptor_t, miopenDataType_t, int, const int *, const int *){
MIOpen(HIP): 	tensorDesc = {}, {}, packed, 
MIOpen(HIP): 	dataType = 5
MIOpen(HIP): 	nbDims = 5
MIOpen(HIP): 	dim.values = { 1 48 1 68 50 }
MIOpen(HIP): 	stride.values = { 163200 1 163200 2400 48 }
MIOpen(HIP): }
MIOpen(HIP): miopenStatus_t miopenCreateTensorDescriptor(miopenTensorDescriptor_t *){
MIOpen(HIP): 	tensorDesc = 0x96000027d80
MIOpen(HIP): }
MIOpen(HIP): miopenStatus_t miopenSetTensorDescriptor(miopenTensorDescriptor_t, miopenDataType_t, int, const int *, const int *){
MIOpen(HIP): 	tensorDesc = {}, {}, packed, 
MIOpen(HIP): 	dataType = 5
MIOpen(HIP): 	nbDims = 5
MIOpen(HIP): 	dim.values = { 48 48 1 1 1 }
MIOpen(HIP): 	stride.values = { 48 1 48 48 48 }
MIOpen(HIP): }
MIOpen(HIP): miopenStatus_t miopenCreateTensorDescriptor(miopenTensorDescriptor_t *){
MIOpen(HIP): 	tensorDesc = 0x7d7626d37df6
MIOpen(HIP): }
MIOpen(HIP): miopenStatus_t miopenSetTensorDescriptor(miopenTensorDescriptor_t, miopenDataType_t, int, const int *, const int *){
MIOpen(HIP): 	tensorDesc = {}, {}, packed, 
MIOpen(HIP): 	dataType = 5
MIOpen(HIP): 	nbDims = 5
MIOpen(HIP): 	dim.values = { 1 48 1 68 50 }
MIOpen(HIP): 	stride.values = { 163200 1 163200 2400 48 }
MIOpen(HIP): }
MIOpen(HIP): miopenStatus_t miopenCreateConvolutionDescriptor(miopenConvolutionDescriptor_t *){
MIOpen(HIP): 	convDesc = 0x7ffd68ba01d0
MIOpen(HIP): }
MIOpen(HIP): miopenStatus_t miopenInitConvolutionNdDescriptor(miopenConvolutionDescriptor_t, int, const int *, const int *, const int *, miopenConvolutionMode_t){
MIOpen(HIP): 	convDesc = conv2d, miopenConvolution, miopenPaddingDefault, {0, 0}, {1, 1}, {1, 1}, 
MIOpen(HIP): 	spatialDim = 3
MIOpen(HIP): 	pads = { 0 0 0 }
MIOpen(HIP): 	strides = { 1 1 1 }
MIOpen(HIP): 	dilations = { 1 1 1 }
MIOpen(HIP): 	c_mode = 0
MIOpen(HIP): }
MIOpen(HIP): miopenStatus_t miopenSetConvolutionGroupCount(miopenConvolutionDescriptor_t, int){
MIOpen(HIP): 	convDesc = conv3d, miopenConvolution, miopenPaddingDefault, {0, 0, 0}, {1, 1, 1}, {1, 1, 1}, 
MIOpen(HIP): 	groupCount = 1
MIOpen(HIP): }
MIOpen(HIP): miopenStatus_t miopenSetConvolutionAttribute(miopenConvolutionDescriptor_t, const miopenConvolutionAttrib_t, const int){
MIOpen(HIP): 	convDesc = conv3d, miopenConvolution, miopenPaddingDefault, {0, 0, 0}, {1, 1, 1}, {1, 1, 1}, 
MIOpen(HIP): 	attr = 1
MIOpen(HIP): 	value = 0
MIOpen(HIP): }
MIOpen(HIP): miopenStatus_t miopenConvolutionForwardGetWorkSpaceSize(miopenHandle_t, const miopenTensorDescriptor_t, const miopenTensorDescriptor_t, const miopenConvolutionDescriptor_t, const miopenTensorDescriptor_t, size_t *){
MIOpen(HIP): 	handle = stream: 0, device_id: 0
MIOpen(HIP): 	wDesc = {48, 48, 1, 1, 1}, {48, 1, 48, 48, 48}, packed, 
MIOpen(HIP): 	xDesc = {1, 48, 1, 68, 50}, {163200, 1, 163200, 2400, 48}, packed, 
MIOpen(HIP): 	convDesc = conv3d, miopenConvolution, miopenPaddingDefault, {0, 0, 0}, {1, 1, 1}, {1, 1, 1}, 
MIOpen(HIP): 	yDesc = {1, 48, 1, 68, 50}, {163200, 1, 163200, 2400, 48}, packed, 
MIOpen(HIP): }
MIOpen(HIP): Info2 [GetWorkSpaceSize] 
MIOpen(HIP): Info [GetSolutions] 
MIOpen(HIP): Info2 [ValidateUnsafe] DB file is older than cache: 534845152696299, 537696530279241
MIOpen(HIP): Info2 [FindRecordUnsafe] Looking for key 48-1-68-50-1x1x1-48-1-68-50-1-0x0x0-1x1x1-1x1x1-0-NDHWC-NDHWC-NDHWC-BF16-F in cache for file "/root/.config/miopen/gfx1100_48.HIP.3_5_1_41dcdea279-dirty.ufdb.txt"
MIOpen(HIP): Info2 [Measure] Db::FindRecord time: 0.079354 ms
MIOpen(HIP): Info2 [GetSolutions] ConvHipImplicitGemm3DChannelLastFwdWmmaops
MIOpen(HIP): Info [GetWorkSpaceSize] 0
MIOpen(HIP): miopenStatus_t miopenFindConvolutionForwardAlgorithm(miopenHandle_t, const miopenTensorDescriptor_t, const void *, const miopenTensorDescriptor_t, const void *, const miopenConvolutionDescriptor_t, const miopenTensorDescriptor_t, void *, const int, int *, miopenConvAlgoPerf_t *, void *, size_t, bool){
MIOpen(HIP): 	handle = stream: 0, device_id: 0
MIOpen(HIP): 	xDesc = {1, 48, 1, 68, 50}, {163200, 1, 163200, 2400, 48}, packed, 
MIOpen(HIP): 	x = 0x7d6dffd7ec00
MIOpen(HIP): 	wDesc = {48, 48, 1, 1, 1}, {48, 1, 48, 48, 48}, packed, 
MIOpen(HIP): 	w = 0x7d6e3c9f7800
MIOpen(HIP): 	convDesc = conv3d, miopenConvolution, miopenPaddingDefault, {0, 0, 0}, {1, 1, 1}, {1, 1, 1}, 
MIOpen(HIP): 	yDesc = {1, 48, 1, 68, 50}, {163200, 1, 163200, 2400, 48}, packed, 
MIOpen(HIP): 	y = 0x7d7062c00000
MIOpen(HIP): 	requestAlgoCount = 1
MIOpen(HIP): 	returnedAlgoCount = 32765
MIOpen(HIP): 	perfResults = 
MIOpen(HIP): 	workSpace = nullptr
MIOpen(HIP): 	workSpaceSize = 0
MIOpen(HIP): 	exhaustiveSearch = 0
MIOpen(HIP): }
MIOpen(HIP): Command [LogCmdFindConvolution] ./bin/MIOpenDriver convbfp16 -n 1 -c 48 --in_d 1 -H 68 -W 50 -k 48 --fil_d 1 -y 1 -x 1 --pad_d 0 -p 0 -q 0 --conv_stride_d 1 -u 1 -v 1 --dilation_d 1 -l 1 -j 1 --spatial_dim 3 --in_layout NDHWC --fil_layout NDHWC --out_layout NDHWC -m conv -g 1 -F 1 -t 1
MIOpen(HIP): Info [FindConvFwdAlgorithm] requestAlgoCount = 1, workspace = 0
MIOpen(HIP): Info [GetSolutions] 
MIOpen(HIP): Info2 [ValidateUnsafe] DB file is older than cache: 534845152696299, 537696530279241
MIOpen(HIP): Info2 [FindRecordUnsafe] Looking for key 48-1-68-50-1x1x1-48-1-68-50-1-0x0x0-1x1x1-1x1x1-0-NDHWC-NDHWC-NDHWC-BF16-F in cache for file "/root/.config/miopen/gfx1100_48.HIP.3_5_1_41dcdea279-dirty.ufdb.txt"
MIOpen(HIP): Info2 [Measure] Db::FindRecord time: 0.039822 ms
MIOpen(HIP): Info2 [GetSolutions] ConvHipImplicitGemm3DChannelLastFwdWmmaops
MIOpen(HIP): Info2 [GetInvoker] Returning an invoker for problem 48x1x68x50x1x1x1x48x1x68x50x1xNDHWCxNDHWCxNDHWCxBF16x0x0x0x1x1x1x1x1x1x1xFxDefault and solver ConvHipImplicitGemm3DChannelLastFwdWmmaops
MIOpen(HIP): Info [FindSolutionImpl] ConvHipImplicitGemm3DChannelLastFwdWmmaops
MIOpen(HIP): Info2 [FindRecordUnsafe] Looking for key 3x48x68x50x1x1x1x1x48x1x0x0x0x1x1x1x1x1x1x0x1xNDHWCxBF16xF in cache for file "/root/.config/miopen/gfx1100_48.HIP.3_5_1_41dcdea279-dirty.udb.txt"
MIOpen(HIP): Info2 [FindRecord] Looking for key 48-1-68-50-1x1x1-48-1-68-50-1-0x0x0-1x1x1-1x1x1-0-NDHWC-NDHWC-NDHWC-BF16-F in file ""
MIOpen(HIP): Info2 [Measure] Db::Load time: 0.023471 ms
MIOpen(HIP): Info [FindSolutionImpl] Perf Db: record not found for: ConvHipImplicitGemm3DChannelLastFwdWmmaops
MIOpen(HIP): Info2 [Register] Invoker registered for algorithm 48x1x68x50x1x1x1x48x1x68x50x1xNDHWCxNDHWCxNDHWCxBF16x0x0x0x1x1x1x1x1x1x1xFxDefault and solver ConvHipImplicitGemm3DChannelLastFwdWmmaops
MIOpen(HIP): Info2 [SetAsFound1_0] Solver ConvHipImplicitGemm3DChannelLastFwdWmmaops registered as find 1.0 best for miopenConvolutionFwdAlgoImplicitGEMM in 48x1x68x50x1x1x1x48x1x68x50x1xNDHWCxNDHWCxNDHWCxBF16x0x0x0x1x1x1x1x1x1x1xFxDefault
MIOpen(HIP): Info [FindConvolution] miopenConvolutionFwdAlgoImplicitGEMM	0.00930465	0
MIOpen(HIP): Info [FillFindReturnParameters] FW Chosen Algorithm: ConvHipImplicitGemm3DChannelLastFwdWmmaops , 0, 0.00930465
MIOpen(HIP): miopenStatus_t miopenConvolutionForward(miopenHandle_t, const void *, const miopenTensorDescriptor_t, const void *, const miopenTensorDescriptor_t, const void *, const miopenConvolutionDescriptor_t, miopenConvFwdAlgorithm_t, const void *, const miopenTensorDescriptor_t, void *, void *, size_t){
MIOpen(HIP): 	handle = stream: 0, device_id: 0
MIOpen(HIP): 	alpha = 0x7ffd68b9ff18
MIOpen(HIP): 	xDesc = {1, 48, 1, 68, 50}, {163200, 1, 163200, 2400, 48}, packed, 
MIOpen(HIP): 	x = 0x7d6dffd7ec00
MIOpen(HIP): 	wDesc = {48, 48, 1, 1, 1}, {48, 1, 48, 48, 48}, packed, 
MIOpen(HIP): 	w = 0x7d6e3c9f7800
MIOpen(HIP): 	convDesc = conv3d, miopenConvolution, miopenPaddingDefault, {0, 0, 0}, {1, 1, 1}, {1, 1, 1}, 
MIOpen(HIP): 	algo = 5
MIOpen(HIP): 	beta = 0x7ffd68b9ff20
MIOpen(HIP): 	yDesc = {1, 48, 1, 68, 50}, {163200, 1, 163200, 2400, 48}, packed, 
MIOpen(HIP): 	y = 0x7d7062c00000
MIOpen(HIP): 	workSpace = nullptr
MIOpen(HIP): 	workSpaceSize = 0
MIOpen(HIP): }
MIOpen(HIP): Command [LogCmdConvolution] ./bin/MIOpenDriver convbfp16 -n 1 -c 48 --in_d 1 -H 68 -W 50 -k 48 --fil_d 1 -y 1 -x 1 --pad_d 0 -p 0 -q 0 --conv_stride_d 1 -u 1 -v 1 --dilation_d 1 -l 1 -j 1 --spatial_dim 3 --in_layout NDHWC --fil_layout NDHWC --out_layout NDHWC -m conv -g 1 -F 1 -t 1
MIOpen(HIP): Info [ConvolutionForward] algo = 5, workspace = 0
MIOpen(HIP): Info2 [GetInvoker] Returning an invoker for problem 48x1x68x50x1x1x1x48x1x68x50x1xNDHWCxNDHWCxNDHWCxBF16x0x0x0x1x1x1x1x1x1x1xFxDefault and algorithm miopenConvolutionFwdAlgoImplicitGEMM
MIOpen(HIP): miopenStatus_t miopenDestroyConvolutionDescriptor(miopenConvolutionDescriptor_t){
MIOpen(HIP): 	convDesc = conv3d, miopenConvolution, miopenPaddingDefault, {0, 0, 0}, {1, 1, 1}, {1, 1, 1}, 
MIOpen(HIP): }
MIOpen(HIP): miopenStatus_t miopenDestroyTensorDescriptor(miopenTensorDescriptor_t){
MIOpen(HIP): 	tensorDesc = {48, 48, 1, 1, 1}, {48, 1, 48, 48, 48}, packed, 
MIOpen(HIP): }
MIOpen(HIP): miopenStatus_t miopenDestroyTensorDescriptor(miopenTensorDescriptor_t){
MIOpen(HIP): 	tensorDesc = {1, 48, 1, 68, 50}, {163200, 1, 163200, 2400, 48}, packed, 
MIOpen(HIP): }
MIOpen(HIP): miopenStatus_t miopenDestroyTensorDescriptor(miopenTensorDescriptor_t){
MIOpen(HIP): 	tensorDesc = {1, 48, 1, 68, 50}, {163200, 1, 163200, 2400, 48}, packed, 
MIOpen(HIP): }
MIOpen(HIP): Info [get_device_name] Raw device name: gfx1100
MIOpen(HIP): Info [SetStream] stream: 0, device_id: 0
MIOpen(HIP): miopenStatus_t miopenCreateTensorDescriptor(miopenTensorDescriptor_t *){
MIOpen(HIP): 	tensorDesc = 0x5
MIOpen(HIP): }
MIOpen(HIP): miopenStatus_t miopenSetTensorDescriptor(miopenTensorDescriptor_t, miopenDataType_t, int, const int *, const int *){
MIOpen(HIP): 	tensorDesc = {}, {}, packed, 
MIOpen(HIP): 	dataType = 5
MIOpen(HIP): 	nbDims = 5
MIOpen(HIP): 	dim.values = { 1 48 3 70 52 }
MIOpen(HIP): 	stride.values = { 524160 1 174720 2496 48 }
MIOpen(HIP): }
MIOpen(HIP): miopenStatus_t miopenCreateTensorDescriptor(miopenTensorDescriptor_t *){
MIOpen(HIP): 	tensorDesc = 0x9c00002aa80
MIOpen(HIP): }
MIOpen(HIP): miopenStatus_t miopenSetTensorDescriptor(miopenTensorDescriptor_t, miopenDataType_t, int, const int *, const int *){
MIOpen(HIP): 	tensorDesc = {}, {}, packed, 
MIOpen(HIP): 	dataType = 5
MIOpen(HIP): 	nbDims = 5
MIOpen(HIP): 	dim.values = { 1024 48 3 3 3 }
MIOpen(HIP): 	stride.values = { 1296 1 432 144 48 }
MIOpen(HIP): }
MIOpen(HIP): miopenStatus_t miopenCreateTensorDescriptor(miopenTensorDescriptor_t *){
MIOpen(HIP): 	tensorDesc = 0x7d7626d37df6
MIOpen(HIP): }
MIOpen(HIP): miopenStatus_t miopenSetTensorDescriptor(miopenTensorDescriptor_t, miopenDataType_t, int, const int *, const int *){
MIOpen(HIP): 	tensorDesc = {}, {}, packed, 
MIOpen(HIP): 	dataType = 5
MIOpen(HIP): 	nbDims = 5
MIOpen(HIP): 	dim.values = { 1 1024 1 68 50 }
MIOpen(HIP): 	stride.values = { 3481600 1 3481600 51200 1024 }
MIOpen(HIP): }
MIOpen(HIP): miopenStatus_t miopenCreateConvolutionDescriptor(miopenConvolutionDescriptor_t *){
MIOpen(HIP): 	convDesc = 0x7ffd68b9f810
MIOpen(HIP): }
MIOpen(HIP): miopenStatus_t miopenInitConvolutionNdDescriptor(miopenConvolutionDescriptor_t, int, const int *, const int *, const int *, miopenConvolutionMode_t){
MIOpen(HIP): 	convDesc = conv2d, miopenConvolution, miopenPaddingDefault, {0, 0}, {1, 1}, {1, 1}, 
MIOpen(HIP): 	spatialDim = 3
MIOpen(HIP): 	pads = { 0 0 0 }
MIOpen(HIP): 	strides = { 1 1 1 }
MIOpen(HIP): 	dilations = { 1 1 1 }
MIOpen(HIP): 	c_mode = 0
MIOpen(HIP): }
MIOpen(HIP): miopenStatus_t miopenSetConvolutionGroupCount(miopenConvolutionDescriptor_t, int){
MIOpen(HIP): 	convDesc = conv3d, miopenConvolution, miopenPaddingDefault, {0, 0, 0}, {1, 1, 1}, {1, 1, 1}, 
MIOpen(HIP): 	groupCount = 1
MIOpen(HIP): }
MIOpen(HIP): miopenStatus_t miopenSetConvolutionAttribute(miopenConvolutionDescriptor_t, const miopenConvolutionAttrib_t, const int){
MIOpen(HIP): 	convDesc = conv3d, miopenConvolution, miopenPaddingDefault, {0, 0, 0}, {1, 1, 1}, {1, 1, 1}, 
MIOpen(HIP): 	attr = 1
MIOpen(HIP): 	value = 0
MIOpen(HIP): }
MIOpen(HIP): miopenStatus_t miopenConvolutionForwardGetWorkSpaceSize(miopenHandle_t, const miopenTensorDescriptor_t, const miopenTensorDescriptor_t, const miopenConvolutionDescriptor_t, const miopenTensorDescriptor_t, size_t *){
MIOpen(HIP): 	handle = stream: 0, device_id: 0
MIOpen(HIP): 	wDesc = {1024, 48, 3, 3, 3}, {1296, 1, 432, 144, 48}, packed, 
MIOpen(HIP): 	xDesc = {1, 48, 3, 70, 52}, {524160, 1, 174720, 2496, 48}, packed, 
MIOpen(HIP): 	convDesc = conv3d, miopenConvolution, miopenPaddingDefault, {0, 0, 0}, {1, 1, 1}, {1, 1, 1}, 
MIOpen(HIP): 	yDesc = {1, 1024, 1, 68, 50}, {3481600, 1, 3481600, 51200, 1024}, packed, 
MIOpen(HIP): }
MIOpen(HIP): Info2 [GetWorkSpaceSize] 
MIOpen(HIP): Info [GetSolutions] 
MIOpen(HIP): Info2 [ValidateUnsafe] DB file is older than cache: 534845152696299, 537696530279241
MIOpen(HIP): Info2 [FindRecordUnsafe] Looking for key 48-3-70-52-3x3x3-1024-1-68-50-1-0x0x0-1x1x1-1x1x1-0-NDHWC-NDHWC-NDHWC-BF16-F in cache for file "/root/.config/miopen/gfx1100_48.HIP.3_5_1_41dcdea279-dirty.ufdb.txt"
MIOpen(HIP): Info2 [Measure] Db::FindRecord time: 0.048982 ms
MIOpen(HIP): Info2 [GetSolutions] ConvHipImplicitGemm3DChannelLastFwdWmmaops
MIOpen(HIP): Info [GetWorkSpaceSize] 0
MIOpen(HIP): miopenStatus_t miopenFindConvolutionForwardAlgorithm(miopenHandle_t, const miopenTensorDescriptor_t, const void *, const miopenTensorDescriptor_t, const void *, const miopenConvolutionDescriptor_t, const miopenTensorDescriptor_t, void *, const int, int *, miopenConvAlgoPerf_t *, void *, size_t, bool){
MIOpen(HIP): 	handle = stream: 0, device_id: 0
MIOpen(HIP): 	xDesc = {1, 48, 3, 70, 52}, {524160, 1, 174720, 2496, 48}, packed, 
MIOpen(HIP): 	x = 0x7d705db00000
MIOpen(HIP): 	wDesc = {1024, 48, 3, 3, 3}, {1296, 1, 432, 144, 48}, packed, 
MIOpen(HIP): 	w = 0x7d6df7712000
MIOpen(HIP): 	convDesc = conv3d, miopenConvolution, miopenPaddingDefault, {0, 0, 0}, {1, 1, 1}, {1, 1, 1}, 
MIOpen(HIP): 	yDesc = {1, 1024, 1, 68, 50}, {3481600, 1, 3481600, 51200, 1024}, packed, 
MIOpen(HIP): 	y = 0x7d705f400000
MIOpen(HIP): 	requestAlgoCount = 1
MIOpen(HIP): 	returnedAlgoCount = 32765
MIOpen(HIP): 	perfResults = 
MIOpen(HIP): 	workSpace = nullptr
MIOpen(HIP): 	workSpaceSize = 0
MIOpen(HIP): 	exhaustiveSearch = 0
MIOpen(HIP): }
MIOpen(HIP): Command [LogCmdFindConvolution] ./bin/MIOpenDriver convbfp16 -n 1 -c 48 --in_d 3 -H 70 -W 52 -k 1024 --fil_d 3 -y 3 -x 3 --pad_d 0 -p 0 -q 0 --conv_stride_d 1 -u 1 -v 1 --dilation_d 1 -l 1 -j 1 --spatial_dim 3 --in_layout NDHWC --fil_layout NDHWC --out_layout NDHWC -m conv -g 1 -F 1 -t 1
MIOpen(HIP): Info [FindConvFwdAlgorithm] requestAlgoCount = 1, workspace = 0
MIOpen(HIP): Info [GetSolutions] 
MIOpen(HIP): Info2 [ValidateUnsafe] DB file is older than cache: 534845152696299, 537696530279241
MIOpen(HIP): Info2 [FindRecordUnsafe] Looking for key 48-3-70-52-3x3x3-1024-1-68-50-1-0x0x0-1x1x1-1x1x1-0-NDHWC-NDHWC-NDHWC-BF16-F in cache for file "/root/.config/miopen/gfx1100_48.HIP.3_5_1_41dcdea279-dirty.ufdb.txt"
MIOpen(HIP): Info2 [Measure] Db::FindRecord time: 0.041082 ms
MIOpen(HIP): Info2 [GetSolutions] ConvHipImplicitGemm3DChannelLastFwdWmmaops
MIOpen(HIP): Info2 [GetInvoker] Returning an invoker for problem 48x3x70x52x3x3x3x1024x1x68x50x1xNDHWCxNDHWCxNDHWCxBF16x0x0x0x1x1x1x1x1x1x1xFxDefault and solver ConvHipImplicitGemm3DChannelLastFwdWmmaops
MIOpen(HIP): Info [FindSolutionImpl] ConvHipImplicitGemm3DChannelLastFwdWmmaops
MIOpen(HIP): Info2 [FindRecordUnsafe] Looking for key 3x48x70x52x3x3x3x3x1024x1x0x0x0x1x1x1x1x1x1x0x1xNDHWCxBF16xF in cache for file "/root/.config/miopen/gfx1100_48.HIP.3_5_1_41dcdea279-dirty.udb.txt"
MIOpen(HIP): Info2 [FindRecord] Looking for key 48-3-70-52-3x3x3-1024-1-68-50-1-0x0x0-1x1x1-1x1x1-0-NDHWC-NDHWC-NDHWC-BF16-F in file ""
MIOpen(HIP): Info2 [Measure] Db::Load time: 0.021111 ms
MIOpen(HIP): Info [FindSolutionImpl] Perf Db: record not found for: ConvHipImplicitGemm3DChannelLastFwdWmmaops
MIOpen(HIP): Info2 [Register] Invoker registered for algorithm 48x3x70x52x3x3x3x1024x1x68x50x1xNDHWCxNDHWCxNDHWCxBF16x0x0x0x1x1x1x1x1x1x1xFxDefault and solver ConvHipImplicitGemm3DChannelLastFwdWmmaops
MIOpen(HIP): Info2 [SetAsFound1_0] Solver ConvHipImplicitGemm3DChannelLastFwdWmmaops registered as find 1.0 best for miopenConvolutionFwdAlgoImplicitGEMM in 48x3x70x52x3x3x3x1024x1x68x50x1xNDHWCxNDHWCxNDHWCxBF16x0x0x0x1x1x1x1x1x1x1xFxDefault
MIOpen(HIP): Info [FindConvolution] miopenConvolutionFwdAlgoImplicitGEMM	1.66297	0
MIOpen(HIP): Info [FillFindReturnParameters] FW Chosen Algorithm: ConvHipImplicitGemm3DChannelLastFwdWmmaops , 0, 1.66297
MIOpen(HIP): miopenStatus_t miopenConvolutionForward(miopenHandle_t, const void *, const miopenTensorDescriptor_t, const void *, const miopenTensorDescriptor_t, const void *, const miopenConvolutionDescriptor_t, miopenConvFwdAlgorithm_t, const void *, const miopenTensorDescriptor_t, void *, void *, size_t){
MIOpen(HIP): 	handle = stream: 0, device_id: 0
MIOpen(HIP): 	alpha = 0x7ffd68b9f558
MIOpen(HIP): 	xDesc = {1, 48, 3, 70, 52}, {524160, 1, 174720, 2496, 48}, packed, 
MIOpen(HIP): 	x = 0x7d705db00000
MIOpen(HIP): 	wDesc = {1024, 48, 3, 3, 3}, {1296, 1, 432, 144, 48}, packed, 
MIOpen(HIP): 	w = 0x7d6df7712000
MIOpen(HIP): 	convDesc = conv3d, miopenConvolution, miopenPaddingDefault, {0, 0, 0}, {1, 1, 1}, {1, 1, 1}, 
MIOpen(HIP): 	algo = 5
MIOpen(HIP): 	beta = 0x7ffd68b9f560
MIOpen(HIP): 	yDesc = {1, 1024, 1, 68, 50}, {3481600, 1, 3481600, 51200, 1024}, packed, 
MIOpen(HIP): 	y = 0x7d705f400000
MIOpen(HIP): 	workSpace = nullptr
MIOpen(HIP): 	workSpaceSize = 0
MIOpen(HIP): }
MIOpen(HIP): Command [LogCmdConvolution] ./bin/MIOpenDriver convbfp16 -n 1 -c 48 --in_d 3 -H 70 -W 52 -k 1024 --fil_d 3 -y 3 -x 3 --pad_d 0 -p 0 -q 0 --conv_stride_d 1 -u 1 -v 1 --dilation_d 1 -l 1 -j 1 --spatial_dim 3 --in_layout NDHWC --fil_layout NDHWC --out_layout NDHWC -m conv -g 1 -F 1 -t 1
MIOpen(HIP): Info [ConvolutionForward] algo = 5, workspace = 0
MIOpen(HIP): Info2 [GetInvoker] Returning an invoker for problem 48x3x70x52x3x3x3x1024x1x68x50x1xNDHWCxNDHWCxNDHWCxBF16x0x0x0x1x1x1x1x1x1x1xFxDefault and algorithm miopenConvolutionFwdAlgoImplicitGEMM
MIOpen(HIP): miopenStatus_t miopenDestroyConvolutionDescriptor(miopenConvolutionDescriptor_t){
MIOpen(HIP): 	convDesc = conv3d, miopenConvolution, miopenPaddingDefault, {0, 0, 0}, {1, 1, 1}, {1, 1, 1}, 
MIOpen(HIP): }
MIOpen(HIP): miopenStatus_t miopenDestroyTensorDescriptor(miopenTensorDescriptor_t){
MIOpen(HIP): 	tensorDesc = {1024, 48, 3, 3, 3}, {1296, 1, 432, 144, 48}, packed, 
MIOpen(HIP): }
MIOpen(HIP): miopenStatus_t miopenDestroyTensorDescriptor(miopenTensorDescriptor_t){
MIOpen(HIP): 	tensorDesc = {1, 1024, 1, 68, 50}, {3481600, 1, 3481600, 51200, 1024}, packed, 
MIOpen(HIP): }
MIOpen(HIP): miopenStatus_t miopenDestroyTensorDescriptor(miopenTensorDescriptor_t){
MIOpen(HIP): 	tensorDesc = {1, 48, 3, 70, 52}, {524160, 1, 174720, 2496, 48}, packed, 
MIOpen(HIP): }
MIOpen(HIP): Info [get_device_name] Raw device name: gfx1100
MIOpen(HIP): Info [SetStream] stream: 0, device_id: 0
MIOpen(HIP): miopenStatus_t miopenCreateTensorDescriptor(miopenTensorDescriptor_t *){
MIOpen(HIP): 	tensorDesc = 0x5
MIOpen(HIP): }
MIOpen(HIP): miopenStatus_t miopenSetTensorDescriptor(miopenTensorDescriptor_t, miopenDataType_t, int, const int *, const int *){
MIOpen(HIP): 	tensorDesc = {}, {}, packed, 
MIOpen(HIP): 	dataType = 5
MIOpen(HIP): 	nbDims = 5
MIOpen(HIP): 	dim.values = { 1 1024 3 70 52 }
MIOpen(HIP): 	stride.values = { 11182080 1 3727360 53248 1024 }
MIOpen(HIP): }
MIOpen(HIP): miopenStatus_t miopenCreateTensorDescriptor(miopenTensorDescriptor_t *){
MIOpen(HIP): 	tensorDesc = 0xd0000038e000
MIOpen(HIP): }
MIOpen(HIP): miopenStatus_t miopenSetTensorDescriptor(miopenTensorDescriptor_t, miopenDataType_t, int, const int *, const int *){
MIOpen(HIP): 	tensorDesc = {}, {}, packed, 
MIOpen(HIP): 	dataType = 5
MIOpen(HIP): 	nbDims = 5
MIOpen(HIP): 	dim.values = { 1024 1024 3 3 3 }
MIOpen(HIP): 	stride.values = { 27648 1 9216 3072 1024 }
MIOpen(HIP): }
MIOpen(HIP): miopenStatus_t miopenCreateTensorDescriptor(miopenTensorDescriptor_t *){
MIOpen(HIP): 	tensorDesc = 0x7d7626d37df6
MIOpen(HIP): }
MIOpen(HIP): miopenStatus_t miopenSetTensorDescriptor(miopenTensorDescriptor_t, miopenDataType_t, int, const int *, const int *){
MIOpen(HIP): 	tensorDesc = {}, {}, packed, 
MIOpen(HIP): 	dataType = 5
MIOpen(HIP): 	nbDims = 5
MIOpen(HIP): 	dim.values = { 1 1024 1 68 50 }
MIOpen(HIP): 	stride.values = { 3481600 1 3481600 51200 1024 }
MIOpen(HIP): }
MIOpen(HIP): miopenStatus_t miopenCreateConvolutionDescriptor(miopenConvolutionDescriptor_t *){
MIOpen(HIP): 	convDesc = 0x7ffd68b9efd0
MIOpen(HIP): }
MIOpen(HIP): miopenStatus_t miopenInitConvolutionNdDescriptor(miopenConvolutionDescriptor_t, int, const int *, const int *, const int *, miopenConvolutionMode_t){
MIOpen(HIP): 	convDesc = conv2d, miopenConvolution, miopenPaddingDefault, {0, 0}, {1, 1}, {1, 1}, 
MIOpen(HIP): 	spatialDim = 3
MIOpen(HIP): 	pads = { 0 0 0 }
MIOpen(HIP): 	strides = { 1 1 1 }
MIOpen(HIP): 	dilations = { 1 1 1 }
MIOpen(HIP): 	c_mode = 0
MIOpen(HIP): }
MIOpen(HIP): miopenStatus_t miopenSetConvolutionGroupCount(miopenConvolutionDescriptor_t, int){
MIOpen(HIP): 	convDesc = conv3d, miopenConvolution, miopenPaddingDefault, {0, 0, 0}, {1, 1, 1}, {1, 1, 1}, 
MIOpen(HIP): 	groupCount = 1
MIOpen(HIP): }
MIOpen(HIP): miopenStatus_t miopenSetConvolutionAttribute(miopenConvolutionDescriptor_t, const miopenConvolutionAttrib_t, const int){
MIOpen(HIP): 	convDesc = conv3d, miopenConvolution, miopenPaddingDefault, {0, 0, 0}, {1, 1, 1}, {1, 1, 1}, 
MIOpen(HIP): 	attr = 1
MIOpen(HIP): 	value = 0
MIOpen(HIP): }
MIOpen(HIP): miopenStatus_t miopenConvolutionForwardGetWorkSpaceSize(miopenHandle_t, const miopenTensorDescriptor_t, const miopenTensorDescriptor_t, const miopenConvolutionDescriptor_t, const miopenTensorDescriptor_t, size_t *){
MIOpen(HIP): 	handle = stream: 0, device_id: 0
MIOpen(HIP): 	wDesc = {1024, 1024, 3, 3, 3}, {27648, 1, 9216, 3072, 1024}, packed, 
MIOpen(HIP): 	xDesc = {1, 1024, 3, 70, 52}, {11182080, 1, 3727360, 53248, 1024}, packed, 
MIOpen(HIP): 	convDesc = conv3d, miopenConvolution, miopenPaddingDefault, {0, 0, 0}, {1, 1, 1}, {1, 1, 1}, 
MIOpen(HIP): 	yDesc = {1, 1024, 1, 68, 50}, {3481600, 1, 3481600, 51200, 1024}, packed, 
MIOpen(HIP): }
MIOpen(HIP): Info2 [GetWorkSpaceSize] 
MIOpen(HIP): Info [GetSolutions] 
MIOpen(HIP): Info2 [ValidateUnsafe] DB file is older than cache: 534845152696299, 537696530279241
MIOpen(HIP): Info2 [FindRecordUnsafe] Looking for key 1024-3-70-52-3x3x3-1024-1-68-50-1-0x0x0-1x1x1-1x1x1-0-NDHWC-NDHWC-NDHWC-BF16-F in cache for file "/root/.config/miopen/gfx1100_48.HIP.3_5_1_41dcdea279-dirty.ufdb.txt"
MIOpen(HIP): Info2 [Measure] Db::FindRecord time: 0.049753 ms
MIOpen(HIP): Info2 [GetSolutions] ConvHipImplicitGemm3DChannelLastFwdWmmaops
MIOpen(HIP): Info [GetWorkSpaceSize] 0
MIOpen(HIP): miopenStatus_t miopenFindConvolutionForwardAlgorithm(miopenHandle_t, const miopenTensorDescriptor_t, const void *, const miopenTensorDescriptor_t, const void *, const miopenConvolutionDescriptor_t, const miopenTensorDescriptor_t, void *, const int, int *, miopenConvAlgoPerf_t *, void *, size_t, bool){
MIOpen(HIP): 	handle = stream: 0, device_id: 0
MIOpen(HIP): 	xDesc = {1, 1024, 3, 70, 52}, {11182080, 1, 3727360, 53248, 1024}, packed, 
MIOpen(HIP): 	x = 0x7d7051000000
MIOpen(HIP): 	wDesc = {1024, 1024, 3, 3, 3}, {27648, 1, 9216, 3072, 1024}, packed, 
MIOpen(HIP): 	w = 0x7d7052800000
MIOpen(HIP): 	convDesc = conv3d, miopenConvolution, miopenPaddingDefault, {0, 0, 0}, {1, 1, 1}, {1, 1, 1}, 
MIOpen(HIP): 	yDesc = {1, 1024, 1, 68, 50}, {3481600, 1, 3481600, 51200, 1024}, packed, 
MIOpen(HIP): 	y = 0x7d704fa00000
MIOpen(HIP): 	requestAlgoCount = 1
MIOpen(HIP): 	returnedAlgoCount = 32765
MIOpen(HIP): 	perfResults = 
MIOpen(HIP): 	workSpace = nullptr
MIOpen(HIP): 	workSpaceSize = 0
MIOpen(HIP): 	exhaustiveSearch = 0
MIOpen(HIP): }
MIOpen(HIP): Command [LogCmdFindConvolution] ./bin/MIOpenDriver convbfp16 -n 1 -c 1024 --in_d 3 -H 70 -W 52 -k 1024 --fil_d 3 -y 3 -x 3 --pad_d 0 -p 0 -q 0 --conv_stride_d 1 -u 1 -v 1 --dilation_d 1 -l 1 -j 1 --spatial_dim 3 --in_layout NDHWC --fil_layout NDHWC --out_layout NDHWC -m conv -g 1 -F 1 -t 1
MIOpen(HIP): Info [FindConvFwdAlgorithm] requestAlgoCount = 1, workspace = 0
MIOpen(HIP): Info [GetSolutions] 
MIOpen(HIP): Info2 [ValidateUnsafe] DB file is older than cache: 534845152696299, 537696530279241
MIOpen(HIP): Info2 [FindRecordUnsafe] Looking for key 1024-3-70-52-3x3x3-1024-1-68-50-1-0x0x0-1x1x1-1x1x1-0-NDHWC-NDHWC-NDHWC-BF16-F in cache for file "/root/.config/miopen/gfx1100_48.HIP.3_5_1_41dcdea279-dirty.ufdb.txt"
MIOpen(HIP): Info2 [Measure] Db::FindRecord time: 0.041762 ms
MIOpen(HIP): Info2 [GetSolutions] ConvHipImplicitGemm3DChannelLastFwdWmmaops
MIOpen(HIP): Info2 [GetInvoker] Returning an invoker for problem 1024x3x70x52x3x3x3x1024x1x68x50x1xNDHWCxNDHWCxNDHWCxBF16x0x0x0x1x1x1x1x1x1x1xFxDefault and solver ConvHipImplicitGemm3DChannelLastFwdWmmaops
MIOpen(HIP): Info [FindSolutionImpl] ConvHipImplicitGemm3DChannelLastFwdWmmaops
MIOpen(HIP): Info2 [FindRecordUnsafe] Looking for key 3x1024x70x52x3x3x3x3x1024x1x0x0x0x1x1x1x1x1x1x0x1xNDHWCxBF16xF in cache for file "/root/.config/miopen/gfx1100_48.HIP.3_5_1_41dcdea279-dirty.udb.txt"
MIOpen(HIP): Info2 [FindRecord] Looking for key 1024-3-70-52-3x3x3-1024-1-68-50-1-0x0x0-1x1x1-1x1x1-0-NDHWC-NDHWC-NDHWC-BF16-F in file ""
MIOpen(HIP): Info2 [Measure] Db::Load time: 0.021191 ms
MIOpen(HIP): Info [FindSolutionImpl] Perf Db: record not found for: ConvHipImplicitGemm3DChannelLastFwdWmmaops
MIOpen(HIP): Info2 [Register] Invoker registered for algorithm 1024x3x70x52x3x3x3x1024x1x68x50x1xNDHWCxNDHWCxNDHWCxBF16x0x0x0x1x1x1x1x1x1x1xFxDefault and solver ConvHipImplicitGemm3DChannelLastFwdWmmaops
MIOpen(HIP): Info2 [SetAsFound1_0] Solver ConvHipImplicitGemm3DChannelLastFwdWmmaops registered as find 1.0 best for miopenConvolutionFwdAlgoImplicitGEMM in 1024x3x70x52x3x3x3x1024x1x68x50x1xNDHWCxNDHWCxNDHWCxBF16x0x0x0x1x1x1x1x1x1x1xFxDefault
MIOpen(HIP): Info [FindConvolution] miopenConvolutionFwdAlgoImplicitGEMM	34.3302	0
MIOpen(HIP): Info [FillFindReturnParameters] FW Chosen Algorithm: ConvHipImplicitGemm3DChannelLastFwdWmmaops , 0, 34.3302
MIOpen(HIP): miopenStatus_t miopenConvolutionForward(miopenHandle_t, const void *, const miopenTensorDescriptor_t, const void *, const miopenTensorDescriptor_t, const void *, const miopenConvolutionDescriptor_t, miopenConvFwdAlgorithm_t, const void *, const miopenTensorDescriptor_t, void *, void *, size_t){
MIOpen(HIP): 	handle = stream: 0, device_id: 0
MIOpen(HIP): 	alpha = 0x7ffd68b9ed18
MIOpen(HIP): 	xDesc = {1, 1024, 3, 70, 52}, {11182080, 1, 3727360, 53248, 1024}, packed, 
MIOpen(HIP): 	x = 0x7d7051000000
MIOpen(HIP): 	wDesc = {1024, 1024, 3, 3, 3}, {27648, 1, 9216, 3072, 1024}, packed, 
MIOpen(HIP): 	w = 0x7d7052800000
MIOpen(HIP): 	convDesc = conv3d, miopenConvolution, miopenPaddingDefault, {0, 0, 0}, {1, 1, 1}, {1, 1, 1}, 
MIOpen(HIP): 	algo = 5
MIOpen(HIP): 	beta = 0x7ffd68b9ed20
MIOpen(HIP): 	yDesc = {1, 1024, 1, 68, 50}, {3481600, 1, 3481600, 51200, 1024}, packed, 
MIOpen(HIP): 	y = 0x7d704fa00000
MIOpen(HIP): 	workSpace = nullptr
MIOpen(HIP): 	workSpaceSize = 0
MIOpen(HIP): }
MIOpen(HIP): Command [LogCmdConvolution] ./bin/MIOpenDriver convbfp16 -n 1 -c 1024 --in_d 3 -H 70 -W 52 -k 1024 --fil_d 3 -y 3 -x 3 --pad_d 0 -p 0 -q 0 --conv_stride_d 1 -u 1 -v 1 --dilation_d 1 -l 1 -j 1 --spatial_dim 3 --in_layout NDHWC --fil_layout NDHWC --out_layout NDHWC -m conv -g 1 -F 1 -t 1
MIOpen(HIP): Info [ConvolutionForward] algo = 5, workspace = 0
MIOpen(HIP): Info2 [GetInvoker] Returning an invoker for problem 1024x3x70x52x3x3x3x1024x1x68x50x1xNDHWCxNDHWCxNDHWCxBF16x0x0x0x1x1x1x1x1x1x1xFxDefault and algorithm miopenConvolutionFwdAlgoImplicitGEMM
MIOpen(HIP): miopenStatus_t miopenDestroyConvolutionDescriptor(miopenConvolutionDescriptor_t){
MIOpen(HIP): 	convDesc = conv3d, miopenConvolution, miopenPaddingDefault, {0, 0, 0}, {1, 1, 1}, {1, 1, 1}, 
MIOpen(HIP): }
MIOpen(HIP): miopenStatus_t miopenDestroyTensorDescriptor(miopenTensorDescriptor_t){
MIOpen(HIP): 	tensorDesc = {1024, 1024, 3, 3, 3}, {27648, 1, 9216, 3072, 1024}, packed, 
MIOpen(HIP): }
MIOpen(HIP): miopenStatus_t miopenDestroyTensorDescriptor(miopenTensorDescriptor_t){
MIOpen(HIP): 	tensorDesc = {1, 1024, 1, 68, 50}, {3481600, 1, 3481600, 51200, 1024}, packed, 
MIOpen(HIP): }
MIOpen(HIP): miopenStatus_t miopenDestroyTensorDescriptor(miopenTensorDescriptor_t){
MIOpen(HIP): 	tensorDesc = {1, 1024, 3, 70, 52}, {11182080, 1, 3727360, 53248, 1024}, packed, 
MIOpen(HIP): }
MIOpen(HIP): Info [get_device_name] Raw device name: gfx1100
MIOpen(HIP): Info [SetStream] stream: 0, device_id: 0
MIOpen(HIP): miopenStatus_t miopenCreateTensorDescriptor(miopenTensorDescriptor_t *){
MIOpen(HIP): 	tensorDesc = 0x5
MIOpen(HIP): }
MIOpen(HIP): miopenStatus_t miopenSetTensorDescriptor(miopenTensorDescriptor_t, miopenDataType_t, int, const int *, const int *){
MIOpen(HIP): 	tensorDesc = {}, {}, packed, 
MIOpen(HIP): 	dataType = 5
MIOpen(HIP): 	nbDims = 5
MIOpen(HIP): 	dim.values = { 1 1024 3 70 52 }
MIOpen(HIP): 	stride.values = { 11182080 1 3727360 53248 1024 }
MIOpen(HIP): }
MIOpen(HIP): miopenStatus_t miopenCreateTensorDescriptor(miopenTensorDescriptor_t *){
MIOpen(HIP): 	tensorDesc = 0xd0000038e000
MIOpen(HIP): }
MIOpen(HIP): miopenStatus_t miopenSetTensorDescriptor(miopenTensorDescriptor_t, miopenDataType_t, int, const int *, const int *){
MIOpen(HIP): 	tensorDesc = {}, {}, packed, 
MIOpen(HIP): 	dataType = 5
MIOpen(HIP): 	nbDims = 5
MIOpen(HIP): 	dim.values = { 1024 1024 3 3 3 }
MIOpen(HIP): 	stride.values = { 27648 1 9216 3072 1024 }
MIOpen(HIP): }
MIOpen(HIP): miopenStatus_t miopenCreateTensorDescriptor(miopenTensorDescriptor_t *){
MIOpen(HIP): 	tensorDesc = 0x7d7626d37df6
MIOpen(HIP): }
MIOpen(HIP): miopenStatus_t miopenSetTensorDescriptor(miopenTensorDescriptor_t, miopenDataType_t, int, const int *, const int *){
MIOpen(HIP): 	tensorDesc = {}, {}, packed, 
MIOpen(HIP): 	dataType = 5
MIOpen(HIP): 	nbDims = 5
MIOpen(HIP): 	dim.values = { 1 1024 1 68 50 }
MIOpen(HIP): 	stride.values = { 3481600 1 3481600 51200 1024 }
MIOpen(HIP): }
MIOpen(HIP): miopenStatus_t miopenCreateConvolutionDescriptor(miopenConvolutionDescriptor_t *){
MIOpen(HIP): 	convDesc = 0x7ffd68b9efd0
MIOpen(HIP): }
MIOpen(HIP): miopenStatus_t miopenInitConvolutionNdDescriptor(miopenConvolutionDescriptor_t, int, const int *, const int *, const int *, miopenConvolutionMode_t){
MIOpen(HIP): 	convDesc = conv2d, miopenConvolution, miopenPaddingDefault, {0, 0}, {1, 1}, {1, 1}, 
MIOpen(HIP): 	spatialDim = 3
MIOpen(HIP): 	pads = { 0 0 0 }
MIOpen(HIP): 	strides = { 1 1 1 }
MIOpen(HIP): 	dilations = { 1 1 1 }
MIOpen(HIP): 	c_mode = 0
MIOpen(HIP): }
MIOpen(HIP): miopenStatus_t miopenSetConvolutionGroupCount(miopenConvolutionDescriptor_t, int){
MIOpen(HIP): 	convDesc = conv3d, miopenConvolution, miopenPaddingDefault, {0, 0, 0}, {1, 1, 1}, {1, 1, 1}, 
MIOpen(HIP): 	groupCount = 1
MIOpen(HIP): }
MIOpen(HIP): miopenStatus_t miopenSetConvolutionAttribute(miopenConvolutionDescriptor_t, const miopenConvolutionAttrib_t, const int){
MIOpen(HIP): 	convDesc = conv3d, miopenConvolution, miopenPaddingDefault, {0, 0, 0}, {1, 1, 1}, {1, 1, 1}, 
MIOpen(HIP): 	attr = 1
MIOpen(HIP): 	value = 0
MIOpen(HIP): }
MIOpen(HIP): miopenStatus_t miopenConvolutionForward(miopenHandle_t, const void *, const miopenTensorDescriptor_t, const void *, const miopenTensorDescriptor_t, const void *, const miopenConvolutionDescriptor_t, miopenConvFwdAlgorithm_t, const void *, const miopenTensorDescriptor_t, void *, void *, size_t){
MIOpen(HIP): 	handle = stream: 0, device_id: 0
MIOpen(HIP): 	alpha = 0x7ffd68b9ed18
MIOpen(HIP): 	xDesc = {1, 1024, 3, 70, 52}, {11182080, 1, 3727360, 53248, 1024}, packed, 
MIOpen(HIP): 	x = 0x7d7051000000
MIOpen(HIP): 	wDesc = {1024, 1024, 3, 3, 3}, {27648, 1, 9216, 3072, 1024}, packed, 
MIOpen(HIP): 	w = 0x7d7052800000
MIOpen(HIP): 	convDesc = conv3d, miopenConvolution, miopenPaddingDefault, {0, 0, 0}, {1, 1, 1}, {1, 1, 1}, 
MIOpen(HIP): 	algo = 5
MIOpen(HIP): 	beta = 0x7ffd68b9ed20
MIOpen(HIP): 	yDesc = {1, 1024, 1, 68, 50}, {3481600, 1, 3481600, 51200, 1024}, packed, 
MIOpen(HIP): 	y = 0x7d7050748000
MIOpen(HIP): 	workSpace = nullptr
MIOpen(HIP): 	workSpaceSize = 0
MIOpen(HIP): }
MIOpen(HIP): Command [LogCmdConvolution] ./bin/MIOpenDriver convbfp16 -n 1 -c 1024 --in_d 3 -H 70 -W 52 -k 1024 --fil_d 3 -y 3 -x 3 --pad_d 0 -p 0 -q 0 --conv_stride_d 1 -u 1 -v 1 --dilation_d 1 -l 1 -j 1 --spatial_dim 3 --in_layout NDHWC --fil_layout NDHWC --out_layout NDHWC -m conv -g 1 -F 1 -t 1
MIOpen(HIP): Info [ConvolutionForward] algo = 5, workspace = 0
MIOpen(HIP): Info2 [GetInvoker] Returning an invoker for problem 1024x3x70x52x3x3x3x1024x1x68x50x1xNDHWCxNDHWCxNDHWCxBF16x0x0x0x1x1x1x1x1x1x1xFxDefault and algorithm miopenConvolutionFwdAlgoImplicitGEMM
MIOpen(HIP): miopenStatus_t miopenDestroyConvolutionDescriptor(miopenConvolutionDescriptor_t){
MIOpen(HIP): 	convDesc = conv3d, miopenConvolution, miopenPaddingDefault, {0, 0, 0}, {1, 1, 1}, {1, 1, 1}, 
MIOpen(HIP): }
MIOpen(HIP): miopenStatus_t miopenDestroyTensorDescriptor(miopenTensorDescriptor_t){
MIOpen(HIP): 	tensorDesc = {1024, 1024, 3, 3, 3}, {27648, 1, 9216, 3072, 1024}, packed, 
MIOpen(HIP): }
MIOpen(HIP): miopenStatus_t miopenDestroyTensorDescriptor(miopenTensorDescriptor_t){
MIOpen(HIP): 	tensorDesc = {1, 1024, 1, 68, 50}, {3481600, 1, 3481600, 51200, 1024}, packed, 
MIOpen(HIP): }
MIOpen(HIP): miopenStatus_t miopenDestroyTensorDescriptor(miopenTensorDescriptor_t){
MIOpen(HIP): 	tensorDesc = {1, 1024, 3, 70, 52}, {11182080, 1, 3727360, 53248, 1024}, packed, 
MIOpen(HIP): }
MIOpen(HIP): Info [get_device_name] Raw device name: gfx1100
MIOpen(HIP): Info [SetStream] stream: 0, device_id: 0
MIOpen(HIP): miopenStatus_t miopenCreateTensorDescriptor(miopenTensorDescriptor_t *){
MIOpen(HIP): 	tensorDesc = 0x4
MIOpen(HIP): }
MIOpen(HIP): miopenStatus_t miopenSetTensorDescriptor(miopenTensorDescriptor_t, miopenDataType_t, int, const int *, const int *){
MIOpen(HIP): 	tensorDesc = {}, {}, packed, 
MIOpen(HIP): 	dataType = 5
MIOpen(HIP): 	nbDims = 4
MIOpen(HIP): 	dim.values = { 1 1024 68 50 }
MIOpen(HIP): 	stride.values = { 3481600 3400 50 1 }
MIOpen(HIP): }
MIOpen(HIP): miopenStatus_t miopenCreateTensorDescriptor(miopenTensorDescriptor_t *){
MIOpen(HIP): 	tensorDesc = 0x100000032
MIOpen(HIP): }
MIOpen(HIP): miopenStatus_t miopenSetTensorDescriptor(miopenTensorDescriptor_t, miopenDataType_t, int, const int *, const int *){
MIOpen(HIP): 	tensorDesc = {}, {}, packed, 
MIOpen(HIP): 	dataType = 5
MIOpen(HIP): 	nbDims = 4
MIOpen(HIP): 	dim.values = { 3072 1024 1 1 }
MIOpen(HIP): 	stride.values = { 1024 1 1 1 }
MIOpen(HIP): }
MIOpen(HIP): miopenStatus_t miopenCreateTensorDescriptor(miopenTensorDescriptor_t *){
MIOpen(HIP): 	tensorDesc = 0x7d7626d37df6
MIOpen(HIP): }
MIOpen(HIP): miopenStatus_t miopenSetTensorDescriptor(miopenTensorDescriptor_t, miopenDataType_t, int, const int *, const int *){
MIOpen(HIP): 	tensorDesc = {}, {}, packed, 
MIOpen(HIP): 	dataType = 5
MIOpen(HIP): 	nbDims = 4
MIOpen(HIP): 	dim.values = { 1 3072 68 50 }
MIOpen(HIP): 	stride.values = { 10444800 3400 50 1 }
MIOpen(HIP): }
MIOpen(HIP): miopenStatus_t miopenCreateConvolutionDescriptor(miopenConvolutionDescriptor_t *){
MIOpen(HIP): 	convDesc = 0x7ffd68b9eff0
MIOpen(HIP): }
MIOpen(HIP): miopenStatus_t miopenInitConvolutionNdDescriptor(miopenConvolutionDescriptor_t, int, const int *, const int *, const int *, miopenConvolutionMode_t){
MIOpen(HIP): 	convDesc = conv2d, miopenConvolution, miopenPaddingDefault, {0, 0}, {1, 1}, {1, 1}, 
MIOpen(HIP): 	spatialDim = 2
MIOpen(HIP): 	pads = { 0 0 }
MIOpen(HIP): 	strides = { 1 1 }
MIOpen(HIP): 	dilations = { 1 1 }
MIOpen(HIP): 	c_mode = 0
MIOpen(HIP): }
MIOpen(HIP): miopenStatus_t miopenSetConvolutionGroupCount(miopenConvolutionDescriptor_t, int){
MIOpen(HIP): 	convDesc = conv2d, miopenConvolution, miopenPaddingDefault, {0, 0}, {1, 1}, {1, 1}, 
MIOpen(HIP): 	groupCount = 1
MIOpen(HIP): }
MIOpen(HIP): miopenStatus_t miopenSetConvolutionAttribute(miopenConvolutionDescriptor_t, const miopenConvolutionAttrib_t, const int){
MIOpen(HIP): 	convDesc = conv2d, miopenConvolution, miopenPaddingDefault, {0, 0}, {1, 1}, {1, 1}, 
MIOpen(HIP): 	attr = 1
MIOpen(HIP): 	value = 0
MIOpen(HIP): }
MIOpen(HIP): miopenStatus_t miopenConvolutionForwardGetWorkSpaceSize(miopenHandle_t, const miopenTensorDescriptor_t, const miopenTensorDescriptor_t, const miopenConvolutionDescriptor_t, const miopenTensorDescriptor_t, size_t *){
MIOpen(HIP): 	handle = stream: 0, device_id: 0
MIOpen(HIP): 	wDesc = {3072, 1024, 1, 1}, {1024, 1, 1, 1}, packed, 
MIOpen(HIP): 	xDesc = {1, 1024, 68, 50}, {3481600, 3400, 50, 1}, packed, 
MIOpen(HIP): 	convDesc = conv2d, miopenConvolution, miopenPaddingDefault, {0, 0}, {1, 1}, {1, 1}, 
MIOpen(HIP): 	yDesc = {1, 3072, 68, 50}, {10444800, 3400, 50, 1}, packed, 
MIOpen(HIP): }
MIOpen(HIP): Info2 [GetWorkSpaceSize] 
MIOpen(HIP): Info [GetSolutions] 
MIOpen(HIP): Info2 [ValidateUnsafe] DB file is older than cache: 534845152696299, 537696530279241
MIOpen(HIP): Info2 [FindRecordUnsafe] Looking for key 1024-68-50-1x1-3072-68-50-1-0x0-1x1-1x1-0-NCHW-BF16-F in cache for file "/root/.config/miopen/gfx1100_48.HIP.3_5_1_41dcdea279-dirty.ufdb.txt"
MIOpen(HIP): Info2 [Measure] Db::FindRecord time: 0.047652 ms
MIOpen(HIP): Info2 [GetSolutions] GemmFwd1x1_0_1
MIOpen(HIP): Info [GetWorkSpaceSize] 0
MIOpen(HIP): miopenStatus_t miopenFindConvolutionForwardAlgorithm(miopenHandle_t, const miopenTensorDescriptor_t, const void *, const miopenTensorDescriptor_t, const void *, const miopenConvolutionDescriptor_t, const miopenTensorDescriptor_t, void *, const int, int *, miopenConvAlgoPerf_t *, void *, size_t, bool){
MIOpen(HIP): 	handle = stream: 0, device_id: 0
MIOpen(HIP): 	xDesc = {1, 1024, 68, 50}, {3481600, 3400, 50, 1}, packed, 
MIOpen(HIP): 	x = 0x7d7051d48000
MIOpen(HIP): 	wDesc = {3072, 1024, 1, 1}, {1024, 1, 1, 1}, packed, 
MIOpen(HIP): 	w = 0x7d6e33c00000
MIOpen(HIP): 	convDesc = conv2d, miopenConvolution, miopenPaddingDefault, {0, 0}, {1, 1}, {1, 1}, 
MIOpen(HIP): 	yDesc = {1, 3072, 68, 50}, {10444800, 3400, 50, 1}, packed, 
MIOpen(HIP): 	y = 0x7d7059200000
MIOpen(HIP): 	requestAlgoCount = 1
MIOpen(HIP): 	returnedAlgoCount = 32765
MIOpen(HIP): 	perfResults = 
MIOpen(HIP): 	workSpace = nullptr
MIOpen(HIP): 	workSpaceSize = 0
MIOpen(HIP): 	exhaustiveSearch = 0
MIOpen(HIP): }
MIOpen(HIP): Command [LogCmdFindConvolution] ./bin/MIOpenDriver convbfp16 -n 1 -c 1024 -H 68 -W 50 -k 3072 -y 1 -x 1 -p 0 -q 0 -u 1 -v 1 -l 1 -j 1 -m conv -g 1 -F 1 -t 1
MIOpen(HIP): Info [FindConvFwdAlgorithm] requestAlgoCount = 1, workspace = 0
MIOpen(HIP): Info [GetSolutions] 
MIOpen(HIP): Info2 [ValidateUnsafe] DB file is older than cache: 534845152696299, 537696530279241
MIOpen(HIP): Info2 [FindRecordUnsafe] Looking for key 1024-68-50-1x1-3072-68-50-1-0x0-1x1-1x1-0-NCHW-BF16-F in cache for file "/root/.config/miopen/gfx1100_48.HIP.3_5_1_41dcdea279-dirty.ufdb.txt"
MIOpen(HIP): Info2 [Measure] Db::FindRecord time: 0.038192 ms
MIOpen(HIP): Info2 [GetSolutions] GemmFwd1x1_0_1
MIOpen(HIP): Info2 [GetInvoker] Returning an invoker for problem 1024x68x50x1x1x3072x68x50x1xNCHWxBF16x0x0x1x1x1x1x1xFxDefault and solver GemmFwd1x1_0_1
MIOpen(HIP): Info [FindSolutionImpl] GemmFwd1x1_0_1 (not searchable)
MIOpen(HIP): auto miopen::solver::conv::GemmFwd1x1_0_1::GetSolution(const ExecutionContext &, const ProblemDescription &)::(anonymous class)::operator()(const std::vector<Kernel> &) const{
MIOpen(HIP): 	"convolution, 1x1" = convolution, 1x1
MIOpen(HIP): }
MIOpen(HIP): Info2 [Register] Invoker registered for algorithm 1024x68x50x1x1x3072x68x50x1xNCHWxBF16x0x0x1x1x1x1x1xFxDefault and solver GemmFwd1x1_0_1
MIOpen(HIP): Info2 [SetAsFound1_0] Solver GemmFwd1x1_0_1 registered as find 1.0 best for miopenConvolutionFwdAlgoGEMM in 1024x68x50x1x1x3072x68x50x1xNCHWxBF16x0x0x1x1x1x1x1xFxDefault
MIOpen(HIP): Info [FindConvolution] miopenConvolutionFwdAlgoGEMM	0.215914	0
MIOpen(HIP): Info [FillFindReturnParameters] FW Chosen Algorithm: GemmFwd1x1_0_1 , 0, 0.215914
MIOpen(HIP): miopenStatus_t miopenConvolutionForward(miopenHandle_t, const void *, const miopenTensorDescriptor_t, const void *, const miopenTensorDescriptor_t, const void *, const miopenConvolutionDescriptor_t, miopenConvFwdAlgorithm_t, const void *, const miopenTensorDescriptor_t, void *, void *, size_t){
MIOpen(HIP): 	handle = stream: 0, device_id: 0
MIOpen(HIP): 	alpha = 0x7ffd68b9ed38
MIOpen(HIP): 	xDesc = {1, 1024, 68, 50}, {3481600, 3400, 50, 1}, packed, 
MIOpen(HIP): 	x = 0x7d7051d48000
MIOpen(HIP): 	wDesc = {3072, 1024, 1, 1}, {1024, 1, 1, 1}, packed, 
MIOpen(HIP): 	w = 0x7d6e33c00000
MIOpen(HIP): 	convDesc = conv2d, miopenConvolution, miopenPaddingDefault, {0, 0}, {1, 1}, {1, 1}, 
MIOpen(HIP): 	algo = 0
MIOpen(HIP): 	beta = 0x7ffd68b9ed40
MIOpen(HIP): 	yDesc = {1, 3072, 68, 50}, {10444800, 3400, 50, 1}, packed, 
MIOpen(HIP): 	y = 0x7d7059200000
MIOpen(HIP): 	workSpace = nullptr
MIOpen(HIP): 	workSpaceSize = 0
MIOpen(HIP): }
MIOpen(HIP): Command [LogCmdConvolution] ./bin/MIOpenDriver convbfp16 -n 1 -c 1024 -H 68 -W 50 -k 3072 -y 1 -x 1 -p 0 -q 0 -u 1 -v 1 -l 1 -j 1 -m conv -g 1 -F 1 -t 1
MIOpen(HIP): Info [ConvolutionForward] algo = 0, workspace = 0
MIOpen(HIP): Info2 [GetInvoker] Returning an invoker for problem 1024x68x50x1x1x3072x68x50x1xNCHWxBF16x0x0x1x1x1x1x1xFxDefault and algorithm miopenConvolutionFwdAlgoGEMM
MIOpen(HIP): auto miopen::solver::conv::GemmFwd1x1_0_1::GetSolution(const ExecutionContext &, const ProblemDescription &)::(anonymous class)::operator()(const std::vector<Kernel> &)::(anonymous class)::operator()(const Handle &, const AnyInvokeParams &) const{
MIOpen(HIP): 	"convolution, 1x1" = convolution, 1x1
MIOpen(HIP): }
MIOpen(HIP): Info2 [CallGemmStridedBatched] gemm_desc: {isColMajor 0, transA 0, transB 0, m 3072, n 3400, k 1024, lda 1024, ldb 3400, ldc 3400, batch_count 1, strideA 0, strideB 3481600, strideC 10444800, alpha 1, beta 0, dataType bfloat16, a_cast_type bfloat16, b_cast_type bfloat16} 
MIOpen(HIP): Info2 [CallGemmStridedBatched] rocBLAS
MIOpen(HIP): miopenStatus_t miopenDestroyConvolutionDescriptor(miopenConvolutionDescriptor_t){
MIOpen(HIP): 	convDesc = conv2d, miopenConvolution, miopenPaddingDefault, {0, 0}, {1, 1}, {1, 1}, 
MIOpen(HIP): }
MIOpen(HIP): miopenStatus_t miopenDestroyTensorDescriptor(miopenTensorDescriptor_t){
MIOpen(HIP): 	tensorDesc = {3072, 1024, 1, 1}, {1024, 1, 1, 1}, packed, 
MIOpen(HIP): }
MIOpen(HIP): miopenStatus_t miopenDestroyTensorDescriptor(miopenTensorDescriptor_t){
MIOpen(HIP): 	tensorDesc = {1, 3072, 68, 50}, {10444800, 3400, 50, 1}, packed, 
MIOpen(HIP): }
MIOpen(HIP): miopenStatus_t miopenDestroyTensorDescriptor(miopenTensorDescriptor_t){
MIOpen(HIP): 	tensorDesc = {1, 1024, 68, 50}, {3481600, 3400, 50, 1}, packed, 
MIOpen(HIP): }
MIOpen(HIP): Info [get_device_name] Raw device name: gfx1100
MIOpen(HIP): Info [SetStream] stream: 0, device_id: 0
MIOpen(HIP): miopenStatus_t miopenCreateTensorDescriptor(miopenTensorDescriptor_t *){
MIOpen(HIP): 	tensorDesc = 0x4
MIOpen(HIP): }
MIOpen(HIP): miopenStatus_t miopenSetTensorDescriptor(miopenTensorDescriptor_t, miopenDataType_t, int, const int *, const int *){
MIOpen(HIP): 	tensorDesc = {}, {}, packed, 
MIOpen(HIP): 	dataType = 5
MIOpen(HIP): 	nbDims = 4
MIOpen(HIP): 	dim.values = { 1 1024 68 50 }
MIOpen(HIP): 	stride.values = { 3481600 3400 50 1 }
MIOpen(HIP): }
MIOpen(HIP): miopenStatus_t miopenCreateTensorDescriptor(miopenTensorDescriptor_t *){
MIOpen(HIP): 	tensorDesc = 0x100000032
MIOpen(HIP): }
MIOpen(HIP): miopenStatus_t miopenSetTensorDescriptor(miopenTensorDescriptor_t, miopenDataType_t, int, const int *, const int *){
MIOpen(HIP): 	tensorDesc = {}, {}, packed, 
MIOpen(HIP): 	dataType = 5
MIOpen(HIP): 	nbDims = 4
MIOpen(HIP): 	dim.values = { 1024 1024 1 1 }
MIOpen(HIP): 	stride.values = { 1024 1 1 1 }
MIOpen(HIP): }
MIOpen(HIP): miopenStatus_t miopenCreateTensorDescriptor(miopenTensorDescriptor_t *){
MIOpen(HIP): 	tensorDesc = 0x7d7626d37df6
MIOpen(HIP): }
MIOpen(HIP): miopenStatus_t miopenSetTensorDescriptor(miopenTensorDescriptor_t, miopenDataType_t, int, const int *, const int *){
MIOpen(HIP): 	tensorDesc = {}, {}, packed, 
MIOpen(HIP): 	dataType = 5
MIOpen(HIP): 	nbDims = 4
MIOpen(HIP): 	dim.values = { 1 1024 68 50 }
MIOpen(HIP): 	stride.values = { 3481600 3400 50 1 }
MIOpen(HIP): }
MIOpen(HIP): miopenStatus_t miopenCreateConvolutionDescriptor(miopenConvolutionDescriptor_t *){
MIOpen(HIP): 	convDesc = 0x7ffd68b9eff0
MIOpen(HIP): }
MIOpen(HIP): miopenStatus_t miopenInitConvolutionNdDescriptor(miopenConvolutionDescriptor_t, int, const int *, const int *, const int *, miopenConvolutionMode_t){
MIOpen(HIP): 	convDesc = conv2d, miopenConvolution, miopenPaddingDefault, {0, 0}, {1, 1}, {1, 1}, 
MIOpen(HIP): 	spatialDim = 2
MIOpen(HIP): 	pads = { 0 0 }
MIOpen(HIP): 	strides = { 1 1 }
MIOpen(HIP): 	dilations = { 1 1 }
MIOpen(HIP): 	c_mode = 0
MIOpen(HIP): }
MIOpen(HIP): miopenStatus_t miopenSetConvolutionGroupCount(miopenConvolutionDescriptor_t, int){
MIOpen(HIP): 	convDesc = conv2d, miopenConvolution, miopenPaddingDefault, {0, 0}, {1, 1}, {1, 1}, 
MIOpen(HIP): 	groupCount = 1
MIOpen(HIP): }
MIOpen(HIP): miopenStatus_t miopenSetConvolutionAttribute(miopenConvolutionDescriptor_t, const miopenConvolutionAttrib_t, const int){
MIOpen(HIP): 	convDesc = conv2d, miopenConvolution, miopenPaddingDefault, {0, 0}, {1, 1}, {1, 1}, 
MIOpen(HIP): 	attr = 1
MIOpen(HIP): 	value = 0
MIOpen(HIP): }
MIOpen(HIP): miopenStatus_t miopenConvolutionForwardGetWorkSpaceSize(miopenHandle_t, const miopenTensorDescriptor_t, const miopenTensorDescriptor_t, const miopenConvolutionDescriptor_t, const miopenTensorDescriptor_t, size_t *){
MIOpen(HIP): 	handle = stream: 0, device_id: 0
MIOpen(HIP): 	wDesc = {1024, 1024, 1, 1}, {1024, 1, 1, 1}, packed, 
MIOpen(HIP): 	xDesc = {1, 1024, 68, 50}, {3481600, 3400, 50, 1}, packed, 
MIOpen(HIP): 	convDesc = conv2d, miopenConvolution, miopenPaddingDefault, {0, 0}, {1, 1}, {1, 1}, 
MIOpen(HIP): 	yDesc = {1, 1024, 68, 50}, {3481600, 3400, 50, 1}, packed, 
MIOpen(HIP): }
MIOpen(HIP): Info2 [GetWorkSpaceSize] 
MIOpen(HIP): Info [GetSolutions] 
MIOpen(HIP): Info2 [ValidateUnsafe] DB file is older than cache: 534845152696299, 537696530279241
MIOpen(HIP): Info2 [FindRecordUnsafe] Looking for key 1024-68-50-1x1-1024-68-50-1-0x0-1x1-1x1-0-NCHW-BF16-F in cache for file "/root/.config/miopen/gfx1100_48.HIP.3_5_1_41dcdea279-dirty.ufdb.txt"
MIOpen(HIP): Info2 [Measure] Db::FindRecord time: 0.049532 ms
MIOpen(HIP): Info2 [GetSolutions] GemmFwd1x1_0_1
MIOpen(HIP): Info [GetWorkSpaceSize] 0
MIOpen(HIP): miopenStatus_t miopenFindConvolutionForwardAlgorithm(miopenHandle_t, const miopenTensorDescriptor_t, const void *, const miopenTensorDescriptor_t, const void *, const miopenConvolutionDescriptor_t, const miopenTensorDescriptor_t, void *, const int, int *, miopenConvAlgoPerf_t *, void *, size_t, bool){
MIOpen(HIP): 	handle = stream: 0, device_id: 0
MIOpen(HIP): 	xDesc = {1, 1024, 68, 50}, {3481600, 3400, 50, 1}, packed, 
MIOpen(HIP): 	x = 0x7d705f400000
MIOpen(HIP): 	wDesc = {1024, 1024, 1, 1}, {1024, 1, 1, 1}, packed, 
MIOpen(HIP): 	w = 0x7d6df7512000
MIOpen(HIP): 	convDesc = conv2d, miopenConvolution, miopenPaddingDefault, {0, 0}, {1, 1}, {1, 1}, 
MIOpen(HIP): 	yDesc = {1, 1024, 68, 50}, {3481600, 3400, 50, 1}, packed, 
MIOpen(HIP): 	y = 0x7d7059200000
MIOpen(HIP): 	requestAlgoCount = 1
MIOpen(HIP): 	returnedAlgoCount = 32765
MIOpen(HIP): 	perfResults = 
MIOpen(HIP): 	workSpace = nullptr
MIOpen(HIP): 	workSpaceSize = 0
MIOpen(HIP): 	exhaustiveSearch = 0
MIOpen(HIP): }
MIOpen(HIP): Command [LogCmdFindConvolution] ./bin/MIOpenDriver convbfp16 -n 1 -c 1024 -H 68 -W 50 -k 1024 -y 1 -x 1 -p 0 -q 0 -u 1 -v 1 -l 1 -j 1 -m conv -g 1 -F 1 -t 1
MIOpen(HIP): Info [FindConvFwdAlgorithm] requestAlgoCount = 1, workspace = 0
MIOpen(HIP): Info [GetSolutions] 
MIOpen(HIP): Info2 [ValidateUnsafe] DB file is older than cache: 534845152696299, 537696530279241
MIOpen(HIP): Info2 [FindRecordUnsafe] Looking for key 1024-68-50-1x1-1024-68-50-1-0x0-1x1-1x1-0-NCHW-BF16-F in cache for file "/root/.config/miopen/gfx1100_48.HIP.3_5_1_41dcdea279-dirty.ufdb.txt"
MIOpen(HIP): Info2 [Measure] Db::FindRecord time: 0.038142 ms
MIOpen(HIP): Info2 [GetSolutions] GemmFwd1x1_0_1
MIOpen(HIP): Info2 [GetInvoker] Returning an invoker for problem 1024x68x50x1x1x1024x68x50x1xNCHWxBF16x0x0x1x1x1x1x1xFxDefault and solver GemmFwd1x1_0_1
MIOpen(HIP): Info [FindSolutionImpl] GemmFwd1x1_0_1 (not searchable)
MIOpen(HIP): auto miopen::solver::conv::GemmFwd1x1_0_1::GetSolution(const ExecutionContext &, const ProblemDescription &)::(anonymous class)::operator()(const std::vector<Kernel> &) const{
MIOpen(HIP): 	"convolution, 1x1" = convolution, 1x1
MIOpen(HIP): }
MIOpen(HIP): Info2 [Register] Invoker registered for algorithm 1024x68x50x1x1x1024x68x50x1xNCHWxBF16x0x0x1x1x1x1x1xFxDefault and solver GemmFwd1x1_0_1
MIOpen(HIP): Info2 [SetAsFound1_0] Solver GemmFwd1x1_0_1 registered as find 1.0 best for miopenConvolutionFwdAlgoGEMM in 1024x68x50x1x1x1024x68x50x1xNCHWxBF16x0x0x1x1x1x1x1xFxDefault
MIOpen(HIP): Info [FindConvolution] miopenConvolutionFwdAlgoGEMM	0.0944229	0
MIOpen(HIP): Info [FillFindReturnParameters] FW Chosen Algorithm: GemmFwd1x1_0_1 , 0, 0.0944229
MIOpen(HIP): miopenStatus_t miopenConvolutionForward(miopenHandle_t, const void *, const miopenTensorDescriptor_t, const void *, const miopenTensorDescriptor_t, const void *, const miopenConvolutionDescriptor_t, miopenConvFwdAlgorithm_t, const void *, const miopenTensorDescriptor_t, void *, void *, size_t){
MIOpen(HIP): 	handle = stream: 0, device_id: 0
MIOpen(HIP): 	alpha = 0x7ffd68b9ed38
MIOpen(HIP): 	xDesc = {1, 1024, 68, 50}, {3481600, 3400, 50, 1}, packed, 
MIOpen(HIP): 	x = 0x7d705f400000
MIOpen(HIP): 	wDesc = {1024, 1024, 1, 1}, {1024, 1, 1, 1}, packed, 
MIOpen(HIP): 	w = 0x7d6df7512000
MIOpen(HIP): 	convDesc = conv2d, miopenConvolution, miopenPaddingDefault, {0, 0}, {1, 1}, {1, 1}, 
MIOpen(HIP): 	algo = 0
MIOpen(HIP): 	beta = 0x7ffd68b9ed40
MIOpen(HIP): 	yDesc = {1, 1024, 68, 50}, {3481600, 3400, 50, 1}, packed, 
MIOpen(HIP): 	y = 0x7d7059200000
MIOpen(HIP): 	workSpace = nullptr
MIOpen(HIP): 	workSpaceSize = 0
MIOpen(HIP): }
MIOpen(HIP): Command [LogCmdConvolution] ./bin/MIOpenDriver convbfp16 -n 1 -c 1024 -H 68 -W 50 -k 1024 -y 1 -x 1 -p 0 -q 0 -u 1 -v 1 -l 1 -j 1 -m conv -g 1 -F 1 -t 1
MIOpen(HIP): Info [ConvolutionForward] algo = 0, workspace = 0
MIOpen(HIP): Info2 [GetInvoker] Returning an invoker for problem 1024x68x50x1x1x1024x68x50x1xNCHWxBF16x0x0x1x1x1x1x1xFxDefault and algorithm miopenConvolutionFwdAlgoGEMM
MIOpen(HIP): auto miopen::solver::conv::GemmFwd1x1_0_1::GetSolution(const ExecutionContext &, const ProblemDescription &)::(anonymous class)::operator()(const std::vector<Kernel> &)::(anonymous class)::operator()(const Handle &, const AnyInvokeParams &) const{
MIOpen(HIP): 	"convolution, 1x1" = convolution, 1x1
MIOpen(HIP): }
MIOpen(HIP): Info2 [CallGemmStridedBatched] gemm_desc: {isColMajor 0, transA 0, transB 0, m 1024, n 3400, k 1024, lda 1024, ldb 3400, ldc 3400, batch_count 1, strideA 0, strideB 3481600, strideC 3481600, alpha 1, beta 0, dataType bfloat16, a_cast_type bfloat16, b_cast_type bfloat16} 
MIOpen(HIP): Info2 [CallGemmStridedBatched] rocBLAS
MIOpen(HIP): miopenStatus_t miopenDestroyConvolutionDescriptor(miopenConvolutionDescriptor_t){
MIOpen(HIP): 	convDesc = conv2d, miopenConvolution, miopenPaddingDefault, {0, 0}, {1, 1}, {1, 1}, 
MIOpen(HIP): }
MIOpen(HIP): miopenStatus_t miopenDestroyTensorDescriptor(miopenTensorDescriptor_t){
MIOpen(HIP): 	tensorDesc = {1024, 1024, 1, 1}, {1024, 1, 1, 1}, packed, 
MIOpen(HIP): }
MIOpen(HIP): miopenStatus_t miopenDestroyTensorDescriptor(miopenTensorDescriptor_t){
MIOpen(HIP): 	tensorDesc = {1, 1024, 68, 50}, {3481600, 3400, 50, 1}, packed, 
MIOpen(HIP): }
MIOpen(HIP): miopenStatus_t miopenDestroyTensorDescriptor(miopenTensorDescriptor_t){
MIOpen(HIP): 	tensorDesc = {1, 1024, 68, 50}, {3481600, 3400, 50, 1}, packed, 
MIOpen(HIP): }
MIOpen(HIP): Info [get_device_name] Raw device name: gfx1100
MIOpen(HIP): Info [SetStream] stream: 0, device_id: 0
MIOpen(HIP): miopenStatus_t miopenCreateTensorDescriptor(miopenTensorDescriptor_t *){
MIOpen(HIP): 	tensorDesc = 0x5
MIOpen(HIP): }
MIOpen(HIP): miopenStatus_t miopenSetTensorDescriptor(miopenTensorDescriptor_t, miopenDataType_t, int, const int *, const int *){
MIOpen(HIP): 	tensorDesc = {}, {}, packed, 
MIOpen(HIP): 	dataType = 5
MIOpen(HIP): 	nbDims = 5
MIOpen(HIP): 	dim.values = { 1 1024 3 70 52 }
MIOpen(HIP): 	stride.values = { 11182080 1 3727360 53248 1024 }
MIOpen(HIP): }
MIOpen(HIP): miopenStatus_t miopenCreateTensorDescriptor(miopenTensorDescriptor_t *){
MIOpen(HIP): 	tensorDesc = 0xd0000038e000
MIOpen(HIP): }
MIOpen(HIP): miopenStatus_t miopenSetTensorDescriptor(miopenTensorDescriptor_t, miopenDataType_t, int, const int *, const int *){
MIOpen(HIP): 	tensorDesc = {}, {}, packed, 
MIOpen(HIP): 	dataType = 5
MIOpen(HIP): 	nbDims = 5
MIOpen(HIP): 	dim.values = { 1024 1024 3 3 3 }
MIOpen(HIP): 	stride.values = { 27648 1 9216 3072 1024 }
MIOpen(HIP): }
MIOpen(HIP): miopenStatus_t miopenCreateTensorDescriptor(miopenTensorDescriptor_t *){
MIOpen(HIP): 	tensorDesc = 0x7d7626d37df6
MIOpen(HIP): }
MIOpen(HIP): miopenStatus_t miopenSetTensorDescriptor(miopenTensorDescriptor_t, miopenDataType_t, int, const int *, const int *){
MIOpen(HIP): 	tensorDesc = {}, {}, packed, 
MIOpen(HIP): 	dataType = 5
MIOpen(HIP): 	nbDims = 5
MIOpen(HIP): 	dim.values = { 1 1024 1 68 50 }
MIOpen(HIP): 	stride.values = { 3481600 1 3481600 51200 1024 }
MIOpen(HIP): }
MIOpen(HIP): miopenStatus_t miopenCreateConvolutionDescriptor(miopenConvolutionDescriptor_t *){
MIOpen(HIP): 	convDesc = 0x7ffd68b9efd0
MIOpen(HIP): }
MIOpen(HIP): miopenStatus_t miopenInitConvolutionNdDescriptor(miopenConvolutionDescriptor_t, int, const int *, const int *, const int *, miopenConvolutionMode_t){
MIOpen(HIP): 	convDesc = conv2d, miopenConvolution, miopenPaddingDefault, {0, 0}, {1, 1}, {1, 1}, 
MIOpen(HIP): 	spatialDim = 3
MIOpen(HIP): 	pads = { 0 0 0 }
MIOpen(HIP): 	strides = { 1 1 1 }
MIOpen(HIP): 	dilations = { 1 1 1 }
MIOpen(HIP): 	c_mode = 0
MIOpen(HIP): }
MIOpen(HIP): miopenStatus_t miopenSetConvolutionGroupCount(miopenConvolutionDescriptor_t, int){
MIOpen(HIP): 	convDesc = conv3d, miopenConvolution, miopenPaddingDefault, {0, 0, 0}, {1, 1, 1}, {1, 1, 1}, 
MIOpen(HIP): 	groupCount = 1
MIOpen(HIP): }
MIOpen(HIP): miopenStatus_t miopenSetConvolutionAttribute(miopenConvolutionDescriptor_t, const miopenConvolutionAttrib_t, const int){
MIOpen(HIP): 	convDesc = conv3d, miopenConvolution, miopenPaddingDefault, {0, 0, 0}, {1, 1, 1}, {1, 1, 1}, 
MIOpen(HIP): 	attr = 1
MIOpen(HIP): 	value = 0
MIOpen(HIP): }
MIOpen(HIP): miopenStatus_t miopenConvolutionForward(miopenHandle_t, const void *, const miopenTensorDescriptor_t, const void *, const miopenTensorDescriptor_t, const void *, const miopenConvolutionDescriptor_t, miopenConvFwdAlgorithm_t, const void *, const miopenTensorDescriptor_t, void *, void *, size_t){
MIOpen(HIP): 	handle = stream: 0, device_id: 0
MIOpen(HIP): 	alpha = 0x7ffd68b9ed18
MIOpen(HIP): 	xDesc = {1, 1024, 3, 70, 52}, {11182080, 1, 3727360, 53248, 1024}, packed, 
MIOpen(HIP): 	x = 0x7d7059f48000
MIOpen(HIP): 	wDesc = {1024, 1024, 3, 3, 3}, {27648, 1, 9216, 3072, 1024}, packed, 
MIOpen(HIP): 	w = 0x7d704c200000
MIOpen(HIP): 	convDesc = conv3d, miopenConvolution, miopenPaddingDefault, {0, 0, 0}, {1, 1, 1}, {1, 1, 1}, 
MIOpen(HIP): 	algo = 5
MIOpen(HIP): 	beta = 0x7ffd68b9ed20
MIOpen(HIP): 	yDesc = {1, 1024, 1, 68, 50}, {3481600, 1, 3481600, 51200, 1024}, packed, 
MIOpen(HIP): 	y = 0x7d7050748000
MIOpen(HIP): 	workSpace = nullptr
MIOpen(HIP): 	workSpaceSize = 0
MIOpen(HIP): }
MIOpen(HIP): Command [LogCmdConvolution] ./bin/MIOpenDriver convbfp16 -n 1 -c 1024 --in_d 3 -H 70 -W 52 -k 1024 --fil_d 3 -y 3 -x 3 --pad_d 0 -p 0 -q 0 --conv_stride_d 1 -u 1 -v 1 --dilation_d 1 -l 1 -j 1 --spatial_dim 3 --in_layout NDHWC --fil_layout NDHWC --out_layout NDHWC -m conv -g 1 -F 1 -t 1
MIOpen(HIP): Info [ConvolutionForward] algo = 5, workspace = 0
MIOpen(HIP): Info2 [GetInvoker] Returning an invoker for problem 1024x3x70x52x3x3x3x1024x1x68x50x1xNDHWCxNDHWCxNDHWCxBF16x0x0x0x1x1x1x1x1x1x1xFxDefault and algorithm miopenConvolutionFwdAlgoImplicitGEMM
MIOpen(HIP): miopenStatus_t miopenDestroyConvolutionDescriptor(miopenConvolutionDescriptor_t){
MIOpen(HIP): 	convDesc = conv3d, miopenConvolution, miopenPaddingDefault, {0, 0, 0}, {1, 1, 1}, {1, 1, 1}, 
MIOpen(HIP): }
MIOpen(HIP): miopenStatus_t miopenDestroyTensorDescriptor(miopenTensorDescriptor_t){
MIOpen(HIP): 	tensorDesc = {1024, 1024, 3, 3, 3}, {27648, 1, 9216, 3072, 1024}, packed, 
MIOpen(HIP): }
MIOpen(HIP): miopenStatus_t miopenDestroyTensorDescriptor(miopenTensorDescriptor_t){
MIOpen(HIP): 	tensorDesc = {1, 1024, 1, 68, 50}, {3481600, 1, 3481600, 51200, 1024}, packed, 
MIOpen(HIP): }
MIOpen(HIP): miopenStatus_t miopenDestroyTensorDescriptor(miopenTensorDescriptor_t){
MIOpen(HIP): 	tensorDesc = {1, 1024, 3, 70, 52}, {11182080, 1, 3727360, 53248, 1024}, packed, 
MIOpen(HIP): }
MIOpen(HIP): Info [get_device_name] Raw device name: gfx1100
MIOpen(HIP): Info [SetStream] stream: 0, device_id: 0
MIOpen(HIP): miopenStatus_t miopenCreateTensorDescriptor(miopenTensorDescriptor_t *){
MIOpen(HIP): 	tensorDesc = 0x5
MIOpen(HIP): }
MIOpen(HIP): miopenStatus_t miopenSetTensorDescriptor(miopenTensorDescriptor_t, miopenDataType_t, int, const int *, const int *){
MIOpen(HIP): 	tensorDesc = {}, {}, packed, 
MIOpen(HIP): 	dataType = 5
MIOpen(HIP): 	nbDims = 5
MIOpen(HIP): 	dim.values = { 1 1024 3 70 52 }
MIOpen(HIP): 	stride.values = { 11182080 1 3727360 53248 1024 }
MIOpen(HIP): }
MIOpen(HIP): miopenStatus_t miopenCreateTensorDescriptor(miopenTensorDescriptor_t *){
MIOpen(HIP): 	tensorDesc = 0xd0000038e000
MIOpen(HIP): }
MIOpen(HIP): miopenStatus_t miopenSetTensorDescriptor(miopenTensorDescriptor_t, miopenDataType_t, int, const int *, const int *){
MIOpen(HIP): 	tensorDesc = {}, {}, packed, 
MIOpen(HIP): 	dataType = 5
MIOpen(HIP): 	nbDims = 5
MIOpen(HIP): 	dim.values = { 1024 1024 3 3 3 }
MIOpen(HIP): 	stride.values = { 27648 1 9216 3072 1024 }
MIOpen(HIP): }
MIOpen(HIP): miopenStatus_t miopenCreateTensorDescriptor(miopenTensorDescriptor_t *){
MIOpen(HIP): 	tensorDesc = 0x7d7626d37df6
MIOpen(HIP): }
MIOpen(HIP): miopenStatus_t miopenSetTensorDescriptor(miopenTensorDescriptor_t, miopenDataType_t, int, const int *, const int *){
MIOpen(HIP): 	tensorDesc = {}, {}, packed, 
MIOpen(HIP): 	dataType = 5
MIOpen(HIP): 	nbDims = 5
MIOpen(HIP): 	dim.values = { 1 1024 1 68 50 }
MIOpen(HIP): 	stride.values = { 3481600 1 3481600 51200 1024 }
MIOpen(HIP): }
MIOpen(HIP): miopenStatus_t miopenCreateConvolutionDescriptor(miopenConvolutionDescriptor_t *){
MIOpen(HIP): 	convDesc = 0x7ffd68b9efd0
MIOpen(HIP): }
MIOpen(HIP): miopenStatus_t miopenInitConvolutionNdDescriptor(miopenConvolutionDescriptor_t, int, const int *, const int *, const int *, miopenConvolutionMode_t){
MIOpen(HIP): 	convDesc = conv2d, miopenConvolution, miopenPaddingDefault, {0, 0}, {1, 1}, {1, 1}, 
MIOpen(HIP): 	spatialDim = 3
MIOpen(HIP): 	pads = { 0 0 0 }
MIOpen(HIP): 	strides = { 1 1 1 }
MIOpen(HIP): 	dilations = { 1 1 1 }
MIOpen(HIP): 	c_mode = 0
MIOpen(HIP): }
MIOpen(HIP): miopenStatus_t miopenSetConvolutionGroupCount(miopenConvolutionDescriptor_t, int){
MIOpen(HIP): 	convDesc = conv3d, miopenConvolution, miopenPaddingDefault, {0, 0, 0}, {1, 1, 1}, {1, 1, 1}, 
MIOpen(HIP): 	groupCount = 1
MIOpen(HIP): }
MIOpen(HIP): miopenStatus_t miopenSetConvolutionAttribute(miopenConvolutionDescriptor_t, const miopenConvolutionAttrib_t, const int){
MIOpen(HIP): 	convDesc = conv3d, miopenConvolution, miopenPaddingDefault, {0, 0, 0}, {1, 1, 1}, {1, 1, 1}, 
MIOpen(HIP): 	attr = 1
MIOpen(HIP): 	value = 0
MIOpen(HIP): }
MIOpen(HIP): miopenStatus_t miopenConvolutionForward(miopenHandle_t, const void *, const miopenTensorDescriptor_t, const void *, const miopenTensorDescriptor_t, const void *, const miopenConvolutionDescriptor_t, miopenConvFwdAlgorithm_t, const void *, const miopenTensorDescriptor_t, void *, void *, size_t){
MIOpen(HIP): 	handle = stream: 0, device_id: 0
MIOpen(HIP): 	alpha = 0x7ffd68b9ed18
MIOpen(HIP): 	xDesc = {1, 1024, 3, 70, 52}, {11182080, 1, 3727360, 53248, 1024}, packed, 
MIOpen(HIP): 	x = 0x7d7051a00000
MIOpen(HIP): 	wDesc = {1024, 1024, 3, 3, 3}, {27648, 1, 9216, 3072, 1024}, packed, 
MIOpen(HIP): 	w = 0x7d704c200000
MIOpen(HIP): 	convDesc = conv3d, miopenConvolution, miopenPaddingDefault, {0, 0, 0}, {1, 1, 1}, {1, 1, 1}, 
MIOpen(HIP): 	algo = 5
MIOpen(HIP): 	beta = 0x7ffd68b9ed20
MIOpen(HIP): 	yDesc = {1, 1024, 1, 68, 50}, {3481600, 1, 3481600, 51200, 1024}, packed, 
MIOpen(HIP): 	y = 0x7d704fa00000
MIOpen(HIP): 	workSpace = nullptr
MIOpen(HIP): 	workSpaceSize = 0
MIOpen(HIP): }
MIOpen(HIP): Command [LogCmdConvolution] ./bin/MIOpenDriver convbfp16 -n 1 -c 1024 --in_d 3 -H 70 -W 52 -k 1024 --fil_d 3 -y 3 -x 3 --pad_d 0 -p 0 -q 0 --conv_stride_d 1 -u 1 -v 1 --dilation_d 1 -l 1 -j 1 --spatial_dim 3 --in_layout NDHWC --fil_layout NDHWC --out_layout NDHWC -m conv -g 1 -F 1 -t 1
MIOpen(HIP): Info [ConvolutionForward] algo = 5, workspace = 0
MIOpen(HIP): Info2 [GetInvoker] Returning an invoker for problem 1024x3x70x52x3x3x3x1024x1x68x50x1xNDHWCxNDHWCxNDHWCxBF16x0x0x0x1x1x1x1x1x1x1xFxDefault and algorithm miopenConvolutionFwdAlgoImplicitGEMM
MIOpen(HIP): miopenStatus_t miopenDestroyConvolutionDescriptor(miopenConvolutionDescriptor_t){
MIOpen(HIP): 	convDesc = conv3d, miopenConvolution, miopenPaddingDefault, {0, 0, 0}, {1, 1, 1}, {1, 1, 1}, 
MIOpen(HIP): }
MIOpen(HIP): miopenStatus_t miopenDestroyTensorDescriptor(miopenTensorDescriptor_t){
MIOpen(HIP): 	tensorDesc = {1024, 1024, 3, 3, 3}, {27648, 1, 9216, 3072, 1024}, packed, 
MIOpen(HIP): }
MIOpen(HIP): miopenStatus_t miopenDestroyTensorDescriptor(miopenTensorDescriptor_t){
MIOpen(HIP): 	tensorDesc = {1, 1024, 1, 68, 50}, {3481600, 1, 3481600, 51200, 1024}, packed, 
MIOpen(HIP): }
MIOpen(HIP): miopenStatus_t miopenDestroyTensorDescriptor(miopenTensorDescriptor_t){
MIOpen(HIP): 	tensorDesc = {1, 1024, 3, 70, 52}, {11182080, 1, 3727360, 53248, 1024}, packed, 
MIOpen(HIP): }
MIOpen(HIP): Info [get_device_name] Raw device name: gfx1100
MIOpen(HIP): Info [SetStream] stream: 0, device_id: 0
MIOpen(HIP): miopenStatus_t miopenCreateTensorDescriptor(miopenTensorDescriptor_t *){
MIOpen(HIP): 	tensorDesc = 0x5
MIOpen(HIP): }
MIOpen(HIP): miopenStatus_t miopenSetTensorDescriptor(miopenTensorDescriptor_t, miopenDataType_t, int, const int *, const int *){
MIOpen(HIP): 	tensorDesc = {}, {}, packed, 
MIOpen(HIP): 	dataType = 5
MIOpen(HIP): 	nbDims = 5
MIOpen(HIP): 	dim.values = { 1 1024 3 70 52 }
MIOpen(HIP): 	stride.values = { 11182080 1 3727360 53248 1024 }
MIOpen(HIP): }
MIOpen(HIP): miopenStatus_t miopenCreateTensorDescriptor(miopenTensorDescriptor_t *){
MIOpen(HIP): 	tensorDesc = 0xd0000038e000
MIOpen(HIP): }
MIOpen(HIP): miopenStatus_t miopenSetTensorDescriptor(miopenTensorDescriptor_t, miopenDataType_t, int, const int *, const int *){
MIOpen(HIP): 	tensorDesc = {}, {}, packed, 
MIOpen(HIP): 	dataType = 5
MIOpen(HIP): 	nbDims = 5
MIOpen(HIP): 	dim.values = { 1024 1024 3 3 3 }
MIOpen(HIP): 	stride.values = { 27648 1 9216 3072 1024 }
MIOpen(HIP): }
MIOpen(HIP): miopenStatus_t miopenCreateTensorDescriptor(miopenTensorDescriptor_t *){
MIOpen(HIP): 	tensorDesc = 0x7d7626d37df6
MIOpen(HIP): }
MIOpen(HIP): miopenStatus_t miopenSetTensorDescriptor(miopenTensorDescriptor_t, miopenDataType_t, int, const int *, const int *){
MIOpen(HIP): 	tensorDesc = {}, {}, packed, 
MIOpen(HIP): 	dataType = 5
MIOpen(HIP): 	nbDims = 5
MIOpen(HIP): 	dim.values = { 1 1024 1 68 50 }
MIOpen(HIP): 	stride.values = { 3481600 1 3481600 51200 1024 }
MIOpen(HIP): }
MIOpen(HIP): miopenStatus_t miopenCreateConvolutionDescriptor(miopenConvolutionDescriptor_t *){
MIOpen(HIP): 	convDesc = 0x7ffd68b9e790
MIOpen(HIP): }
MIOpen(HIP): miopenStatus_t miopenInitConvolutionNdDescriptor(miopenConvolutionDescriptor_t, int, const int *, const int *, const int *, miopenConvolutionMode_t){
MIOpen(HIP): 	convDesc = conv2d, miopenConvolution, miopenPaddingDefault, {0, 0}, {1, 1}, {1, 1}, 
MIOpen(HIP): 	spatialDim = 3
MIOpen(HIP): 	pads = { 0 0 0 }
MIOpen(HIP): 	strides = { 1 1 1 }
MIOpen(HIP): 	dilations = { 1 1 1 }
MIOpen(HIP): 	c_mode = 0
MIOpen(HIP): }
MIOpen(HIP): miopenStatus_t miopenSetConvolutionGroupCount(miopenConvolutionDescriptor_t, int){
MIOpen(HIP): 	convDesc = conv3d, miopenConvolution, miopenPaddingDefault, {0, 0, 0}, {1, 1, 1}, {1, 1, 1}, 
MIOpen(HIP): 	groupCount = 1
MIOpen(HIP): }
MIOpen(HIP): miopenStatus_t miopenSetConvolutionAttribute(miopenConvolutionDescriptor_t, const miopenConvolutionAttrib_t, const int){
MIOpen(HIP): 	convDesc = conv3d, miopenConvolution, miopenPaddingDefault, {0, 0, 0}, {1, 1, 1}, {1, 1, 1}, 
MIOpen(HIP): 	attr = 1
MIOpen(HIP): 	value = 0
MIOpen(HIP): }
MIOpen(HIP): miopenStatus_t miopenConvolutionForward(miopenHandle_t, const void *, const miopenTensorDescriptor_t, const void *, const miopenTensorDescriptor_t, const void *, const miopenConvolutionDescriptor_t, miopenConvFwdAlgorithm_t, const void *, const miopenTensorDescriptor_t, void *, void *, size_t){
MIOpen(HIP): 	handle = stream: 0, device_id: 0
MIOpen(HIP): 	alpha = 0x7ffd68b9e4d8
MIOpen(HIP): 	xDesc = {1, 1024, 3, 70, 52}, {11182080, 1, 3727360, 53248, 1024}, packed, 
MIOpen(HIP): 	x = 0x7d704aa00000
MIOpen(HIP): 	wDesc = {1024, 1024, 3, 3, 3}, {27648, 1, 9216, 3072, 1024}, packed, 
MIOpen(HIP): 	w = 0x7d704c200000
MIOpen(HIP): 	convDesc = conv3d, miopenConvolution, miopenPaddingDefault, {0, 0, 0}, {1, 1, 1}, {1, 1, 1}, 
MIOpen(HIP): 	algo = 5
MIOpen(HIP): 	beta = 0x7ffd68b9e4e0
MIOpen(HIP): 	yDesc = {1, 1024, 1, 68, 50}, {3481600, 1, 3481600, 51200, 1024}, packed, 
MIOpen(HIP): 	y = 0x7d705f400000
MIOpen(HIP): 	workSpace = nullptr
MIOpen(HIP): 	workSpaceSize = 0
MIOpen(HIP): }
MIOpen(HIP): Command [LogCmdConvolution] ./bin/MIOpenDriver convbfp16 -n 1 -c 1024 --in_d 3 -H 70 -W 52 -k 1024 --fil_d 3 -y 3 -x 3 --pad_d 0 -p 0 -q 0 --conv_stride_d 1 -u 1 -v 1 --dilation_d 1 -l 1 -j 1 --spatial_dim 3 --in_layout NDHWC --fil_layout NDHWC --out_layout NDHWC -m conv -g 1 -F 1 -t 1
MIOpen(HIP): Info [ConvolutionForward] algo = 5, workspace = 0
MIOpen(HIP): Info2 [GetInvoker] Returning an invoker for problem 1024x3x70x52x3x3x3x1024x1x68x50x1xNDHWCxNDHWCxNDHWCxBF16x0x0x0x1x1x1x1x1x1x1xFxDefault and algorithm miopenConvolutionFwdAlgoImplicitGEMM
MIOpen(HIP): miopenStatus_t miopenDestroyConvolutionDescriptor(miopenConvolutionDescriptor_t){
MIOpen(HIP): 	convDesc = conv3d, miopenConvolution, miopenPaddingDefault, {0, 0, 0}, {1, 1, 1}, {1, 1, 1}, 
MIOpen(HIP): }
MIOpen(HIP): miopenStatus_t miopenDestroyTensorDescriptor(miopenTensorDescriptor_t){
MIOpen(HIP): 	tensorDesc = {1024, 1024, 3, 3, 3}, {27648, 1, 9216, 3072, 1024}, packed, 
MIOpen(HIP): }
MIOpen(HIP): miopenStatus_t miopenDestroyTensorDescriptor(miopenTensorDescriptor_t){
MIOpen(HIP): 	tensorDesc = {1, 1024, 1, 68, 50}, {3481600, 1, 3481600, 51200, 1024}, packed, 
MIOpen(HIP): }
MIOpen(HIP): miopenStatus_t miopenDestroyTensorDescriptor(miopenTensorDescriptor_t){
MIOpen(HIP): 	tensorDesc = {1, 1024, 3, 70, 52}, {11182080, 1, 3727360, 53248, 1024}, packed, 
MIOpen(HIP): }
MIOpen(HIP): Info [get_device_name] Raw device name: gfx1100
MIOpen(HIP): Info [SetStream] stream: 0, device_id: 0
MIOpen(HIP): miopenStatus_t miopenCreateTensorDescriptor(miopenTensorDescriptor_t *){
MIOpen(HIP): 	tensorDesc = 0x5
MIOpen(HIP): }
MIOpen(HIP): miopenStatus_t miopenSetTensorDescriptor(miopenTensorDescriptor_t, miopenDataType_t, int, const int *, const int *){
MIOpen(HIP): 	tensorDesc = {}, {}, packed, 
MIOpen(HIP): 	dataType = 5
MIOpen(HIP): 	nbDims = 5
MIOpen(HIP): 	dim.values = { 1 1024 3 70 52 }
MIOpen(HIP): 	stride.values = { 11182080 1 3727360 53248 1024 }
MIOpen(HIP): }
MIOpen(HIP): miopenStatus_t miopenCreateTensorDescriptor(miopenTensorDescriptor_t *){
MIOpen(HIP): 	tensorDesc = 0xd0000038e000
MIOpen(HIP): }
MIOpen(HIP): miopenStatus_t miopenSetTensorDescriptor(miopenTensorDescriptor_t, miopenDataType_t, int, const int *, const int *){
MIOpen(HIP): 	tensorDesc = {}, {}, packed, 
MIOpen(HIP): 	dataType = 5
MIOpen(HIP): 	nbDims = 5
MIOpen(HIP): 	dim.values = { 1024 1024 3 3 3 }
MIOpen(HIP): 	stride.values = { 27648 1 9216 3072 1024 }
MIOpen(HIP): }
MIOpen(HIP): miopenStatus_t miopenCreateTensorDescriptor(miopenTensorDescriptor_t *){
MIOpen(HIP): 	tensorDesc = 0x7d7626d37df6
MIOpen(HIP): }
MIOpen(HIP): miopenStatus_t miopenSetTensorDescriptor(miopenTensorDescriptor_t, miopenDataType_t, int, const int *, const int *){
MIOpen(HIP): 	tensorDesc = {}, {}, packed, 
MIOpen(HIP): 	dataType = 5
MIOpen(HIP): 	nbDims = 5
MIOpen(HIP): 	dim.values = { 1 1024 1 68 50 }
MIOpen(HIP): 	stride.values = { 3481600 1 3481600 51200 1024 }
MIOpen(HIP): }
MIOpen(HIP): miopenStatus_t miopenCreateConvolutionDescriptor(miopenConvolutionDescriptor_t *){
MIOpen(HIP): 	convDesc = 0x7ffd68b9e790
MIOpen(HIP): }
MIOpen(HIP): miopenStatus_t miopenInitConvolutionNdDescriptor(miopenConvolutionDescriptor_t, int, const int *, const int *, const int *, miopenConvolutionMode_t){
MIOpen(HIP): 	convDesc = conv2d, miopenConvolution, miopenPaddingDefault, {0, 0}, {1, 1}, {1, 1}, 
MIOpen(HIP): 	spatialDim = 3
MIOpen(HIP): 	pads = { 0 0 0 }
MIOpen(HIP): 	strides = { 1 1 1 }
MIOpen(HIP): 	dilations = { 1 1 1 }
MIOpen(HIP): 	c_mode = 0
MIOpen(HIP): }
MIOpen(HIP): miopenStatus_t miopenSetConvolutionGroupCount(miopenConvolutionDescriptor_t, int){
MIOpen(HIP): 	convDesc = conv3d, miopenConvolution, miopenPaddingDefault, {0, 0, 0}, {1, 1, 1}, {1, 1, 1}, 
MIOpen(HIP): 	groupCount = 1
MIOpen(HIP): }
MIOpen(HIP): miopenStatus_t miopenSetConvolutionAttribute(miopenConvolutionDescriptor_t, const miopenConvolutionAttrib_t, const int){
MIOpen(HIP): 	convDesc = conv3d, miopenConvolution, miopenPaddingDefault, {0, 0, 0}, {1, 1, 1}, {1, 1, 1}, 
MIOpen(HIP): 	attr = 1
MIOpen(HIP): 	value = 0
MIOpen(HIP): }
MIOpen(HIP): miopenStatus_t miopenConvolutionForward(miopenHandle_t, const void *, const miopenTensorDescriptor_t, const void *, const miopenTensorDescriptor_t, const void *, const miopenConvolutionDescriptor_t, miopenConvFwdAlgorithm_t, const void *, const miopenTensorDescriptor_t, void *, void *, size_t){
MIOpen(HIP): 	handle = stream: 0, device_id: 0
MIOpen(HIP): 	alpha = 0x7ffd68b9e4d8
MIOpen(HIP): 	xDesc = {1, 1024, 3, 70, 52}, {11182080, 1, 3727360, 53248, 1024}, packed, 
MIOpen(HIP): 	x = 0x7d7049200000
MIOpen(HIP): 	wDesc = {1024, 1024, 3, 3, 3}, {27648, 1, 9216, 3072, 1024}, packed, 
MIOpen(HIP): 	w = 0x7d704c200000
MIOpen(HIP): 	convDesc = conv3d, miopenConvolution, miopenPaddingDefault, {0, 0, 0}, {1, 1, 1}, {1, 1, 1}, 
MIOpen(HIP): 	algo = 5
MIOpen(HIP): 	beta = 0x7ffd68b9e4e0
MIOpen(HIP): 	yDesc = {1, 1024, 1, 68, 50}, {3481600, 1, 3481600, 51200, 1024}, packed, 
MIOpen(HIP): 	y = 0x7d705f400000
MIOpen(HIP): 	workSpace = nullptr
MIOpen(HIP): 	workSpaceSize = 0
MIOpen(HIP): }
MIOpen(HIP): Command [LogCmdConvolution] ./bin/MIOpenDriver convbfp16 -n 1 -c 1024 --in_d 3 -H 70 -W 52 -k 1024 --fil_d 3 -y 3 -x 3 --pad_d 0 -p 0 -q 0 --conv_stride_d 1 -u 1 -v 1 --dilation_d 1 -l 1 -j 1 --spatial_dim 3 --in_layout NDHWC --fil_layout NDHWC --out_layout NDHWC -m conv -g 1 -F 1 -t 1
MIOpen(HIP): Info [ConvolutionForward] algo = 5, workspace = 0
MIOpen(HIP): Info2 [GetInvoker] Returning an invoker for problem 1024x3x70x52x3x3x3x1024x1x68x50x1xNDHWCxNDHWCxNDHWCxBF16x0x0x0x1x1x1x1x1x1x1xFxDefault and algorithm miopenConvolutionFwdAlgoImplicitGEMM
MIOpen(HIP): miopenStatus_t miopenDestroyConvolutionDescriptor(miopenConvolutionDescriptor_t){
MIOpen(HIP): 	convDesc = conv3d, miopenConvolution, miopenPaddingDefault, {0, 0, 0}, {1, 1, 1}, {1, 1, 1}, 
MIOpen(HIP): }
MIOpen(HIP): miopenStatus_t miopenDestroyTensorDescriptor(miopenTensorDescriptor_t){
MIOpen(HIP): 	tensorDesc = {1024, 1024, 3, 3, 3}, {27648, 1, 9216, 3072, 1024}, packed, 
MIOpen(HIP): }
MIOpen(HIP): miopenStatus_t miopenDestroyTensorDescriptor(miopenTensorDescriptor_t){
MIOpen(HIP): 	tensorDesc = {1, 1024, 1, 68, 50}, {3481600, 1, 3481600, 51200, 1024}, packed, 
MIOpen(HIP): }
MIOpen(HIP): miopenStatus_t miopenDestroyTensorDescriptor(miopenTensorDescriptor_t){
MIOpen(HIP): 	tensorDesc = {1, 1024, 3, 70, 52}, {11182080, 1, 3727360, 53248, 1024}, packed, 
MIOpen(HIP): }
MIOpen(HIP): Info [get_device_name] Raw device name: gfx1100
MIOpen(HIP): Info [SetStream] stream: 0, device_id: 0
MIOpen(HIP): miopenStatus_t miopenCreateTensorDescriptor(miopenTensorDescriptor_t *){
MIOpen(HIP): 	tensorDesc = 0x5
MIOpen(HIP): }
MIOpen(HIP): miopenStatus_t miopenSetTensorDescriptor(miopenTensorDescriptor_t, miopenDataType_t, int, const int *, const int *){
MIOpen(HIP): 	tensorDesc = {}, {}, packed, 
MIOpen(HIP): 	dataType = 5
MIOpen(HIP): 	nbDims = 5
MIOpen(HIP): 	dim.values = { 1 1024 3 70 52 }
MIOpen(HIP): 	stride.values = { 11182080 1 3727360 53248 1024 }
MIOpen(HIP): }
MIOpen(HIP): miopenStatus_t miopenCreateTensorDescriptor(miopenTensorDescriptor_t *){
MIOpen(HIP): 	tensorDesc = 0xd0000038e000
MIOpen(HIP): }
MIOpen(HIP): miopenStatus_t miopenSetTensorDescriptor(miopenTensorDescriptor_t, miopenDataType_t, int, const int *, const int *){
MIOpen(HIP): 	tensorDesc = {}, {}, packed, 
MIOpen(HIP): 	dataType = 5
MIOpen(HIP): 	nbDims = 5
MIOpen(HIP): 	dim.values = { 1024 1024 3 3 3 }
MIOpen(HIP): 	stride.values = { 27648 1 9216 3072 1024 }
MIOpen(HIP): }
MIOpen(HIP): miopenStatus_t miopenCreateTensorDescriptor(miopenTensorDescriptor_t *){
MIOpen(HIP): 	tensorDesc = 0x7d7626d37df6
MIOpen(HIP): }
MIOpen(HIP): miopenStatus_t miopenSetTensorDescriptor(miopenTensorDescriptor_t, miopenDataType_t, int, const int *, const int *){
MIOpen(HIP): 	tensorDesc = {}, {}, packed, 
MIOpen(HIP): 	dataType = 5
MIOpen(HIP): 	nbDims = 5
MIOpen(HIP): 	dim.values = { 1 1024 1 68 50 }
MIOpen(HIP): 	stride.values = { 3481600 1 3481600 51200 1024 }
MIOpen(HIP): }
MIOpen(HIP): miopenStatus_t miopenCreateConvolutionDescriptor(miopenConvolutionDescriptor_t *){
MIOpen(HIP): 	convDesc = 0x7ffd68b9e790
MIOpen(HIP): }
MIOpen(HIP): miopenStatus_t miopenInitConvolutionNdDescriptor(miopenConvolutionDescriptor_t, int, const int *, const int *, const int *, miopenConvolutionMode_t){
MIOpen(HIP): 	convDesc = conv2d, miopenConvolution, miopenPaddingDefault, {0, 0}, {1, 1}, {1, 1}, 
MIOpen(HIP): 	spatialDim = 3
MIOpen(HIP): 	pads = { 0 0 0 }
MIOpen(HIP): 	strides = { 1 1 1 }
MIOpen(HIP): 	dilations = { 1 1 1 }
MIOpen(HIP): 	c_mode = 0
MIOpen(HIP): }
MIOpen(HIP): miopenStatus_t miopenSetConvolutionGroupCount(miopenConvolutionDescriptor_t, int){
MIOpen(HIP): 	convDesc = conv3d, miopenConvolution, miopenPaddingDefault, {0, 0, 0}, {1, 1, 1}, {1, 1, 1}, 
MIOpen(HIP): 	groupCount = 1
MIOpen(HIP): }
MIOpen(HIP): miopenStatus_t miopenSetConvolutionAttribute(miopenConvolutionDescriptor_t, const miopenConvolutionAttrib_t, const int){
MIOpen(HIP): 	convDesc = conv3d, miopenConvolution, miopenPaddingDefault, {0, 0, 0}, {1, 1, 1}, {1, 1, 1}, 
MIOpen(HIP): 	attr = 1
MIOpen(HIP): 	value = 0
MIOpen(HIP): }
MIOpen(HIP): miopenStatus_t miopenConvolutionForward(miopenHandle_t, const void *, const miopenTensorDescriptor_t, const void *, const miopenTensorDescriptor_t, const void *, const miopenConvolutionDescriptor_t, miopenConvFwdAlgorithm_t, const void *, const miopenTensorDescriptor_t, void *, void *, size_t){
MIOpen(HIP): 	handle = stream: 0, device_id: 0
MIOpen(HIP): 	alpha = 0x7ffd68b9e4d8
MIOpen(HIP): 	xDesc = {1, 1024, 3, 70, 52}, {11182080, 1, 3727360, 53248, 1024}, packed, 
MIOpen(HIP): 	x = 0x7d7047a00000
MIOpen(HIP): 	wDesc = {1024, 1024, 3, 3, 3}, {27648, 1, 9216, 3072, 1024}, packed, 
MIOpen(HIP): 	w = 0x7d704c200000
MIOpen(HIP): 	convDesc = conv3d, miopenConvolution, miopenPaddingDefault, {0, 0, 0}, {1, 1, 1}, {1, 1, 1}, 
MIOpen(HIP): 	algo = 5
MIOpen(HIP): 	beta = 0x7ffd68b9e4e0
MIOpen(HIP): 	yDesc = {1, 1024, 1, 68, 50}, {3481600, 1, 3481600, 51200, 1024}, packed, 
MIOpen(HIP): 	y = 0x7d704fa00000
MIOpen(HIP): 	workSpace = nullptr
MIOpen(HIP): 	workSpaceSize = 0
MIOpen(HIP): }
MIOpen(HIP): Command [LogCmdConvolution] ./bin/MIOpenDriver convbfp16 -n 1 -c 1024 --in_d 3 -H 70 -W 52 -k 1024 --fil_d 3 -y 3 -x 3 --pad_d 0 -p 0 -q 0 --conv_stride_d 1 -u 1 -v 1 --dilation_d 1 -l 1 -j 1 --spatial_dim 3 --in_layout NDHWC --fil_layout NDHWC --out_layout NDHWC -m conv -g 1 -F 1 -t 1
MIOpen(HIP): Info [ConvolutionForward] algo = 5, workspace = 0
MIOpen(HIP): Info2 [GetInvoker] Returning an invoker for problem 1024x3x70x52x3x3x3x1024x1x68x50x1xNDHWCxNDHWCxNDHWCxBF16x0x0x0x1x1x1x1x1x1x1xFxDefault and algorithm miopenConvolutionFwdAlgoImplicitGEMM
MIOpen(HIP): miopenStatus_t miopenDestroyConvolutionDescriptor(miopenConvolutionDescriptor_t){
MIOpen(HIP): 	convDesc = conv3d, miopenConvolution, miopenPaddingDefault, {0, 0, 0}, {1, 1, 1}, {1, 1, 1}, 
MIOpen(HIP): }
MIOpen(HIP): miopenStatus_t miopenDestroyTensorDescriptor(miopenTensorDescriptor_t){
MIOpen(HIP): 	tensorDesc = {1024, 1024, 3, 3, 3}, {27648, 1, 9216, 3072, 1024}, packed, 
MIOpen(HIP): }
MIOpen(HIP): miopenStatus_t miopenDestroyTensorDescriptor(miopenTensorDescriptor_t){
MIOpen(HIP): 	tensorDesc = {1, 1024, 1, 68, 50}, {3481600, 1, 3481600, 51200, 1024}, packed, 
MIOpen(HIP): }
MIOpen(HIP): miopenStatus_t miopenDestroyTensorDescriptor(miopenTensorDescriptor_t){
MIOpen(HIP): 	tensorDesc = {1, 1024, 3, 70, 52}, {11182080, 1, 3727360, 53248, 1024}, packed, 
MIOpen(HIP): }
MIOpen(HIP): Info [get_device_name] Raw device name: gfx1100
MIOpen(HIP): Info [SetStream] stream: 0, device_id: 0
MIOpen(HIP): miopenStatus_t miopenCreateTensorDescriptor(miopenTensorDescriptor_t *){
MIOpen(HIP): 	tensorDesc = 0x5
MIOpen(HIP): }
MIOpen(HIP): miopenStatus_t miopenSetTensorDescriptor(miopenTensorDescriptor_t, miopenDataType_t, int, const int *, const int *){
MIOpen(HIP): 	tensorDesc = {}, {}, packed, 
MIOpen(HIP): 	dataType = 5
MIOpen(HIP): 	nbDims = 5
MIOpen(HIP): 	dim.values = { 1 1024 3 70 52 }
MIOpen(HIP): 	stride.values = { 11182080 1 3727360 53248 1024 }
MIOpen(HIP): }
MIOpen(HIP): miopenStatus_t miopenCreateTensorDescriptor(miopenTensorDescriptor_t *){
MIOpen(HIP): 	tensorDesc = 0xd0000038e000
MIOpen(HIP): }
MIOpen(HIP): miopenStatus_t miopenSetTensorDescriptor(miopenTensorDescriptor_t, miopenDataType_t, int, const int *, const int *){
MIOpen(HIP): 	tensorDesc = {}, {}, packed, 
MIOpen(HIP): 	dataType = 5
MIOpen(HIP): 	nbDims = 5
MIOpen(HIP): 	dim.values = { 1024 1024 3 3 3 }
MIOpen(HIP): 	stride.values = { 27648 1 9216 3072 1024 }
MIOpen(HIP): }
MIOpen(HIP): miopenStatus_t miopenCreateTensorDescriptor(miopenTensorDescriptor_t *){
MIOpen(HIP): 	tensorDesc = 0x7d7626d37df6
MIOpen(HIP): }
MIOpen(HIP): miopenStatus_t miopenSetTensorDescriptor(miopenTensorDescriptor_t, miopenDataType_t, int, const int *, const int *){
MIOpen(HIP): 	tensorDesc = {}, {}, packed, 
MIOpen(HIP): 	dataType = 5
MIOpen(HIP): 	nbDims = 5
MIOpen(HIP): 	dim.values = { 1 1024 1 68 50 }
MIOpen(HIP): 	stride.values = { 3481600 1 3481600 51200 1024 }
MIOpen(HIP): }
MIOpen(HIP): miopenStatus_t miopenCreateConvolutionDescriptor(miopenConvolutionDescriptor_t *){
MIOpen(HIP): 	convDesc = 0x7ffd68b9e790
MIOpen(HIP): }
MIOpen(HIP): miopenStatus_t miopenInitConvolutionNdDescriptor(miopenConvolutionDescriptor_t, int, const int *, const int *, const int *, miopenConvolutionMode_t){
MIOpen(HIP): 	convDesc = conv2d, miopenConvolution, miopenPaddingDefault, {0, 0}, {1, 1}, {1, 1}, 
MIOpen(HIP): 	spatialDim = 3
MIOpen(HIP): 	pads = { 0 0 0 }
MIOpen(HIP): 	strides = { 1 1 1 }
MIOpen(HIP): 	dilations = { 1 1 1 }
MIOpen(HIP): 	c_mode = 0
MIOpen(HIP): }
MIOpen(HIP): miopenStatus_t miopenSetConvolutionGroupCount(miopenConvolutionDescriptor_t, int){
MIOpen(HIP): 	convDesc = conv3d, miopenConvolution, miopenPaddingDefault, {0, 0, 0}, {1, 1, 1}, {1, 1, 1}, 
MIOpen(HIP): 	groupCount = 1
MIOpen(HIP): }
MIOpen(HIP): miopenStatus_t miopenSetConvolutionAttribute(miopenConvolutionDescriptor_t, const miopenConvolutionAttrib_t, const int){
MIOpen(HIP): 	convDesc = conv3d, miopenConvolution, miopenPaddingDefault, {0, 0, 0}, {1, 1, 1}, {1, 1, 1}, 
MIOpen(HIP): 	attr = 1
MIOpen(HIP): 	value = 0
MIOpen(HIP): }
MIOpen(HIP): miopenStatus_t miopenConvolutionForward(miopenHandle_t, const void *, const miopenTensorDescriptor_t, const void *, const miopenTensorDescriptor_t, const void *, const miopenConvolutionDescriptor_t, miopenConvFwdAlgorithm_t, const void *, const miopenTensorDescriptor_t, void *, void *, size_t){
MIOpen(HIP): 	handle = stream: 0, device_id: 0
MIOpen(HIP): 	alpha = 0x7ffd68b9e4d8
MIOpen(HIP): 	xDesc = {1, 1024, 3, 70, 52}, {11182080, 1, 3727360, 53248, 1024}, packed, 
MIOpen(HIP): 	x = 0x7d7046200000
MIOpen(HIP): 	wDesc = {1024, 1024, 3, 3, 3}, {27648, 1, 9216, 3072, 1024}, packed, 
MIOpen(HIP): 	w = 0x7d704c200000
MIOpen(HIP): 	convDesc = conv3d, miopenConvolution, miopenPaddingDefault, {0, 0, 0}, {1, 1, 1}, {1, 1, 1}, 
MIOpen(HIP): 	algo = 5
MIOpen(HIP): 	beta = 0x7ffd68b9e4e0
MIOpen(HIP): 	yDesc = {1, 1024, 1, 68, 50}, {3481600, 1, 3481600, 51200, 1024}, packed, 
MIOpen(HIP): 	y = 0x7d704fa00000
MIOpen(HIP): 	workSpace = nullptr
MIOpen(HIP): 	workSpaceSize = 0
MIOpen(HIP): }
MIOpen(HIP): Command [LogCmdConvolution] ./bin/MIOpenDriver convbfp16 -n 1 -c 1024 --in_d 3 -H 70 -W 52 -k 1024 --fil_d 3 -y 3 -x 3 --pad_d 0 -p 0 -q 0 --conv_stride_d 1 -u 1 -v 1 --dilation_d 1 -l 1 -j 1 --spatial_dim 3 --in_layout NDHWC --fil_layout NDHWC --out_layout NDHWC -m conv -g 1 -F 1 -t 1
MIOpen(HIP): Info [ConvolutionForward] algo = 5, workspace = 0
MIOpen(HIP): Info2 [GetInvoker] Returning an invoker for problem 1024x3x70x52x3x3x3x1024x1x68x50x1xNDHWCxNDHWCxNDHWCxBF16x0x0x0x1x1x1x1x1x1x1xFxDefault and algorithm miopenConvolutionFwdAlgoImplicitGEMM
MIOpen(HIP): miopenStatus_t miopenDestroyConvolutionDescriptor(miopenConvolutionDescriptor_t){
MIOpen(HIP): 	convDesc = conv3d, miopenConvolution, miopenPaddingDefault, {0, 0, 0}, {1, 1, 1}, {1, 1, 1}, 
MIOpen(HIP): }
MIOpen(HIP): miopenStatus_t miopenDestroyTensorDescriptor(miopenTensorDescriptor_t){
MIOpen(HIP): 	tensorDesc = {1024, 1024, 3, 3, 3}, {27648, 1, 9216, 3072, 1024}, packed, 
MIOpen(HIP): }
MIOpen(HIP): miopenStatus_t miopenDestroyTensorDescriptor(miopenTensorDescriptor_t){
MIOpen(HIP): 	tensorDesc = {1, 1024, 1, 68, 50}, {3481600, 1, 3481600, 51200, 1024}, packed, 
MIOpen(HIP): }
MIOpen(HIP): miopenStatus_t miopenDestroyTensorDescriptor(miopenTensorDescriptor_t){
MIOpen(HIP): 	tensorDesc = {1, 1024, 3, 70, 52}, {11182080, 1, 3727360, 53248, 1024}, packed, 
MIOpen(HIP): }
MIOpen(HIP): Info [get_device_name] Raw device name: gfx1100
MIOpen(HIP): Info [SetStream] stream: 0, device_id: 0
MIOpen(HIP): miopenStatus_t miopenCreateTensorDescriptor(miopenTensorDescriptor_t *){
MIOpen(HIP): 	tensorDesc = 0x5
MIOpen(HIP): }
MIOpen(HIP): miopenStatus_t miopenSetTensorDescriptor(miopenTensorDescriptor_t, miopenDataType_t, int, const int *, const int *){
MIOpen(HIP): 	tensorDesc = {}, {}, packed, 
MIOpen(HIP): 	dataType = 5
MIOpen(HIP): 	nbDims = 5
MIOpen(HIP): 	dim.values = { 1 1024 3 70 52 }
MIOpen(HIP): 	stride.values = { 11182080 1 3727360 53248 1024 }
MIOpen(HIP): }
MIOpen(HIP): miopenStatus_t miopenCreateTensorDescriptor(miopenTensorDescriptor_t *){
MIOpen(HIP): 	tensorDesc = 0xd0000038e000
MIOpen(HIP): }
MIOpen(HIP): miopenStatus_t miopenSetTensorDescriptor(miopenTensorDescriptor_t, miopenDataType_t, int, const int *, const int *){
MIOpen(HIP): 	tensorDesc = {}, {}, packed, 
MIOpen(HIP): 	dataType = 5
MIOpen(HIP): 	nbDims = 5
MIOpen(HIP): 	dim.values = { 1024 1024 3 3 3 }
MIOpen(HIP): 	stride.values = { 27648 1 9216 3072 1024 }
MIOpen(HIP): }
MIOpen(HIP): miopenStatus_t miopenCreateTensorDescriptor(miopenTensorDescriptor_t *){
MIOpen(HIP): 	tensorDesc = 0x7d7626d37df6
MIOpen(HIP): }
MIOpen(HIP): miopenStatus_t miopenSetTensorDescriptor(miopenTensorDescriptor_t, miopenDataType_t, int, const int *, const int *){
MIOpen(HIP): 	tensorDesc = {}, {}, packed, 
MIOpen(HIP): 	dataType = 5
MIOpen(HIP): 	nbDims = 5
MIOpen(HIP): 	dim.values = { 1 1024 1 68 50 }
MIOpen(HIP): 	stride.values = { 3481600 1 3481600 51200 1024 }
MIOpen(HIP): }
MIOpen(HIP): miopenStatus_t miopenCreateConvolutionDescriptor(miopenConvolutionDescriptor_t *){
MIOpen(HIP): 	convDesc = 0x7ffd68b9e790
MIOpen(HIP): }
MIOpen(HIP): miopenStatus_t miopenInitConvolutionNdDescriptor(miopenConvolutionDescriptor_t, int, const int *, const int *, const int *, miopenConvolutionMode_t){
MIOpen(HIP): 	convDesc = conv2d, miopenConvolution, miopenPaddingDefault, {0, 0}, {1, 1}, {1, 1}, 
MIOpen(HIP): 	spatialDim = 3
MIOpen(HIP): 	pads = { 0 0 0 }
MIOpen(HIP): 	strides = { 1 1 1 }
MIOpen(HIP): 	dilations = { 1 1 1 }
MIOpen(HIP): 	c_mode = 0
MIOpen(HIP): }
MIOpen(HIP): miopenStatus_t miopenSetConvolutionGroupCount(miopenConvolutionDescriptor_t, int){
MIOpen(HIP): 	convDesc = conv3d, miopenConvolution, miopenPaddingDefault, {0, 0, 0}, {1, 1, 1}, {1, 1, 1}, 
MIOpen(HIP): 	groupCount = 1
MIOpen(HIP): }
MIOpen(HIP): miopenStatus_t miopenSetConvolutionAttribute(miopenConvolutionDescriptor_t, const miopenConvolutionAttrib_t, const int){
MIOpen(HIP): 	convDesc = conv3d, miopenConvolution, miopenPaddingDefault, {0, 0, 0}, {1, 1, 1}, {1, 1, 1}, 
MIOpen(HIP): 	attr = 1
MIOpen(HIP): 	value = 0
MIOpen(HIP): }
MIOpen(HIP): miopenStatus_t miopenConvolutionForward(miopenHandle_t, const void *, const miopenTensorDescriptor_t, const void *, const miopenTensorDescriptor_t, const void *, const miopenConvolutionDescriptor_t, miopenConvFwdAlgorithm_t, const void *, const miopenTensorDescriptor_t, void *, void *, size_t){
MIOpen(HIP): 	handle = stream: 0, device_id: 0
MIOpen(HIP): 	alpha = 0x7ffd68b9e4d8
MIOpen(HIP): 	xDesc = {1, 1024, 3, 70, 52}, {11182080, 1, 3727360, 53248, 1024}, packed, 
MIOpen(HIP): 	x = 0x7d7044a00000
MIOpen(HIP): 	wDesc = {1024, 1024, 3, 3, 3}, {27648, 1, 9216, 3072, 1024}, packed, 
MIOpen(HIP): 	w = 0x7d704c200000
MIOpen(HIP): 	convDesc = conv3d, miopenConvolution, miopenPaddingDefault, {0, 0, 0}, {1, 1, 1}, {1, 1, 1}, 
MIOpen(HIP): 	algo = 5
MIOpen(HIP): 	beta = 0x7ffd68b9e4e0
MIOpen(HIP): 	yDesc = {1, 1024, 1, 68, 50}, {3481600, 1, 3481600, 51200, 1024}, packed, 
MIOpen(HIP): 	y = 0x7d704fa00000
MIOpen(HIP): 	workSpace = nullptr
MIOpen(HIP): 	workSpaceSize = 0
MIOpen(HIP): }
MIOpen(HIP): Command [LogCmdConvolution] ./bin/MIOpenDriver convbfp16 -n 1 -c 1024 --in_d 3 -H 70 -W 52 -k 1024 --fil_d 3 -y 3 -x 3 --pad_d 0 -p 0 -q 0 --conv_stride_d 1 -u 1 -v 1 --dilation_d 1 -l 1 -j 1 --spatial_dim 3 --in_layout NDHWC --fil_layout NDHWC --out_layout NDHWC -m conv -g 1 -F 1 -t 1
MIOpen(HIP): Info [ConvolutionForward] algo = 5, workspace = 0
MIOpen(HIP): Info2 [GetInvoker] Returning an invoker for problem 1024x3x70x52x3x3x3x1024x1x68x50x1xNDHWCxNDHWCxNDHWCxBF16x0x0x0x1x1x1x1x1x1x1xFxDefault and algorithm miopenConvolutionFwdAlgoImplicitGEMM
MIOpen(HIP): miopenStatus_t miopenDestroyConvolutionDescriptor(miopenConvolutionDescriptor_t){
MIOpen(HIP): 	convDesc = conv3d, miopenConvolution, miopenPaddingDefault, {0, 0, 0}, {1, 1, 1}, {1, 1, 1}, 
MIOpen(HIP): }
MIOpen(HIP): miopenStatus_t miopenDestroyTensorDescriptor(miopenTensorDescriptor_t){
MIOpen(HIP): 	tensorDesc = {1024, 1024, 3, 3, 3}, {27648, 1, 9216, 3072, 1024}, packed, 
MIOpen(HIP): }
MIOpen(HIP): miopenStatus_t miopenDestroyTensorDescriptor(miopenTensorDescriptor_t){
MIOpen(HIP): 	tensorDesc = {1, 1024, 1, 68, 50}, {3481600, 1, 3481600, 51200, 1024}, packed, 
MIOpen(HIP): }
MIOpen(HIP): miopenStatus_t miopenDestroyTensorDescriptor(miopenTensorDescriptor_t){
MIOpen(HIP): 	tensorDesc = {1, 1024, 3, 70, 52}, {11182080, 1, 3727360, 53248, 1024}, packed, 
MIOpen(HIP): }
MIOpen(HIP): Info [get_device_name] Raw device name: gfx1100
MIOpen(HIP): Info [SetStream] stream: 0, device_id: 0
MIOpen(HIP): miopenStatus_t miopenCreateTensorDescriptor(miopenTensorDescriptor_t *){
MIOpen(HIP): 	tensorDesc = 0x5
MIOpen(HIP): }
MIOpen(HIP): miopenStatus_t miopenSetTensorDescriptor(miopenTensorDescriptor_t, miopenDataType_t, int, const int *, const int *){
MIOpen(HIP): 	tensorDesc = {}, {}, packed, 
MIOpen(HIP): 	dataType = 5
MIOpen(HIP): 	nbDims = 5
MIOpen(HIP): 	dim.values = { 1 1024 3 70 52 }
MIOpen(HIP): 	stride.values = { 11182080 1 3727360 53248 1024 }
MIOpen(HIP): }
MIOpen(HIP): miopenStatus_t miopenCreateTensorDescriptor(miopenTensorDescriptor_t *){
MIOpen(HIP): 	tensorDesc = 0xd0000038e000
MIOpen(HIP): }
MIOpen(HIP): miopenStatus_t miopenSetTensorDescriptor(miopenTensorDescriptor_t, miopenDataType_t, int, const int *, const int *){
MIOpen(HIP): 	tensorDesc = {}, {}, packed, 
MIOpen(HIP): 	dataType = 5
MIOpen(HIP): 	nbDims = 5
MIOpen(HIP): 	dim.values = { 1024 1024 3 3 3 }
MIOpen(HIP): 	stride.values = { 27648 1 9216 3072 1024 }
MIOpen(HIP): }
MIOpen(HIP): miopenStatus_t miopenCreateTensorDescriptor(miopenTensorDescriptor_t *){
MIOpen(HIP): 	tensorDesc = 0x7d7626d37df6
MIOpen(HIP): }
MIOpen(HIP): miopenStatus_t miopenSetTensorDescriptor(miopenTensorDescriptor_t, miopenDataType_t, int, const int *, const int *){
MIOpen(HIP): 	tensorDesc = {}, {}, packed, 
MIOpen(HIP): 	dataType = 5
MIOpen(HIP): 	nbDims = 5
MIOpen(HIP): 	dim.values = { 1 1024 1 68 50 }
MIOpen(HIP): 	stride.values = { 3481600 1 3481600 51200 1024 }
MIOpen(HIP): }
MIOpen(HIP): miopenStatus_t miopenCreateConvolutionDescriptor(miopenConvolutionDescriptor_t *){
MIOpen(HIP): 	convDesc = 0x7ffd68b9e790
MIOpen(HIP): }
MIOpen(HIP): miopenStatus_t miopenInitConvolutionNdDescriptor(miopenConvolutionDescriptor_t, int, const int *, const int *, const int *, miopenConvolutionMode_t){
MIOpen(HIP): 	convDesc = conv2d, miopenConvolution, miopenPaddingDefault, {0, 0}, {1, 1}, {1, 1}, 
MIOpen(HIP): 	spatialDim = 3
MIOpen(HIP): 	pads = { 0 0 0 }
MIOpen(HIP): 	strides = { 1 1 1 }
MIOpen(HIP): 	dilations = { 1 1 1 }
MIOpen(HIP): 	c_mode = 0
MIOpen(HIP): }
MIOpen(HIP): miopenStatus_t miopenSetConvolutionGroupCount(miopenConvolutionDescriptor_t, int){
MIOpen(HIP): 	convDesc = conv3d, miopenConvolution, miopenPaddingDefault, {0, 0, 0}, {1, 1, 1}, {1, 1, 1}, 
MIOpen(HIP): 	groupCount = 1
MIOpen(HIP): }
MIOpen(HIP): miopenStatus_t miopenSetConvolutionAttribute(miopenConvolutionDescriptor_t, const miopenConvolutionAttrib_t, const int){
MIOpen(HIP): 	convDesc = conv3d, miopenConvolution, miopenPaddingDefault, {0, 0, 0}, {1, 1, 1}, {1, 1, 1}, 
MIOpen(HIP): 	attr = 1
MIOpen(HIP): 	value = 0
MIOpen(HIP): }
MIOpen(HIP): miopenStatus_t miopenConvolutionForward(miopenHandle_t, const void *, const miopenTensorDescriptor_t, const void *, const miopenTensorDescriptor_t, const void *, const miopenConvolutionDescriptor_t, miopenConvFwdAlgorithm_t, const void *, const miopenTensorDescriptor_t, void *, void *, size_t){
MIOpen(HIP): 	handle = stream: 0, device_id: 0
MIOpen(HIP): 	alpha = 0x7ffd68b9e4d8
MIOpen(HIP): 	xDesc = {1, 1024, 3, 70, 52}, {11182080, 1, 3727360, 53248, 1024}, packed, 
MIOpen(HIP): 	x = 0x7d7043200000
MIOpen(HIP): 	wDesc = {1024, 1024, 3, 3, 3}, {27648, 1, 9216, 3072, 1024}, packed, 
MIOpen(HIP): 	w = 0x7d704c200000
MIOpen(HIP): 	convDesc = conv3d, miopenConvolution, miopenPaddingDefault, {0, 0, 0}, {1, 1, 1}, {1, 1, 1}, 
MIOpen(HIP): 	algo = 5
MIOpen(HIP): 	beta = 0x7ffd68b9e4e0
MIOpen(HIP): 	yDesc = {1, 1024, 1, 68, 50}, {3481600, 1, 3481600, 51200, 1024}, packed, 
MIOpen(HIP): 	y = 0x7d704fa00000
MIOpen(HIP): 	workSpace = nullptr
MIOpen(HIP): 	workSpaceSize = 0
MIOpen(HIP): }
MIOpen(HIP): Command [LogCmdConvolution] ./bin/MIOpenDriver convbfp16 -n 1 -c 1024 --in_d 3 -H 70 -W 52 -k 1024 --fil_d 3 -y 3 -x 3 --pad_d 0 -p 0 -q 0 --conv_stride_d 1 -u 1 -v 1 --dilation_d 1 -l 1 -j 1 --spatial_dim 3 --in_layout NDHWC --fil_layout NDHWC --out_layout NDHWC -m conv -g 1 -F 1 -t 1
MIOpen(HIP): Info [ConvolutionForward] algo = 5, workspace = 0
MIOpen(HIP): Info2 [GetInvoker] Returning an invoker for problem 1024x3x70x52x3x3x3x1024x1x68x50x1xNDHWCxNDHWCxNDHWCxBF16x0x0x0x1x1x1x1x1x1x1xFxDefault and algorithm miopenConvolutionFwdAlgoImplicitGEMM
MIOpen(HIP): miopenStatus_t miopenDestroyConvolutionDescriptor(miopenConvolutionDescriptor_t){
MIOpen(HIP): 	convDesc = conv3d, miopenConvolution, miopenPaddingDefault, {0, 0, 0}, {1, 1, 1}, {1, 1, 1}, 
MIOpen(HIP): }
MIOpen(HIP): miopenStatus_t miopenDestroyTensorDescriptor(miopenTensorDescriptor_t){
MIOpen(HIP): 	tensorDesc = {1024, 1024, 3, 3, 3}, {27648, 1, 9216, 3072, 1024}, packed, 
MIOpen(HIP): }
MIOpen(HIP): miopenStatus_t miopenDestroyTensorDescriptor(miopenTensorDescriptor_t){
MIOpen(HIP): 	tensorDesc = {1, 1024, 1, 68, 50}, {3481600, 1, 3481600, 51200, 1024}, packed, 
MIOpen(HIP): }
MIOpen(HIP): miopenStatus_t miopenDestroyTensorDescriptor(miopenTensorDescriptor_t){
MIOpen(HIP): 	tensorDesc = {1, 1024, 3, 70, 52}, {11182080, 1, 3727360, 53248, 1024}, packed, 
MIOpen(HIP): }
MIOpen(HIP): Info [get_device_name] Raw device name: gfx1100
MIOpen(HIP): Info [SetStream] stream: 0, device_id: 0
MIOpen(HIP): miopenStatus_t miopenCreateTensorDescriptor(miopenTensorDescriptor_t *){
MIOpen(HIP): 	tensorDesc = 0x4
MIOpen(HIP): }
MIOpen(HIP): miopenStatus_t miopenSetTensorDescriptor(miopenTensorDescriptor_t, miopenDataType_t, int, const int *, const int *){
MIOpen(HIP): 	tensorDesc = {}, {}, packed, 
MIOpen(HIP): 	dataType = 5
MIOpen(HIP): 	nbDims = 4
MIOpen(HIP): 	dim.values = { 1 1024 136 100 }
MIOpen(HIP): 	stride.values = { 13926400 13600 100 1 }
MIOpen(HIP): }
MIOpen(HIP): miopenStatus_t miopenCreateTensorDescriptor(miopenTensorDescriptor_t *){
MIOpen(HIP): 	tensorDesc = 0x100000064
MIOpen(HIP): }
MIOpen(HIP): miopenStatus_t miopenSetTensorDescriptor(miopenTensorDescriptor_t, miopenDataType_t, int, const int *, const int *){
MIOpen(HIP): 	tensorDesc = {}, {}, packed, 
MIOpen(HIP): 	dataType = 5
MIOpen(HIP): 	nbDims = 4
MIOpen(HIP): 	dim.values = { 1024 1024 3 3 }
MIOpen(HIP): 	stride.values = { 9216 9 3 1 }
MIOpen(HIP): }
MIOpen(HIP): miopenStatus_t miopenCreateTensorDescriptor(miopenTensorDescriptor_t *){
MIOpen(HIP): 	tensorDesc = 0x7d7626d37df6
MIOpen(HIP): }
MIOpen(HIP): miopenStatus_t miopenSetTensorDescriptor(miopenTensorDescriptor_t, miopenDataType_t, int, const int *, const int *){
MIOpen(HIP): 	tensorDesc = {}, {}, packed, 
MIOpen(HIP): 	dataType = 5
MIOpen(HIP): 	nbDims = 4
MIOpen(HIP): 	dim.values = { 1 1024 136 100 }
MIOpen(HIP): 	stride.values = { 13926400 13600 100 1 }
MIOpen(HIP): }
MIOpen(HIP): miopenStatus_t miopenCreateConvolutionDescriptor(miopenConvolutionDescriptor_t *){
MIOpen(HIP): 	convDesc = 0x7ffd68b9df70
MIOpen(HIP): }
MIOpen(HIP): miopenStatus_t miopenInitConvolutionNdDescriptor(miopenConvolutionDescriptor_t, int, const int *, const int *, const int *, miopenConvolutionMode_t){
MIOpen(HIP): 	convDesc = conv2d, miopenConvolution, miopenPaddingDefault, {0, 0}, {1, 1}, {1, 1}, 
MIOpen(HIP): 	spatialDim = 2
MIOpen(HIP): 	pads = { 1 1 }
MIOpen(HIP): 	strides = { 1 1 }
MIOpen(HIP): 	dilations = { 1 1 }
MIOpen(HIP): 	c_mode = 0
MIOpen(HIP): }
MIOpen(HIP): miopenStatus_t miopenSetConvolutionGroupCount(miopenConvolutionDescriptor_t, int){
MIOpen(HIP): 	convDesc = conv2d, miopenConvolution, miopenPaddingDefault, {1, 1}, {1, 1}, {1, 1}, 
MIOpen(HIP): 	groupCount = 1
MIOpen(HIP): }
MIOpen(HIP): miopenStatus_t miopenSetConvolutionAttribute(miopenConvolutionDescriptor_t, const miopenConvolutionAttrib_t, const int){
MIOpen(HIP): 	convDesc = conv2d, miopenConvolution, miopenPaddingDefault, {1, 1}, {1, 1}, {1, 1}, 
MIOpen(HIP): 	attr = 1
MIOpen(HIP): 	value = 0
MIOpen(HIP): }
MIOpen(HIP): miopenStatus_t miopenConvolutionForwardGetWorkSpaceSize(miopenHandle_t, const miopenTensorDescriptor_t, const miopenTensorDescriptor_t, const miopenConvolutionDescriptor_t, const miopenTensorDescriptor_t, size_t *){
MIOpen(HIP): 	handle = stream: 0, device_id: 0
MIOpen(HIP): 	wDesc = {1024, 1024, 3, 3}, {9216, 9, 3, 1}, packed, 
MIOpen(HIP): 	xDesc = {1, 1024, 136, 100}, {13926400, 13600, 100, 1}, packed, 
MIOpen(HIP): 	convDesc = conv2d, miopenConvolution, miopenPaddingDefault, {1, 1}, {1, 1}, {1, 1}, 
MIOpen(HIP): 	yDesc = {1, 1024, 136, 100}, {13926400, 13600, 100, 1}, packed, 
MIOpen(HIP): }
MIOpen(HIP): Info2 [GetWorkSpaceSize] 
MIOpen(HIP): Info [GetSolutions] 
MIOpen(HIP): Info2 [ValidateUnsafe] DB file is older than cache: 534845152696299, 537696530279241
MIOpen(HIP): Info2 [FindRecordUnsafe] Looking for key 1024-136-100-3x3-1024-136-100-1-1x1-1x1-1x1-0-NCHW-BF16-F in cache for file "/root/.config/miopen/gfx1100_48.HIP.3_5_1_41dcdea279-dirty.ufdb.txt"
MIOpen(HIP): Info2 [Measure] Db::FindRecord time: 0.054583 ms
MIOpen(HIP): Info2 [GetSolutions] GemmFwdRest
MIOpen(HIP): Info [GetWorkSpaceSize] 250675200
MIOpen(HIP): miopenStatus_t miopenFindConvolutionForwardAlgorithm(miopenHandle_t, const miopenTensorDescriptor_t, const void *, const miopenTensorDescriptor_t, const void *, const miopenConvolutionDescriptor_t, const miopenTensorDescriptor_t, void *, const int, int *, miopenConvAlgoPerf_t *, void *, size_t, bool){
MIOpen(HIP): 	handle = stream: 0, device_id: 0
MIOpen(HIP): 	xDesc = {1, 1024, 136, 100}, {13926400, 13600, 100, 1}, packed, 
MIOpen(HIP): 	x = 0x7d7053200000
MIOpen(HIP): 	wDesc = {1024, 1024, 3, 3}, {9216, 9, 3, 1}, packed, 
MIOpen(HIP): 	w = 0x7d6e16800000
MIOpen(HIP): 	convDesc = conv2d, miopenConvolution, miopenPaddingDefault, {1, 1}, {1, 1}, {1, 1}, 
MIOpen(HIP): 	yDesc = {1, 1024, 136, 100}, {13926400, 13600, 100, 1}, packed, 
MIOpen(HIP): 	y = 0x7d704c200000
MIOpen(HIP): 	requestAlgoCount = 1
MIOpen(HIP): 	returnedAlgoCount = 32765
MIOpen(HIP): 	perfResults = 
MIOpen(HIP): 	workSpace = 0x7d7024e00000
MIOpen(HIP): 	workSpaceSize = 250675200
MIOpen(HIP): 	exhaustiveSearch = 0
MIOpen(HIP): }
MIOpen(HIP): Command [LogCmdFindConvolution] ./bin/MIOpenDriver convbfp16 -n 1 -c 1024 -H 136 -W 100 -k 1024 -y 3 -x 3 -p 1 -q 1 -u 1 -v 1 -l 1 -j 1 -m conv -g 1 -F 1 -t 1
MIOpen(HIP): Info [FindConvFwdAlgorithm] requestAlgoCount = 1, workspace = 250675200
MIOpen(HIP): Info [GetSolutions] 
MIOpen(HIP): Info2 [ValidateUnsafe] DB file is older than cache: 534845152696299, 537696530279241
MIOpen(HIP): Info2 [FindRecordUnsafe] Looking for key 1024-136-100-3x3-1024-136-100-1-1x1-1x1-1x1-0-NCHW-BF16-F in cache for file "/root/.config/miopen/gfx1100_48.HIP.3_5_1_41dcdea279-dirty.ufdb.txt"
MIOpen(HIP): Info2 [Measure] Db::FindRecord time: 0.045782 ms
MIOpen(HIP): Info2 [GetSolutions] GemmFwdRest
MIOpen(HIP): Info2 [GetInvoker] Returning an invoker for problem 1024x136x100x3x3x1024x136x100x1xNCHWxBF16x1x1x1x1x1x1x1xFxDefault and solver GemmFwdRest
MIOpen(HIP): Info [FindSolutionImpl] GemmFwdRest (not searchable)
MIOpen(HIP): Info2 [Register] Invoker registered for algorithm 1024x136x100x3x3x1024x136x100x1xNCHWxBF16x1x1x1x1x1x1x1xFxDefault and solver GemmFwdRest
MIOpen(HIP): Info2 [SetAsFound1_0] Solver GemmFwdRest registered as find 1.0 best for miopenConvolutionFwdAlgoGEMM in 1024x136x100x3x3x1024x136x100x1xNCHWxBF16x1x1x1x1x1x1x1xFxDefault
MIOpen(HIP): Info [FindConvolution] miopenConvolutionFwdAlgoGEMM	3.96925	250675200
MIOpen(HIP): Info [FillFindReturnParameters] FW Chosen Algorithm: GemmFwdRest , 250675200, 3.96925
MIOpen(HIP): miopenStatus_t miopenConvolutionForward(miopenHandle_t, const void *, const miopenTensorDescriptor_t, const void *, const miopenTensorDescriptor_t, const void *, const miopenConvolutionDescriptor_t, miopenConvFwdAlgorithm_t, const void *, const miopenTensorDescriptor_t, void *, void *, size_t){
MIOpen(HIP): 	handle = stream: 0, device_id: 0
MIOpen(HIP): 	alpha = 0x7ffd68b9dcb8
MIOpen(HIP): 	xDesc = {1, 1024, 136, 100}, {13926400, 13600, 100, 1}, packed, 
MIOpen(HIP): 	x = 0x7d7053200000
MIOpen(HIP): 	wDesc = {1024, 1024, 3, 3}, {9216, 9, 3, 1}, packed, 
MIOpen(HIP): 	w = 0x7d6e16800000
MIOpen(HIP): 	convDesc = conv2d, miopenConvolution, miopenPaddingDefault, {1, 1}, {1, 1}, {1, 1}, 
MIOpen(HIP): 	algo = 0
MIOpen(HIP): 	beta = 0x7ffd68b9dcc0
MIOpen(HIP): 	yDesc = {1, 1024, 136, 100}, {13926400, 13600, 100, 1}, packed, 
MIOpen(HIP): 	y = 0x7d704c200000
MIOpen(HIP): 	workSpace = 0x7d7035800000
MIOpen(HIP): 	workSpaceSize = 250675200
MIOpen(HIP): }
MIOpen(HIP): Command [LogCmdConvolution] ./bin/MIOpenDriver convbfp16 -n 1 -c 1024 -H 136 -W 100 -k 1024 -y 3 -x 3 -p 1 -q 1 -u 1 -v 1 -l 1 -j 1 -m conv -g 1 -F 1 -t 1
MIOpen(HIP): Info [ConvolutionForward] algo = 0, workspace = 250675200
MIOpen(HIP): Info2 [GetInvoker] Returning an invoker for problem 1024x136x100x3x3x1024x136x100x1xNCHWxBF16x1x1x1x1x1x1x1xFxDefault and algorithm miopenConvolutionFwdAlgoGEMM
MIOpen(HIP): auto miopen::solver::conv::GemmFwdRest::GetSolution(const ExecutionContext &, const ProblemDescription &)::(anonymous class)::operator()(const std::vector<Kernel> &)::(anonymous class)::operator()(const Handle &, const AnyInvokeParams &) const{
MIOpen(HIP): 	name + ", non 1x1" = convolution, non 1x1
MIOpen(HIP): }
MIOpen(HIP): Info2 [GetKernels] 0 kernels for key: miopenIm2d2Col "c1024i136_100w3_3p1_1s1_1d1_1t5"
MIOpen(HIP): Info2 [AddKernel] Key: miopenIm2d2Col "c1024i136_100w3_3p1_1s1_1d1_1t5 -DLOCAL_MEM_SIZE=340 -DSTRIDE_GT_1=0 -DNUM_IM_BLKS_EQ_1=0 -DUSE_IM_OFF_GUARD=1"
MIOpen(HIP): Info2 [SQLiteBase] Initializing system database file ""
MIOpen(HIP): Info [KernDb] database not present
MIOpen(HIP): Info2 [SQLiteBase] Initializing user database file "/root/.cache/miopen/3.5.1.0058ca1bec-dirty/gfx1100_48.ukdb"
MIOpen(HIP): Info2 [KernDb] Database created successfully
MIOpen(HIP): Info2 [LoadBinary] Loading binary for: "MIOpenIm2d2Col.cl.o"; args:  -DLOCAL_MEM_SIZE=340 -DSTRIDE_GT_1=0 -DNUM_IM_BLKS_EQ_1=0 -DUSE_IM_OFF_GUARD=1 -DMIOPEN_USE_FP16=0 -DMIOPEN_USE_FP16x4=0 -DMIOPEN_USE_FP16x8=0 -DMIOPEN_USE_FP32=0 -DMIOPEN_USE_INT8=0 -DMIOPEN_USE_BFP16=1 -DMIOPEN_USE_INT32=0 -DMIOPEN_USE_RNE_BFLOAT16=1 -DMIOPEN_FP8_IEEE_EXPONENT_BIAS=0 -DMIOPEN_FP8_CLIPPING=1 -mcpu=gfx1100
MIOpen(HIP): Info2 [Prepare] SELECT kernel_blob, kernel_hash, uncompressed_size FROM kern_db WHERE (kernel_name = 'MIOpenIm2d2Col.cl.o') AND (kernel_args = ' -DLOCAL_MEM_SIZE=340 -DSTRIDE_GT_1=0 -DNUM_IM_BLKS_EQ_1=0 -DUSE_IM_OFF_GUARD=1 -DMIOPEN_USE_FP16=0 -DMIOPEN_USE_FP16x4=0 -DMIOPEN_USE_FP16x8=0 -DMIOPEN_USE_FP32=0 -DMIOPEN_USE_INT8=0 -DMIOPEN_USE_BFP16=1 -DMIOPEN_USE_INT32=0 -DMIOPEN_USE_RNE_BFLOAT16=1 -DMIOPEN_FP8_IEEE_EXPONENT_BIAS=0 -DMIOPEN_FP8_CLIPPING=1 -mcpu=gfx1100');
MIOpen(HIP): Info2 [Measure] Db::FindRecord time: 0.278513 ms
MIOpen(HIP): Info2 [LoadBinary] Successfully loaded binary for: "MIOpenIm2d2Col.cl.o"; args:  -DLOCAL_MEM_SIZE=340 -DSTRIDE_GT_1=0 -DNUM_IM_BLKS_EQ_1=0 -DUSE_IM_OFF_GUARD=1 -DMIOPEN_USE_FP16=0 -DMIOPEN_USE_FP16x4=0 -DMIOPEN_USE_FP16x8=0 -DMIOPEN_USE_FP32=0 -DMIOPEN_USE_INT8=0 -DMIOPEN_USE_BFP16=1 -DMIOPEN_USE_INT32=0 -DMIOPEN_USE_RNE_BFLOAT16=1 -DMIOPEN_FP8_IEEE_EXPONENT_BIAS=0 -DMIOPEN_FP8_CLIPPING=1 -mcpu=gfx1100
MIOpen(HIP): Info2 [run] kernel_name = Im2d2Col_v2, global_work_dim = { 17825792, 1, 1 }, local_work_dim = { 256, 1, 1 }
MIOpen(HIP): Info2 [CallGemm] gemm_desc: {isColMajor 0, transA 0, transB 0, m 1024, n 13600, k 9216, lda 9216, ldb 13600, ldc 13600, batch_count 1, strideA 0, strideB 0, strideC 0, alpha 1, beta 0, dataType bfloat16, a_cast_type bfloat16, b_cast_type bfloat16} 
MIOpen(HIP): Info2 [CallGemm] rocBLAS
MIOpen(HIP): miopenStatus_t miopenDestroyConvolutionDescriptor(miopenConvolutionDescriptor_t){
MIOpen(HIP): 	convDesc = conv2d, miopenConvolution, miopenPaddingDefault, {1, 1}, {1, 1}, {1, 1}, 
MIOpen(HIP): }
MIOpen(HIP): miopenStatus_t miopenDestroyTensorDescriptor(miopenTensorDescriptor_t){
MIOpen(HIP): 	tensorDesc = {1024, 1024, 3, 3}, {9216, 9, 3, 1}, packed, 
MIOpen(HIP): }
MIOpen(HIP): miopenStatus_t miopenDestroyTensorDescriptor(miopenTensorDescriptor_t){
MIOpen(HIP): 	tensorDesc = {1, 1024, 136, 100}, {13926400, 13600, 100, 1}, packed, 
MIOpen(HIP): }
MIOpen(HIP): miopenStatus_t miopenDestroyTensorDescriptor(miopenTensorDescriptor_t){
MIOpen(HIP): 	tensorDesc = {1, 1024, 136, 100}, {13926400, 13600, 100, 1}, packed, 
MIOpen(HIP): }
MIOpen(HIP): Info [get_device_name] Raw device name: gfx1100
MIOpen(HIP): Info [SetStream] stream: 0, device_id: 0
MIOpen(HIP): miopenStatus_t miopenCreateTensorDescriptor(miopenTensorDescriptor_t *){
MIOpen(HIP): 	tensorDesc = 0x5
MIOpen(HIP): }
MIOpen(HIP): miopenStatus_t miopenSetTensorDescriptor(miopenTensorDescriptor_t, miopenDataType_t, int, const int *, const int *){
MIOpen(HIP): 	tensorDesc = {}, {}, packed, 
MIOpen(HIP): 	dataType = 5
MIOpen(HIP): 	nbDims = 5
MIOpen(HIP): 	dim.values = { 1 1024 3 138 102 }
MIOpen(HIP): 	stride.values = { 43241472 1 14413824 104448 1024 }
MIOpen(HIP): }
MIOpen(HIP): miopenStatus_t miopenCreateTensorDescriptor(miopenTensorDescriptor_t *){
MIOpen(HIP): 	tensorDesc = 0x1980000dbf000
MIOpen(HIP): }
MIOpen(HIP): miopenStatus_t miopenSetTensorDescriptor(miopenTensorDescriptor_t, miopenDataType_t, int, const int *, const int *){
MIOpen(HIP): 	tensorDesc = {}, {}, packed, 
MIOpen(HIP): 	dataType = 5
MIOpen(HIP): 	nbDims = 5
MIOpen(HIP): 	dim.values = { 1024 1024 3 3 3 }
MIOpen(HIP): 	stride.values = { 27648 1 9216 3072 1024 }
MIOpen(HIP): }
MIOpen(HIP): miopenStatus_t miopenCreateTensorDescriptor(miopenTensorDescriptor_t *){
MIOpen(HIP): 	tensorDesc = 0x7d7626d37df6
MIOpen(HIP): }
MIOpen(HIP): miopenStatus_t miopenSetTensorDescriptor(miopenTensorDescriptor_t, miopenDataType_t, int, const int *, const int *){
MIOpen(HIP): 	tensorDesc = {}, {}, packed, 
MIOpen(HIP): 	dataType = 5
MIOpen(HIP): 	nbDims = 5
MIOpen(HIP): 	dim.values = { 1 1024 1 136 100 }
MIOpen(HIP): 	stride.values = { 13926400 1 13926400 102400 1024 }
MIOpen(HIP): }
MIOpen(HIP): miopenStatus_t miopenCreateConvolutionDescriptor(miopenConvolutionDescriptor_t *){
MIOpen(HIP): 	convDesc = 0x7ffd68b9e790
MIOpen(HIP): }
MIOpen(HIP): miopenStatus_t miopenInitConvolutionNdDescriptor(miopenConvolutionDescriptor_t, int, const int *, const int *, const int *, miopenConvolutionMode_t){
MIOpen(HIP): 	convDesc = conv2d, miopenConvolution, miopenPaddingDefault, {0, 0}, {1, 1}, {1, 1}, 
MIOpen(HIP): 	spatialDim = 3
MIOpen(HIP): 	pads = { 0 0 0 }
MIOpen(HIP): 	strides = { 1 1 1 }
MIOpen(HIP): 	dilations = { 1 1 1 }
MIOpen(HIP): 	c_mode = 0
MIOpen(HIP): }
MIOpen(HIP): miopenStatus_t miopenSetConvolutionGroupCount(miopenConvolutionDescriptor_t, int){
MIOpen(HIP): 	convDesc = conv3d, miopenConvolution, miopenPaddingDefault, {0, 0, 0}, {1, 1, 1}, {1, 1, 1}, 
MIOpen(HIP): 	groupCount = 1
MIOpen(HIP): }
MIOpen(HIP): miopenStatus_t miopenSetConvolutionAttribute(miopenConvolutionDescriptor_t, const miopenConvolutionAttrib_t, const int){
MIOpen(HIP): 	convDesc = conv3d, miopenConvolution, miopenPaddingDefault, {0, 0, 0}, {1, 1, 1}, {1, 1, 1}, 
MIOpen(HIP): 	attr = 1
MIOpen(HIP): 	value = 0
MIOpen(HIP): }
MIOpen(HIP): miopenStatus_t miopenConvolutionForwardGetWorkSpaceSize(miopenHandle_t, const miopenTensorDescriptor_t, const miopenTensorDescriptor_t, const miopenConvolutionDescriptor_t, const miopenTensorDescriptor_t, size_t *){
MIOpen(HIP): 	handle = stream: 0, device_id: 0
MIOpen(HIP): 	wDesc = {1024, 1024, 3, 3, 3}, {27648, 1, 9216, 3072, 1024}, packed, 
MIOpen(HIP): 	xDesc = {1, 1024, 3, 138, 102}, {43241472, 1, 14413824, 104448, 1024}, packed, 
MIOpen(HIP): 	convDesc = conv3d, miopenConvolution, miopenPaddingDefault, {0, 0, 0}, {1, 1, 1}, {1, 1, 1}, 
MIOpen(HIP): 	yDesc = {1, 1024, 1, 136, 100}, {13926400, 1, 13926400, 102400, 1024}, packed, 
MIOpen(HIP): }
MIOpen(HIP): Info2 [GetWorkSpaceSize] 
MIOpen(HIP): Info [GetSolutions] 
MIOpen(HIP): Info2 [ValidateUnsafe] DB file is older than cache: 534845152696299, 537696530279241
MIOpen(HIP): Info2 [FindRecordUnsafe] Looking for key 1024-3-138-102-3x3x3-1024-1-136-100-1-0x0x0-1x1x1-1x1x1-0-NDHWC-NDHWC-NDHWC-BF16-F in cache for file "/root/.config/miopen/gfx1100_48.HIP.3_5_1_41dcdea279-dirty.ufdb.txt"
MIOpen(HIP): Info2 [FindRecord] Looking for key 1024-3-138-102-3x3x3-1024-1-136-100-1-0x0x0-1x1x1-1x1x1-0-NDHWC-NDHWC-NDHWC-BF16-F in file ""
MIOpen(HIP): Info2 [Measure] Db::FindRecord time: 0.053662 ms
MIOpen(HIP): Info2 [IsProblemSupported] TunaNet Inapplicable: Problem not 2D
MIOpen(HIP): Info2 [GetSolutionsFallback] Using WTI Fallback
MIOpen(HIP): Info2 [GetSolutionsFallback] ConvDirectNaiveConvFwd Estimated WTI = 0.01
MIOpen(HIP): Info2 [GetSolutionsFallback] ConvHipImplicitGemm3DChannelLastFwdWmmaops Estimated WTI = 1
MIOpen(HIP): Info2 [GetSolutionsFallback] maxSolutionCount = 1, available = 2
MIOpen(HIP): Info2 [GetSolutionsFallback] id: 85, algo: 1, time: 1000, ws: 0, name: ConvDirectNaiveConvFwd
MIOpen(HIP): Info2 [GetSolutionsFallback] id: 185, algo: 5, time: 10, ws: 0, name: ConvHipImplicitGemm3DChannelLastFwdWmmaops
MIOpen(HIP): Info2 [GetWorkspaceSizes] fft: Skipped (non-dynamic)
MIOpen(HIP): Info2 [GetWorkspaceSizes] GemmFwd1x1_0_1: Not applicable
MIOpen(HIP): Info2 [GetWorkspaceSizes] GemmFwd1x1_0_1_int8: Not applicable
MIOpen(HIP): Info2 [GetWorkspaceSizes] GemmFwd1x1_0_2: Not applicable
MIOpen(HIP): Info2 [GetWorkspaceSizes] GemmFwdRest: Not applicable
MIOpen(HIP): Info2 [GetWorkspaceSizes] GemmBwd1x1_stride1: Not applicable
MIOpen(HIP): Info2 [GetWorkspaceSizes] GemmBwd1x1_stride2: Not applicable
MIOpen(HIP): Info2 [GetWorkspaceSizes] GemmBwdRest: Not applicable
MIOpen(HIP): Info2 [GetWorkspaceSizes] GemmWrw1x1_stride1: Skipped (no workspace required)
MIOpen(HIP): Info2 [GetWorkspaceSizes] GemmWrwUniversal: Not applicable
MIOpen(HIP): Info2 [GetWorkspaceSizes] ConvAsm3x3U: Skipped (no workspace required)
MIOpen(HIP): Info2 [GetWorkspaceSizes] ConvAsm1x1U: Skipped (non-dynamic)
MIOpen(HIP): Info2 [GetWorkspaceSizes] ConvAsm1x1UV2: Skipped (no workspace required)
MIOpen(HIP): Info2 [GetWorkspaceSizes] ConvAsm5x10u2v2f1: Skipped (no workspace required)
MIOpen(HIP): Info2 [GetWorkspaceSizes] ConvAsm7x7c3h224w224k64u2v2p3q3f1: Skipped (no workspace required)
MIOpen(HIP): Info2 [GetWorkspaceSizes] ConvAsm5x10u2v2b1: Skipped (no workspace required)
MIOpen(HIP): Info2 [GetWorkspaceSizes] ConvOclDirectFwd11x11: Skipped (no workspace required)
MIOpen(HIP): Info2 [GetWorkspaceSizes] ConvOclDirectFwdGen: Skipped (no workspace required)
MIOpen(HIP): Info2 [GetWorkspaceSizes] ConvOclDirectFwd1x1: Skipped (no workspace required)
MIOpen(HIP): Info2 [GetWorkspaceSizes] ConvOclDirectFwd: Skipped (no workspace required)
MIOpen(HIP): Info2 [GetWorkspaceSizes] ConvDirectNaiveConvFwd: Skipped (no workspace required)
MIOpen(HIP): Info2 [GetWorkspaceSizes] ConvDirectNaiveConvBwd: Skipped (no workspace required)
MIOpen(HIP): Info2 [GetWorkspaceSizes] ConvDirectNaiveConvWrw: Skipped (no workspace required)
MIOpen(HIP): Info2 [GetWorkspaceSizes] ConvHipImplicitGemmForwardV4R5Xdlops: Skipped (no workspace required)
MIOpen(HIP): Info2 [GetWorkspaceSizes] ConvHipImplicitGemmForwardV4R4Xdlops: Skipped (no workspace required)
MIOpen(HIP): Info2 [GetWorkspaceSizes] ConvHipImplicitGemmForwardV4R4Xdlops_Padded_Gemm: Skipped (no workspace required)
MIOpen(HIP): Info2 [GetWorkspaceSizes] ConvHipImplicitGemmBwdDataV4R1Xdlops: Skipped (no workspace required)
MIOpen(HIP): Info2 [GetWorkspaceSizes] ConvHipImplicitGemmBwdDataV1R1Xdlops: Skipped (non-dynamic)
MIOpen(HIP): Info2 [GetWorkspaceSizes] ConvHipImplicitGemmV4R1Fwd: Skipped (no workspace required)
MIOpen(HIP): Info2 [GetWorkspaceSizes] ConvHipImplicitGemmV4R4Fwd: Skipped (no workspace required)
MIOpen(HIP): Info2 [GetWorkspaceSizes] ConvMlirIgemmFwdXdlops: Skipped (no workspace required)
MIOpen(HIP): Info2 [GetWorkspaceSizes] ConvMlirIgemmFwd: Skipped (no workspace required)
MIOpen(HIP): Info2 [GetWorkspaceSizes] ConvMlirIgemmBwdXdlops: Skipped (no workspace required)
MIOpen(HIP): Info2 [GetWorkspaceSizes] ConvMlirIgemmBwd: Skipped (no workspace required)
MIOpen(HIP): Info2 [GetWorkspaceSizes] ConvHipImplicitGemmBwdDataV1R1: Skipped (non-dynamic)
MIOpen(HIP): Info2 [GetWorkspaceSizes] ConvHipImplicitGemmBwdDataV4R1: Skipped (no workspace required)
MIOpen(HIP): Info2 [GetWorkspaceSizes] ConvAsmImplicitGemmV4R1DynamicFwd_1x1: Skipped (no workspace required)
MIOpen(HIP): Info2 [GetWorkspaceSizes] ConvAsmImplicitGemmV4R1DynamicFwd: Skipped (no workspace required)
MIOpen(HIP): Info2 [GetWorkspaceSizes] ConvAsmImplicitGemmV4R1DynamicBwd: Skipped (no workspace required)
MIOpen(HIP): Info2 [GetWorkspaceSizes] ConvAsmImplicitGemmGTCDynamicFwdXdlops: Skipped (no workspace required)
MIOpen(HIP): Info2 [GetWorkspaceSizes] ConvAsmImplicitGemmGTCDynamicBwdXdlops: Skipped (no workspace required)
MIOpen(HIP): Info2 [GetWorkspaceSizes] ConvAsmImplicitGemmGTCDynamicFwdXdlopsNHWC: Not applicable
MIOpen(HIP): Info2 [GetWorkspaceSizes] ConvAsmImplicitGemmGTCDynamicBwdXdlopsNHWC: Not applicable
MIOpen(HIP): Info2 [GetWorkspaceSizes] ConvCkIgemmFwdV6r1DlopsNchw: Skipped (non-dynamic)
MIOpen(HIP): Info2 [GetWorkspaceSizes] ConvHipImplicitGemmFwdXdlops: Skipped (no workspace required)
MIOpen(HIP): Info2 [GetWorkspaceSizes] ConvHipImplicitGemmBwdXdlops: Skipped (no workspace required)
MIOpen(HIP): Info2 [GetWorkspaceSizes] ConvHipImplicitGemmGroupFwdXdlops: Not applicable
MIOpen(HIP): Info2 [GetWorkspaceSizes] ConvHipImplicitGemmGroupBwdXdlops: Not applicable
MIOpen(HIP): Info2 [GetWorkspaceSizes] ConvHipImplicitGemm3DGroupFwdXdlops: Not applicable
MIOpen(HIP): Info2 [GetWorkspaceSizes] ConvHipImplicitGemm3DGroupBwdXdlops: Not applicable
MIOpen(HIP): Info2 [GetWorkspaceSizes] ConvHipImplicitGemm3DChannelLastFwdWmmaops: 0
MIOpen(HIP): Info2 [GetWorkspaceSizes] ConvAsmImplicitGemmGTCDynamicFwdDlopsNCHWC: Skipped (no workspace required)
MIOpen(HIP): Info2 [GetWorkspaceSizes] ConvBinWinograd3x3U: Skipped (no workspace required)
MIOpen(HIP): Info2 [GetWorkspaceSizes] ConvBinWinogradRxSf3x2: Skipped (no workspace required)
MIOpen(HIP): Info2 [GetWorkspaceSizes] ConvBinWinogradRxSf2x3: Skipped (no workspace required)
MIOpen(HIP): Info2 [GetWorkspaceSizes] ConvBinWinogradRxSf2x3g1: Skipped (no workspace required)
MIOpen(HIP): Info2 [GetWorkspaceSizes] ConvBinWinogradRxS: Skipped (no workspace required)
MIOpen(HIP): Info2 [GetWorkspaceSizes] ConvMPBidirectWinograd<2-3>: Not applicable
MIOpen(HIP): Info2 [GetWorkspaceSizes] ConvMPBidirectWinograd<3-3>: Not applicable
MIOpen(HIP): Info2 [GetWorkspaceSizes] ConvMPBidirectWinograd<4-3>: Not applicable
MIOpen(HIP): Info2 [GetWorkspaceSizes] ConvMPBidirectWinograd<5-3>: Not applicable
MIOpen(HIP): Info2 [GetWorkspaceSizes] ConvMPBidirectWinograd<6-3>: Not applicable
MIOpen(HIP): Info2 [GetWorkspaceSizes] ConvMPBidirectWinograd_xdlops<2-3>: Skipped (non-dynamic)
MIOpen(HIP): Info2 [GetWorkspaceSizes] ConvMPBidirectWinograd_xdlops<3-3>: Skipped (non-dynamic)
MIOpen(HIP): Info2 [GetWorkspaceSizes] ConvMPBidirectWinograd_xdlops<4-3>: Skipped (non-dynamic)
MIOpen(HIP): Info2 [GetWorkspaceSizes] ConvMPBidirectWinograd_xdlops<5-3>: Skipped (non-dynamic)
MIOpen(HIP): Info2 [GetWorkspaceSizes] ConvMPBidirectWinograd_xdlops<6-3>: Skipped (non-dynamic)
MIOpen(HIP): Info2 [GetWorkspaceSizes] ConvWinoFuryRxS<2-3>: Not applicable
MIOpen(HIP): Info2 [GetWorkspaceSizes] ConvWinoRageRxS<2-3>: Skipped (no workspace required)
MIOpen(HIP): Info [GetWorkSpaceSize] 0
MIOpen(HIP): miopenStatus_t miopenFindConvolutionForwardAlgorithm(miopenHandle_t, const miopenTensorDescriptor_t, const void *, const miopenTensorDescriptor_t, const void *, const miopenConvolutionDescriptor_t, const miopenTensorDescriptor_t, void *, const int, int *, miopenConvAlgoPerf_t *, void *, size_t, bool){
MIOpen(HIP): 	handle = stream: 0, device_id: 0
MIOpen(HIP): 	xDesc = {1, 1024, 3, 138, 102}, {43241472, 1, 14413824, 104448, 1024}, packed, 
MIOpen(HIP): 	x = 0x7d7024200000
MIOpen(HIP): 	wDesc = {1024, 1024, 3, 3, 3}, {27648, 1, 9216, 3072, 1024}, packed, 
MIOpen(HIP): 	w = 0x7d703c240000
MIOpen(HIP): 	convDesc = conv3d, miopenConvolution, miopenPaddingDefault, {0, 0, 0}, {1, 1, 1}, {1, 1, 1}, 
MIOpen(HIP): 	yDesc = {1, 1024, 1, 136, 100}, {13926400, 1, 13926400, 102400, 1024}, packed, 
MIOpen(HIP): 	y = 0x7d7053200000
MIOpen(HIP): 	requestAlgoCount = 1
MIOpen(HIP): 	returnedAlgoCount = 32765
MIOpen(HIP): 	perfResults = 
MIOpen(HIP): 	workSpace = nullptr
MIOpen(HIP): 	workSpaceSize = 0
MIOpen(HIP): 	exhaustiveSearch = 0
MIOpen(HIP): }
MIOpen(HIP): Command [LogCmdFindConvolution] ./bin/MIOpenDriver convbfp16 -n 1 -c 1024 --in_d 3 -H 138 -W 102 -k 1024 --fil_d 3 -y 3 -x 3 --pad_d 0 -p 0 -q 0 --conv_stride_d 1 -u 1 -v 1 --dilation_d 1 -l 1 -j 1 --spatial_dim 3 --in_layout NDHWC --fil_layout NDHWC --out_layout NDHWC -m conv -g 1 -F 1 -t 1
MIOpen(HIP): Info [FindConvFwdAlgorithm] requestAlgoCount = 1, workspace = 0
MIOpen(HIP): Info [GetSolutions] 
MIOpen(HIP): Info2 [ValidateUnsafe] DB file is older than cache: 534845152696299, 537696530279241
MIOpen(HIP): Info2 [FindRecordUnsafe] Looking for key 1024-3-138-102-3x3x3-1024-1-136-100-1-0x0x0-1x1x1-1x1x1-0-NDHWC-NDHWC-NDHWC-BF16-F in cache for file "/root/.config/miopen/gfx1100_48.HIP.3_5_1_41dcdea279-dirty.ufdb.txt"
MIOpen(HIP): Info2 [FindRecord] Looking for key 1024-3-138-102-3x3x3-1024-1-136-100-1-0x0x0-1x1x1-1x1x1-0-NDHWC-NDHWC-NDHWC-BF16-F in file ""
MIOpen(HIP): Info2 [Measure] Db::FindRecord time: 0.068263 ms
MIOpen(HIP): Info2 [IsProblemSupported] TunaNet Inapplicable: Problem not 2D
MIOpen(HIP): Info2 [GetSolutionsFallback] Using WTI Fallback
MIOpen(HIP): Info2 [GetSolutionsFallback] ConvDirectNaiveConvFwd Estimated WTI = 0.01
MIOpen(HIP): Info2 [GetSolutionsFallback] ConvHipImplicitGemm3DChannelLastFwdWmmaops Estimated WTI = 1
MIOpen(HIP): Info2 [GetSolutionsFallback] maxSolutionCount = 1, available = 2
MIOpen(HIP): Info2 [GetSolutionsFallback] id: 85, algo: 1, time: 1000, ws: 0, name: ConvDirectNaiveConvFwd
MIOpen(HIP): Info2 [GetSolutionsFallback] id: 185, algo: 5, time: 10, ws: 0, name: ConvHipImplicitGemm3DChannelLastFwdWmmaops
MIOpen(HIP): Info2 [ValidateUnsafe] DB file is older than cache: 534845152696299, 537696530279241
MIOpen(HIP): Info2 [FindRecordUnsafe] Looking for key 1024-3-138-102-3x3x3-1024-1-136-100-1-0x0x0-1x1x1-1x1x1-0-NDHWC-NDHWC-NDHWC-BF16-F in cache for file "/root/.config/miopen/gfx1100_48.HIP.3_5_1_41dcdea279-dirty.ufdb.txt"
MIOpen(HIP): Info2 [Measure] Db::FindRecord time: 0.030011 ms
MIOpen(HIP): Info [TryLoad] Find-db regenerating.
MIOpen(HIP): Info2 [Find] Starting find for miopenConvolutionFwdAlgoWinograd
MIOpen(HIP): Info2 [SearchForAllSolutions] ConvBinWinograd3x3U: Not applicable
MIOpen(HIP): Info2 [SearchForAllSolutions] ConvBinWinogradRxSf3x2: Not applicable
MIOpen(HIP): Info2 [SearchForAllSolutions] ConvBinWinogradRxSf2x3: Not applicable
MIOpen(HIP): Info2 [SearchForAllSolutions] ConvBinWinogradRxSf2x3g1: Not applicable
MIOpen(HIP): Info2 [SearchForAllSolutions] ConvBinWinogradRxS: Not applicable
MIOpen(HIP): Info2 [SearchForAllSolutions] ConvMPBidirectWinograd<2-3>: Not applicable
MIOpen(HIP): Info2 [SearchForAllSolutions] ConvMPBidirectWinograd<3-3>: Not applicable
MIOpen(HIP): Info2 [SearchForAllSolutions] ConvMPBidirectWinograd<4-3>: Not applicable
MIOpen(HIP): Info2 [SearchForAllSolutions] ConvMPBidirectWinograd<5-3>: Not applicable
MIOpen(HIP): Info2 [SearchForAllSolutions] ConvMPBidirectWinograd<6-3>: Not applicable
MIOpen(HIP): Info2 [SearchForAllSolutions] ConvMPBidirectWinograd_xdlops<2-3>: Skipped (non-dynamic)
MIOpen(HIP): Info2 [SearchForAllSolutions] ConvMPBidirectWinograd_xdlops<3-3>: Skipped (non-dynamic)
MIOpen(HIP): Info2 [SearchForAllSolutions] ConvMPBidirectWinograd_xdlops<4-3>: Skipped (non-dynamic)
MIOpen(HIP): Info2 [SearchForAllSolutions] ConvMPBidirectWinograd_xdlops<5-3>: Skipped (non-dynamic)
MIOpen(HIP): Info2 [SearchForAllSolutions] ConvMPBidirectWinograd_xdlops<6-3>: Skipped (non-dynamic)
MIOpen(HIP): Info2 [SearchForAllSolutions] ConvWinoFuryRxS<2-3>: Not applicable
MIOpen(HIP): Info2 [SearchForAllSolutions] ConvWinoRageRxS<2-3>: Not applicable
MIOpen(HIP): Info2 [Find] Starting find for miopenConvolutionFwdAlgoDirect
MIOpen(HIP): Info2 [SearchForAllSolutions] ConvAsm3x3U: Skipped (non-dynamic)
MIOpen(HIP): Info2 [SearchForAllSolutions] ConvAsm1x1U: Skipped (non-dynamic)
MIOpen(HIP): Info2 [SearchForAllSolutions] ConvAsm1x1UV2: Skipped (non-dynamic)
MIOpen(HIP): Info2 [SearchForAllSolutions] ConvAsm5x10u2v2f1: Skipped (non-dynamic)
MIOpen(HIP): Info2 [SearchForAllSolutions] ConvAsm7x7c3h224w224k64u2v2p3q3f1: Skipped (non-dynamic)
MIOpen(HIP): Info2 [SearchForAllSolutions] ConvAsm5x10u2v2b1: Skipped (non-dynamic)
MIOpen(HIP): Info2 [SearchForAllSolutions] ConvOclDirectFwd11x11: Skipped (non-dynamic)
MIOpen(HIP): Info2 [SearchForAllSolutions] ConvOclDirectFwdGen: Skipped (non-dynamic)
MIOpen(HIP): Info2 [SearchForAllSolutions] ConvOclDirectFwd1x1: Skipped (non-dynamic)
MIOpen(HIP): Info2 [SearchForAllSolutions] ConvOclDirectFwd: Skipped (non-dynamic)
MIOpen(HIP): Info [FindSolutionImpl] ConvDirectNaiveConvFwd (not searchable)
MIOpen(HIP): Info2 [SearchForAllSolutions] ConvDirectNaiveConvFwd: Success.
MIOpen(HIP): Info2 [SearchForAllSolutions] ConvDirectNaiveConvBwd: Not applicable
MIOpen(HIP): Info2 [SearchForAllSolutions] ConvDirectNaiveConvWrw: Not applicable
MIOpen(HIP): Info2 [Find] Starting find for miopenConvolutionFwdAlgoImplicitGEMM
MIOpen(HIP): Info2 [SearchForAllSolutions] ConvHipImplicitGemmForwardV4R5Xdlops: Skipped (non-dynamic)
MIOpen(HIP): Info2 [SearchForAllSolutions] ConvHipImplicitGemmForwardV4R4Xdlops: Skipped (non-dynamic)
MIOpen(HIP): Info2 [SearchForAllSolutions] ConvHipImplicitGemmForwardV4R4Xdlops_Padded_Gemm: Skipped (non-dynamic)
MIOpen(HIP): Info2 [SearchForAllSolutions] ConvHipImplicitGemmBwdDataV4R1Xdlops: Skipped (non-dynamic)
MIOpen(HIP): Info2 [SearchForAllSolutions] ConvHipImplicitGemmBwdDataV1R1Xdlops: Skipped (non-dynamic)
MIOpen(HIP): Info2 [SearchForAllSolutions] ConvHipImplicitGemmV4R1Fwd: Skipped (non-dynamic)
MIOpen(HIP): Info2 [SearchForAllSolutions] ConvHipImplicitGemmV4R4Fwd: Skipped (non-dynamic)
MIOpen(HIP): Info2 [SearchForAllSolutions] ConvMlirIgemmFwdXdlops: Skipped (non-dynamic)
MIOpen(HIP): Info2 [SearchForAllSolutions] ConvMlirIgemmFwd: Skipped (non-dynamic)
MIOpen(HIP): Info2 [SearchForAllSolutions] ConvMlirIgemmBwdXdlops: Skipped (non-dynamic)
MIOpen(HIP): Info2 [SearchForAllSolutions] ConvMlirIgemmBwd: Skipped (non-dynamic)
MIOpen(HIP): Info2 [SearchForAllSolutions] ConvHipImplicitGemmBwdDataV1R1: Skipped (non-dynamic)
MIOpen(HIP): Info2 [SearchForAllSolutions] ConvHipImplicitGemmBwdDataV4R1: Skipped (non-dynamic)
MIOpen(HIP): Info2 [SearchForAllSolutions] ConvAsmImplicitGemmV4R1DynamicFwd_1x1: Not applicable
MIOpen(HIP): Info2 [SearchForAllSolutions] ConvAsmImplicitGemmV4R1DynamicFwd: Not applicable
MIOpen(HIP): Info2 [SearchForAllSolutions] ConvAsmImplicitGemmV4R1DynamicBwd: Not applicable
MIOpen(HIP): Info2 [SearchForAllSolutions] ConvAsmImplicitGemmGTCDynamicFwdXdlops: Not applicable
MIOpen(HIP): Info2 [SearchForAllSolutions] ConvAsmImplicitGemmGTCDynamicBwdXdlops: Not applicable
MIOpen(HIP): Info2 [SearchForAllSolutions] ConvAsmImplicitGemmGTCDynamicFwdXdlopsNHWC: Not applicable
MIOpen(HIP): Info2 [SearchForAllSolutions] ConvAsmImplicitGemmGTCDynamicBwdXdlopsNHWC: Not applicable
MIOpen(HIP): Info2 [SearchForAllSolutions] ConvCkIgemmFwdV6r1DlopsNchw: Skipped (non-dynamic)
MIOpen(HIP): Info2 [SearchForAllSolutions] ConvHipImplicitGemmFwdXdlops: Not applicable
MIOpen(HIP): Info2 [SearchForAllSolutions] ConvHipImplicitGemmBwdXdlops: Not applicable
MIOpen(HIP): Info2 [SearchForAllSolutions] ConvHipImplicitGemmGroupFwdXdlops: Not applicable
MIOpen(HIP): Info2 [SearchForAllSolutions] ConvHipImplicitGemmGroupBwdXdlops: Not applicable
MIOpen(HIP): Info2 [SearchForAllSolutions] ConvHipImplicitGemm3DGroupFwdXdlops: Not applicable
MIOpen(HIP): Info2 [SearchForAllSolutions] ConvHipImplicitGemm3DGroupBwdXdlops: Not applicable
MIOpen(HIP): Info [FindSolutionImpl] ConvHipImplicitGemm3DChannelLastFwdWmmaops
MIOpen(HIP): Info2 [FindRecordUnsafe] Looking for key 3x1024x138x102x3x3x3x3x1024x1x0x0x0x1x1x1x1x1x1x0x1xNDHWCxBF16xF in cache for file "/root/.config/miopen/gfx1100_48.HIP.3_5_1_41dcdea279-dirty.udb.txt"
MIOpen(HIP): Info2 [FindRecord] Looking for key 1024-3-138-102-3x3x3-1024-1-136-100-1-0x0x0-1x1x1-1x1x1-0-NDHWC-NDHWC-NDHWC-BF16-F in file ""
MIOpen(HIP): Info2 [Measure] Db::Load time: 0.021922 ms
MIOpen(HIP): Info [FindSolutionImpl] Perf Db: record not found for: ConvHipImplicitGemm3DChannelLastFwdWmmaops
MIOpen(HIP): Info2 [SearchForAllSolutions] ConvHipImplicitGemm3DChannelLastFwdWmmaops: Success.
MIOpen(HIP): Info2 [SearchForAllSolutions] ConvAsmImplicitGemmGTCDynamicFwdDlopsNCHWC: Not applicable
MIOpen(HIP): Info2 [Find] Starting find for miopenConvolutionFwdAlgoGEMM
MIOpen(HIP): Info2 [SearchForAllSolutions] GemmFwd1x1_0_1: Not applicable
MIOpen(HIP): Info2 [SearchForAllSolutions] GemmFwd1x1_0_1_int8: Not applicable
MIOpen(HIP): Info2 [SearchForAllSolutions] GemmFwd1x1_0_2: Not applicable
MIOpen(HIP): Info2 [SearchForAllSolutions] GemmFwdRest: Not applicable
MIOpen(HIP): Info2 [SearchForAllSolutions] GemmBwd1x1_stride1: Not applicable
MIOpen(HIP): Info2 [SearchForAllSolutions] GemmBwd1x1_stride2: Not applicable
MIOpen(HIP): Info2 [SearchForAllSolutions] GemmBwdRest: Not applicable
MIOpen(HIP): Info2 [SearchForAllSolutions] GemmWrw1x1_stride1: Not applicable
MIOpen(HIP): Info2 [SearchForAllSolutions] GemmWrwUniversal: Not applicable
MIOpen(HIP): Info2 [Find] Starting find for miopenConvolutionFwdAlgoFFT
MIOpen(HIP): Info2 [SearchForAllSolutions] fft: Skipped (non-dynamic)
MIOpen(HIP): Info2 [SQLiteBase] Initializing system database file ""
MIOpen(HIP): Info [KernDb] database not present
MIOpen(HIP): Info2 [SQLiteBase] Initializing user database file "/root/.cache/miopen/3.5.1.0058ca1bec-dirty/gfx1100_48.ukdb"
MIOpen(HIP): Info2 [KernDb] Database created successfully
MIOpen(HIP): Info2 [LoadBinary] Loading binary for: "naive_conv.cpp.o"; args:  -DMIOPEN_USE_FP16=0 -DMIOPEN_USE_FP16x4=0 -DMIOPEN_USE_FP16x8=0 -DMIOPEN_USE_FP32=0 -DMIOPEN_USE_INT8=0 -DMIOPEN_USE_BFP16=1 -DMIOPEN_USE_INT32=0 -DMIOPEN_USE_RNE_BFLOAT16=1 -DMIOPEN_FP8_IEEE_EXPONENT_BIAS=0 -DMIOPEN_FP8_CLIPPING=1 -mcpu=gfx1100
MIOpen(HIP): Info2 [Prepare] SELECT kernel_blob, kernel_hash, uncompressed_size FROM kern_db WHERE (kernel_name = 'naive_conv.cpp.o') AND (kernel_args = ' -DMIOPEN_USE_FP16=0 -DMIOPEN_USE_FP16x4=0 -DMIOPEN_USE_FP16x8=0 -DMIOPEN_USE_FP32=0 -DMIOPEN_USE_INT8=0 -DMIOPEN_USE_BFP16=1 -DMIOPEN_USE_INT32=0 -DMIOPEN_USE_RNE_BFLOAT16=1 -DMIOPEN_FP8_IEEE_EXPONENT_BIAS=0 -DMIOPEN_FP8_CLIPPING=1 -mcpu=gfx1100');
MIOpen(HIP): Info2 [Measure] Db::FindRecord time: 9.81153 ms
MIOpen(HIP): Info2 [LoadBinary] Successfully loaded binary for: "naive_conv.cpp.o"; args:  -DMIOPEN_USE_FP16=0 -DMIOPEN_USE_FP16x4=0 -DMIOPEN_USE_FP16x8=0 -DMIOPEN_USE_FP32=0 -DMIOPEN_USE_INT8=0 -DMIOPEN_USE_BFP16=1 -DMIOPEN_USE_INT32=0 -DMIOPEN_USE_RNE_BFLOAT16=1 -DMIOPEN_FP8_IEEE_EXPONENT_BIAS=0 -DMIOPEN_FP8_CLIPPING=1 -mcpu=gfx1100
MIOpen(HIP): Info2 [PrepareInvoker] Preparing kernel: naive_conv_ab_nonpacked_fwd_ndhwc_ushort_double_ushort
MIOpen(HIP): Info2 [run] kernel_name = naive_conv_ab_nonpacked_fwd_ndhwc_ushort_double_ushort, global_work_dim = { 256, 1, 1 }, local_work_dim = { 256, 1, 1 }
MIOpen(HIP): Info2 [run] kernel_name = naive_conv_ab_nonpacked_fwd_ndhwc_ushort_double_ushort, global_work_dim = { 256, 1, 1 }, local_work_dim = { 256, 1, 1 }
